{"type":"FeatureCollection","metadata":{"source":"PDOK TOP10NL","retrieved":"2026-09-30T09:34:37.868739+00:00","sourceUrl":"https://api.pdok.nl/kadaster/brt-top10nl/ogc/v1/collections/functioneel_gebied_vlak/items","scope":"Limburg"},"features":[{"type":"Feature","id":"functioneel_gebied_vlak/129021281","properties":{"id":"functioneel_gebied_vlak/129021281","name":"Aurora","kind":"bungalowpark","source":"PDOK TOP10NL","sourceUrl":"https://api.pdok.nl/kadaster/brt-top10nl/ogc/v1/collections/functioneel_gebied_vlak/items/2ebe4923-577a-516d-a952-d6f711161dff","sourceDate":"2014-01-01"},"geometry":{"type":"Polygon","coordinates":[[[5.894228187836159,50.81347483225436],[5.8935637055772885,50.812847570251854],[5.8942065976337865,50.81258301749826],[5.894208433729728,50.81258225436322],[5.894488210127995,50.81246712638614],[5.894495165233795,50.81247648926418],[5.894499859442048,50.81248279684897],[5.894564947053317,50.812598998470875],[5.894679735417472,50.81275930604034],[5.894816609625241,50.81293465375599],[5.895011774051531,50.813149305233445],[5.895009489480687,50.81314927932739],[5.8948144992294695,50.81319181862925],[5.8947117731391465,50.81323037441334],[5.894550058802698,50.813286376225996],[5.894505061923755,50.81330657436862],[5.894423877152377,50.813361089476565],[5.894422793359817,50.813361885265316],[5.8944144870384,50.81336910392496],[5.8943498641514065,50.813425326020344],[5.894228187836159,50.81347483225436]]]}},{"type":"Feature","id":"functioneel_gebied_vlak/129019640","properties":{"id":"functioneel_gebied_vlak/129019640","name":"Gulpen","kind":"bungalowpark","source":"PDOK TOP10NL","sourceUrl":"https://api.pdok.nl/kadaster/brt-top10nl/ogc/v1/collections/functioneel_gebied_vlak/items/57cda3db-8e6f-5b62-a3ee-55a0915a8217","sourceDate":"2020-01-01"},"geometry":{"type":"Polygon","coordinates":[[[5.866697965755295,50.802591024017204],[5.8667634161925,50.802648838603886],[5.866863070567404,50.8027248844016],[5.866948481786039,50.80277192808409],[5.867019871677829,50.8028032184532],[5.867099595493297,50.80281874348886],[5.867074352188297,50.802848134397756],[5.8671324439099175,50.80286227516033],[5.867258153914686,50.80289547886839],[5.867302993725654,50.802905189182106],[5.867412003329917,50.80293928917002],[5.86751797907438,50.80297491182148],[5.867572843370154,50.80299241866642],[5.867641761098535,50.8030205098894],[5.867726875846587,50.803056596716395],[5.867729912197093,50.803058040283055],[5.867844678422431,50.80311238594761],[5.867908288718769,50.80314707901439],[5.867843634768934,50.803325347187894],[5.867910786705925,50.80341436362629],[5.867870758177077,50.80343098907431],[5.867916945687087,50.80347395484935],[5.867929975390213,50.80348266479454],[5.867933773154984,50.803485203520204],[5.868254006430821,50.803699275113004],[5.867948937729066,50.80385145076108],[5.867953778683953,50.803855154826365],[5.867979556535904,50.80387464333517],[5.867998199757623,50.80388870527394],[5.86805214768133,50.80392581158993],[5.86812778720559,50.80397682327432],[5.868146107524515,50.80399120114739],[5.868167658830373,50.80400389361167],[5.868172582815729,50.804006794497376],[5.8682052788184444,50.804024483306335],[5.868206749062696,50.80402536708398],[5.868250538019229,50.80405127048367],[5.868285295654975,50.80408173294542],[5.868297295624164,50.804092604485945],[5.868308407855664,50.804102679710226],[5.868341817323155,50.80413034322635],[5.8683594344010785,50.804145290300085],[5.868376022156258,50.80415536066963],[5.868376792976856,50.80415582488085],[5.868399415312087,50.804171928632805],[5.868432405693262,50.80418789027434],[5.868446721566877,50.80419911170093],[5.868477198264909,50.80422300306365],[5.868511084331316,50.80425009824042],[5.868594242281643,50.80432154607571],[5.868630461447576,50.804346537064404],[5.868664631328248,50.80437088938668],[5.868705120035026,50.80440268514496],[5.868738533218752,50.80443066314355],[5.868700475474105,50.804443145746994],[5.868573525283057,50.80448237264624],[5.868547380171342,50.80449045487068],[5.868520790474278,50.80449807151849],[5.86850425675035,50.80450280572321],[5.868394595784091,50.804537681595164],[5.8682442299929685,50.804584250834345],[5.86815662833531,50.80460418481757],[5.868055684330492,50.8046425297299],[5.867976287869392,50.80466305861805],[5.867838715379252,50.80469717829621],[5.86760991024403,50.80475272068132],[5.86752944548823,50.80476875025183],[5.867301099513995,50.804815265222565],[5.867139007556226,50.8048474455678],[5.866983679987207,50.8048684602745],[5.866812597113232,50.80489407965571],[5.866730717732902,50.80490642009563],[5.866653024456113,50.80491889590052],[5.8664520495434695,50.804944261379674],[5.866363151811035,50.80495283736935],[5.866230918353301,50.80496704045186],[5.866120522477843,50.80497770102116],[5.8660039244604745,50.80498807260108],[5.8659425787722785,50.80498875853752],[5.865891756501005,50.8049892210185],[5.865859958003304,50.80498564046362],[5.865727869393619,50.80497263285653],[5.865601928054805,50.80495045786967],[5.86550606292271,50.804934045866105],[5.865503917007566,50.80493366823453],[5.865430228959045,50.804906719118236],[5.865249429674956,50.804834693661576],[5.865158641730527,50.80479883524691],[5.86492695978079,50.80474059327641],[5.864857095132251,50.804718446039395],[5.864751549430931,50.80467103467046],[5.864612377107714,50.804588435775834],[5.864364531531501,50.80442036977343],[5.864305200363548,50.804383733432495],[5.864179699278481,50.80430615625303],[5.864056971694091,50.804230634934015],[5.863931489902663,50.80415071129227],[5.86374588764148,50.804046954391836],[5.8637062253273955,50.804030353774415],[5.863673468041033,50.80401075885102],[5.8636021899736885,50.803968121350245],[5.863542529330032,50.80393243880455],[5.863477494784032,50.803894207567325],[5.863334710149518,50.803810255719796],[5.863177219913603,50.80371146967132],[5.862709799609236,50.80343277066968],[5.8624871540174155,50.80331401799156],[5.862474239649159,50.803307895770814],[5.8624759557110835,50.80330647744134],[5.862701784763781,50.80311003791797],[5.863050690859911,50.80280663462239],[5.863493643934792,50.80241946983537],[5.864579689113699,50.80147017392645],[5.8645960528111205,50.80145586777028],[5.864612430682369,50.80144156155308],[5.864718288591092,50.80134904098519],[5.864980653808547,50.801119699179154],[5.864982326698996,50.80111823604663],[5.865034147943617,50.801149096276376],[5.865072889776047,50.80117292735365],[5.865109026539439,50.801197227640024],[5.865174466758279,50.80124341148603],[5.8652440434263395,50.80129456702253],[5.865311794806127,50.80134476826189],[5.865420796876322,50.801425459818724],[5.865458696752971,50.801454265136755],[5.865642248506015,50.80159505321011],[5.865918141202896,50.801830569974555],[5.866126786890988,50.802012449491606],[5.866289928114779,50.80217219799088],[5.866370797255271,50.80226446631508],[5.866408520846236,50.80231858545986],[5.866422048911299,50.802310016208565],[5.866697965755295,50.802591024017204]]]}},{"type":"Feature","id":"functioneel_gebied_vlak/129023024","properties":{"id":"functioneel_gebied_vlak/129023024","name":"Hof van Libeek","kind":"camping, kampeerterrein","source":"PDOK TOP10NL","sourceUrl":"https://api.pdok.nl/kadaster/brt-top10nl/ogc/v1/collections/functioneel_gebied_vlak/items/1912077b-c326-5972-b078-6b41d195de70","sourceDate":"2020-01-01"},"geometry":{"type":"Polygon","coordinates":[[[5.76412240860487,50.785669471323544],[5.764125710121432,50.78548756943015],[5.764127017731404,50.785415806487414],[5.764609145723868,50.78543206342159],[5.764634165963217,50.78528712777386],[5.764665487185479,50.78510558375256],[5.764706020007244,50.785078733361765],[5.764719141945013,50.78495032229165],[5.765138238636777,50.78498426030897],[5.765079583922515,50.785699162509],[5.76412240860487,50.785669471323544]]]}},{"type":"Feature","id":"functioneel_gebied_vlak/129020765","properties":{"id":"functioneel_gebied_vlak/129020765","name":"Catsop","kind":"camping, kampeerterrein","source":"PDOK TOP10NL","sourceUrl":"https://api.pdok.nl/kadaster/brt-top10nl/ogc/v1/collections/functioneel_gebied_vlak/items/3f6a2361-b2ef-51e7-96e7-f42d04eba7d0","sourceDate":"2020-01-01"},"geometry":{"type":"Polygon","coordinates":[[[5.767682503355336,50.93676911804054],[5.767780788740095,50.93650052144177],[5.767806656406716,50.936502970114155],[5.768461495752339,50.936683351787885],[5.7685359045282425,50.93645667692664],[5.768577036039332,50.936331407285884],[5.768651543923633,50.936119682193905],[5.769511194311767,50.93633733204326],[5.769813067721507,50.93641979165838],[5.76979324840806,50.93646950441824],[5.76974019477825,50.93653984020286],[5.769541025724018,50.936777596168476],[5.769348865219116,50.936935674847085],[5.7692501127134586,50.93701020401192],[5.769159431179774,50.93708933403863],[5.769103280193682,50.937135722137356],[5.768940771553613,50.93725575632057],[5.768748530176593,50.93738621650861],[5.768640841651715,50.9374521183219],[5.76846872365662,50.93753195830477],[5.7683248498863415,50.93744861094916],[5.76828529716565,50.93742569372493],[5.768216698226224,50.937385946069625],[5.768239879958567,50.93732817018876],[5.7682608319120385,50.937276028677765],[5.768271621168278,50.937249134407594],[5.768300615843339,50.937176903247696],[5.768247146369601,50.93718608109347],[5.768143475011073,50.93721210806925],[5.767541978755292,50.936982200985696],[5.767608971636668,50.936889939831985],[5.767682503355336,50.93676911804054]]]}},{"type":"Feature","id":"functioneel_gebied_vlak/131401267","properties":{"id":"functioneel_gebied_vlak/131401267","name":"Heyenrade","kind":"camping, kampeerterrein","source":"PDOK TOP10NL","sourceUrl":"https://api.pdok.nl/kadaster/brt-top10nl/ogc/v1/collections/functioneel_gebied_vlak/items/80451c0e-369c-5e90-a8a1-9651190762ca","sourceDate":"2020-01-01"},"geometry":{"type":"Polygon","coordinates":[[[5.8698879466285385,50.7757979059679],[5.8696798805696275,50.775822974025075],[5.869666917032419,50.77582512262951],[5.86948261293476,50.77476072315586],[5.86946482355414,50.77472540808266],[5.8689011713407675,50.77471855697026],[5.868898576806813,50.7747185318418],[5.868883491205799,50.7747183431041],[5.868883349448395,50.774718343695675],[5.868588869410057,50.774714763091524],[5.868319087012637,50.77470593713297],[5.86827692643132,50.774704557768644],[5.8682792019867716,50.774691577265855],[5.868317378281577,50.77447387717606],[5.8683807065640865,50.774470044601046],[5.868391332170671,50.77446940703774],[5.868962003412518,50.774487665257304],[5.8690322698833555,50.77448987988077],[5.870248501622486,50.7745067655856],[5.870238558978806,50.774258146562474],[5.870225649402331,50.77393556112505],[5.870501588137381,50.77394651419492],[5.870564064821086,50.77368932217709],[5.870704322173409,50.77311192451144],[5.8707134281114,50.77311240772649],[5.870723287115824,50.77311305857597],[5.8708281050715625,50.773120017343985],[5.87090808014929,50.77312632505324],[5.870997019406886,50.77314127843681],[5.87106133290625,50.773149206764096],[5.871147147537754,50.773174465447575],[5.8712232133835185,50.773193319887945],[5.871314542820622,50.773224038565786],[5.871382498283666,50.77325358777961],[5.871452623146315,50.773281815469545],[5.871514959944284,50.77330950949155],[5.871577400978162,50.7733335984841],[5.871582001507245,50.773331601615745],[5.871615938243385,50.77337912746518],[5.871670565427569,50.77341107855148],[5.87181788944924,50.77350960795907],[5.871958657815713,50.77358166536244],[5.872224368303897,50.77369388154235],[5.872046593348953,50.77391528400485],[5.872480076911281,50.774049354727644],[5.872645950716631,50.773852651524486],[5.872773677468788,50.773904187134555],[5.8728199261098135,50.77391426691507],[5.872876828890024,50.77393594250698],[5.8728892396502035,50.77394064542874],[5.873465886658109,50.77415909352281],[5.873493694642267,50.77417073388812],[5.873531988279558,50.77418869422839],[5.873106418422811,50.774410930840006],[5.872986700218863,50.77446790315765],[5.873023350552276,50.77458763420098],[5.873140036721925,50.77499021541854],[5.873012318129869,50.77499806101304],[5.871734099447201,50.77511907608597],[5.871665488452327,50.77474964059222],[5.871534104770592,50.77475671789777],[5.871442052458469,50.7747643851316],[5.871655831607173,50.77564791744478],[5.870979788945827,50.77570362564014],[5.8698879466285385,50.7757979059679]]]}},{"type":"Feature","id":"functioneel_gebied_vlak/129020776","properties":{"id":"functioneel_gebied_vlak/129020776","name":"De Brenkberg","kind":"bungalowpark","source":"PDOK TOP10NL","sourceUrl":"https://api.pdok.nl/kadaster/brt-top10nl/ogc/v1/collections/functioneel_gebied_vlak/items/64b205cb-5c5a-5c18-866b-b9331445ab14","sourceDate":"2020-01-01"},"geometry":{"type":"Polygon","coordinates":[[[5.9846471941579145,50.96184740386581],[5.984648233195669,50.96180447601526],[5.984671176381855,50.96136849790111],[5.9846769616719415,50.96122701662741],[5.984686100327651,50.961134616137855],[5.984698386879143,50.96101047710351],[5.9846918406516885,50.96082237943968],[5.98467128480965,50.960742941600046],[5.984719893607171,50.96025990774187],[5.984711902978794,50.96023745843239],[5.984726149256899,50.960197734269435],[5.9847734494119855,50.96006588166415],[5.98477630165008,50.960059709451855],[5.984777603339384,50.96005690714265],[5.9851053867948565,50.96000437246152],[5.985141872925865,50.9599982422348],[5.9852301395482055,50.959984383581286],[5.985551131670973,50.959933968180586],[5.985739175907259,50.95990600188889],[5.985826980230355,50.959934483513265],[5.98597253439099,50.960059999587834],[5.986157229299158,50.96024135956701],[5.986388854068725,50.96046776307244],[5.986578951032761,50.96065493729152],[5.986133173113229,50.961060268058894],[5.9860932984457325,50.96109492934095],[5.9858419633557745,50.96131267640089],[5.9855312095565605,50.96156305463386],[5.985540460921772,50.961567402448466],[5.985377007693117,50.96170543769764],[5.985256588353342,50.96180873233131],[5.984723401979854,50.962254544908916],[5.984655260277969,50.962311518373895],[5.9846543703343125,50.962312044329536],[5.984654456796167,50.96228681175272],[5.984647407199063,50.962070797460115],[5.9846471941579145,50.96184740386581]]]}},{"type":"Feature","id":"functioneel_gebied_vlak/130482498","properties":{"id":"functioneel_gebied_vlak/130482498","name":"ELZC","kind":"camping, kampeerterrein","source":"PDOK TOP10NL","sourceUrl":"https://api.pdok.nl/kadaster/brt-top10nl/ogc/v1/collections/functioneel_gebied_vlak/items/cfe62ee4-3327-5b3e-894f-eef69b3c1401","sourceDate":"2020-01-01"},"geometry":{"type":"Polygon","coordinates":[[[5.996837106451396,50.9794978400792],[5.996861240129779,50.979542912419156],[5.996779165444007,50.97956861430503],[5.99619328766635,50.97942834349621],[5.99582889463318,50.97940112469031],[5.995460795017188,50.97925855623026],[5.995295567645059,50.97918375267638],[5.995224965751894,50.97911515157699],[5.995212930168216,50.97901655339094],[5.99497284270884,50.978379229352],[5.99500662198052,50.978253869755385],[5.995678105491457,50.97850811737805],[5.9959781354001755,50.9786189170139],[5.9964894111877385,50.97880840854187],[5.996590477694521,50.97885781041995],[5.996597515926583,50.97887646147134],[5.9967271684236945,50.97922308633692],[5.996815361891227,50.97945664176674],[5.996837106451396,50.9794978400792]]]}},{"type":"Feature","id":"functioneel_gebied_vlak/129019643","properties":{"id":"functioneel_gebied_vlak/129019643","name":"Grensheuvel","kind":"camping, kampeerterrein","source":"PDOK TOP10NL","sourceUrl":"https://api.pdok.nl/kadaster/brt-top10nl/ogc/v1/collections/functioneel_gebied_vlak/items/5594af5d-953a-5d3a-afb2-471721bc371b","sourceDate":"2019-01-01"},"geometry":{"type":"Polygon","coordinates":[[[5.800078013045601,50.77095461167627],[5.800704494854804,50.77056672420596],[5.800717645161095,50.77057411094772],[5.801869536088809,50.77122331144563],[5.801918557408453,50.77122841187593],[5.801993659870146,50.77126508656356],[5.802112336934877,50.77132232408895],[5.802270678026245,50.77140663736681],[5.802512744468838,50.77154854694496],[5.802719938921616,50.771666491207846],[5.80251691582051,50.77212116223265],[5.802729231287697,50.77216001251256],[5.802764726944845,50.772166338809036],[5.802700773060003,50.77227163149541],[5.803159581891482,50.77235705519471],[5.803065441586581,50.772504309251666],[5.802939168857713,50.77267583217025],[5.802783417280879,50.77286881873961],[5.80276442778635,50.77290118428594],[5.802702906000517,50.77300590192069],[5.802700068604011,50.773010406592675],[5.802723407854598,50.77304431870627],[5.8026977590476685,50.773073903663466],[5.802619826420574,50.77315227085497],[5.802552154289248,50.773212910884524],[5.802500411638526,50.77318749655701],[5.8024493668573385,50.77316243925337],[5.8023663757629125,50.77311111431416],[5.802301245985754,50.77307083541074],[5.802112401869814,50.77293995231177],[5.802054075694215,50.77289953196416],[5.801939977608981,50.77282212476311],[5.801875946095742,50.77278092480526],[5.801864454302796,50.772773523249505],[5.801754899079347,50.772707902005834],[5.8016413366998405,50.77264117142674],[5.80146833471376,50.77254095454805],[5.80098595601606,50.77227132670609],[5.800904942153042,50.77222836231939],[5.800814170001385,50.772183176613844],[5.800742786384644,50.77215029015229],[5.800988258231147,50.77192993717058],[5.800997891358348,50.77192128227075],[5.80131269486394,50.77164390607283],[5.8009150578106885,50.77140986674449],[5.800849826824927,50.771378504398804],[5.8006201169128095,50.77126887125625],[5.800374527974294,50.77113491652546],[5.800250214932025,50.771054128424296],[5.800078013045601,50.77095461167627]]]}},{"type":"Feature","id":"functioneel_gebied_vlak/131216894","properties":{"id":"functioneel_gebied_vlak/131216894","name":"Den Driesch","kind":"camping, kampeerterrein","source":"PDOK TOP10NL","sourceUrl":"https://api.pdok.nl/kadaster/brt-top10nl/ogc/v1/collections/functioneel_gebied_vlak/items/3a7e4629-2e24-5f65-8ffe-27e0f374e988","sourceDate":"2019-01-01"},"geometry":{"type":"Polygon","coordinates":[[[5.831741967130915,50.861381783005335],[5.83172187632852,50.86139807022783],[5.831208667886966,50.86125306498999],[5.830944607051218,50.86115303236009],[5.8307717292663455,50.86110902457863],[5.8307709746537535,50.86110882972173],[5.830821055212885,50.86073963256447],[5.830851016923139,50.86059365399506],[5.830932021933234,50.860137666641236],[5.8307696072965,50.859982404754845],[5.830814581665604,50.85996559341498],[5.830817746194216,50.8599653205749],[5.831020925553845,50.8595397225949],[5.831282402482573,50.858994239314704],[5.831321406969824,50.85894739174814],[5.831754543629084,50.85904515109837],[5.831807732120587,50.85905714423485],[5.831806101522133,50.85920543196497],[5.8318409296411735,50.85929912430802],[5.831867614612606,50.85935525628837],[5.831926808799793,50.85944248159039],[5.83199770579552,50.85955780612234],[5.832154364894482,50.859702068040754],[5.832303666324803,50.85990232322363],[5.8323566992989075,50.85998523041172],[5.832382165960787,50.86002975327213],[5.8324093701727096,50.86009399114742],[5.832478450686439,50.86015012127688],[5.832612296965714,50.86023011879867],[5.8324560608550655,50.86024253298265],[5.832371961006547,50.860605470941316],[5.832315064425131,50.86072660948462],[5.832295791508143,50.860820779398885],[5.832218678711536,50.86089099936824],[5.832078837949513,50.860996669575506],[5.831741967130915,50.861381783005335]]]}},{"type":"Feature","id":"functioneel_gebied_vlak/129021282","properties":{"id":"functioneel_gebied_vlak/129021282","name":"Simpelveld","kind":"bungalowpark","source":"PDOK TOP10NL","sourceUrl":"https://api.pdok.nl/kadaster/brt-top10nl/ogc/v1/collections/functioneel_gebied_vlak/items/a4af57d0-7caa-5074-8b79-de72d951eb98","sourceDate":"2014-01-01"},"geometry":{"type":"Polygon","coordinates":[[[5.97419363403802,50.83029427769785],[5.974264851460546,50.830209779093224],[5.974365755424573,50.8300598156578],[5.974471896726408,50.82990205903767],[5.974505030171867,50.82984091838493],[5.974613052841423,50.82964016672594],[5.974661397334937,50.82954848504315],[5.974669494069511,50.82953556267243],[5.974699557998915,50.82948760643198],[5.974726658362077,50.82944435749891],[5.974791890597607,50.829340221074325],[5.974905041343831,50.82915903906559],[5.974961516812143,50.82906843054875],[5.975017963675455,50.82897782214914],[5.975045920204791,50.82893722053764],[5.97506872686577,50.82890127443969],[5.975139012051199,50.82880287405935],[5.975210577301676,50.82870470982642],[5.975217694881496,50.82869518124644],[5.975225807441562,50.828684649826606],[5.975290196595353,50.82860373596369],[5.975372863783973,50.828496912682],[5.9754828586147575,50.82835705955051],[5.975483920097485,50.82835570579983],[5.975696183540957,50.82808580059356],[5.975732254010172,50.82804047423902],[5.975768095513789,50.82799500521502],[5.975797340206861,50.8279598262088],[5.975822749739649,50.82792775893747],[5.975853454321909,50.82789131402401],[5.975879171008007,50.82786108791877],[5.975888578418552,50.82784972287005],[5.975898028171605,50.82783833962685],[5.975907463956492,50.8278269744321],[5.975916927892022,50.8278155911151],[5.975995798153006,50.827720697129045],[5.97607456977608,50.82762588449163],[5.976088422708716,50.827609193274384],[5.976101449086875,50.82759223659683],[5.976113592258428,50.82757502373681],[5.976124880835941,50.82755757252692],[5.976149342940737,50.8275191098486],[5.976173150132185,50.82748048870016],[5.9761962881059425,50.82744170016591],[5.976218756977615,50.82740275323473],[5.976234166179666,50.82737451220599],[5.976252084771469,50.82733824020796],[5.976274174574732,50.82728845447547],[5.976301506893299,50.82722569787447],[5.976326080404684,50.82716140023251],[5.976358371740547,50.82708124262502],[5.97638442953111,50.82701090579254],[5.976410558087011,50.82693609207621],[5.976419884142076,50.8269161159455],[5.976428041345646,50.826895741267755],[5.976455651582723,50.826845954325336],[5.9764789083885015,50.82680650893106],[5.976498998900272,50.826774774250104],[5.976517532560076,50.82674784762382],[5.976541792819019,50.82671477928356],[5.97656414374977,50.82668558593916],[5.976573923550964,50.82667228630184],[5.976584429965886,50.82665920768333],[5.976595677528195,50.82664637697642],[5.976607623891786,50.82663381237479],[5.97663580892314,50.82660359148905],[5.97666421481,50.82657288406446],[5.976689505227236,50.82654606677626],[5.9767183517046165,50.82651318175557],[5.976734853810582,50.8264928094399],[5.976754804643761,50.826465740711875],[5.976787703236485,50.82643901943102],[5.976789634464127,50.82643575556577],[5.976805652406301,50.82640856306578],[5.976813422431845,50.826393475861394],[5.97682008434642,50.82638053368877],[5.976832778410879,50.82635200080264],[5.9768416182875805,50.826328413543],[5.976849082168398,50.82630487824705],[5.976861932603822,50.82625739576847],[5.976873394895127,50.82621012711688],[5.976883298875212,50.826169778947595],[5.976894625508828,50.826129702178136],[5.976896738167606,50.8261228507783],[5.977090890114765,50.82616769496304],[5.978692244533405,50.82653749857857],[5.978558029664084,50.82669344317564],[5.978774471632072,50.82675417091489],[5.978750764429181,50.8267993181048],[5.979597547142727,50.826959857590495],[5.979558429057092,50.827853878522255],[5.97951032091637,50.827854286813626],[5.979344553657996,50.8278556934113],[5.978844696657183,50.82795330259154],[5.978833828529601,50.82792577100179],[5.978674152568769,50.82794965392342],[5.978647314868509,50.82789742138006],[5.97859827121367,50.827904602826266],[5.978492645589386,50.827924379635135],[5.978480952605209,50.82792674961981],[5.9784639303934455,50.82793080083773],[5.978447342300266,50.827935506029085],[5.978431230671304,50.82794084699936],[5.978415609697939,50.82794682367625],[5.978400592341238,50.82795339053723],[5.978386235024435,50.82796052032692],[5.9783778911058905,50.8279650844644],[5.9783660743492595,50.82797221923609],[5.978354973025239,50.82797980878633],[5.978344629136394,50.82798780795542],[5.978335028490947,50.827996216816324],[5.9783262698590205,50.82800498991903],[5.97831836685976,50.828014082249176],[5.978301174718619,50.828038206730795],[5.978279924375441,50.8280779928075],[5.978273022707867,50.828088814889604],[5.978265408922663,50.82809944285468],[5.978257096982125,50.82810985865343],[5.978248100848717,50.82812004423629],[5.978237187791501,50.828131273354074],[5.978225532855449,50.82814220063829],[5.9782131641949,50.8281528079669],[5.978200109964316,50.82816307721766],[5.97816931245861,50.82818541950842],[5.97816610043186,50.82821625019405],[5.978200309653429,50.82824889410176],[5.9783054323707905,50.828306497377596],[5.978230078504515,50.82836074473329],[5.978297510006135,50.82840091331682],[5.978310495659764,50.82840864036768],[5.97840906832802,50.82845785436132],[5.978415310623947,50.828528889405455],[5.978672727181153,50.82851994086065],[5.97873871909995,50.82871087993557],[5.978748829223913,50.82890815455868],[5.978647501372815,50.82891342823997],[5.978635358584287,50.82912979249376],[5.9785011857747055,50.83069079722818],[5.978648647729117,50.83072120766924],[5.978652666086393,50.83069128971892],[5.978783778233348,50.83070621470554],[5.978677274799531,50.83107489492387],[5.9783482444087905,50.831044370454066],[5.978354495632532,50.83096803092669],[5.977592032016102,50.83081138421044],[5.97758612498898,50.83080784574978],[5.977414255353072,50.83077224608451],[5.976153489995583,50.83054405480607],[5.974831175356094,50.830328927094925],[5.974759883055632,50.83034360894917],[5.97419363403802,50.83029427769785]]]}},{"type":"Feature","id":"functioneel_gebied_vlak/129019145","properties":{"id":"functioneel_gebied_vlak/129019145","name":"Hermans","kind":"camping, kampeerterrein","source":"PDOK TOP10NL","sourceUrl":"https://api.pdok.nl/kadaster/brt-top10nl/ogc/v1/collections/functioneel_gebied_vlak/items/268311d4-7754-5aa3-8bcf-76f68ed36317","sourceDate":"2020-01-01"},"geometry":{"type":"Polygon","coordinates":[[[5.975167634917412,51.20594913559688],[5.97526452063845,51.20584170125008],[5.975396321106858,51.20568630695157],[5.975539297192976,51.205545480971644],[5.975691566082278,51.205400733499054],[5.97577829624228,51.205339510769385],[5.975901317287649,51.205260665503396],[5.97592246101486,51.205247982802994],[5.9763708717033195,51.20501077416238],[5.976387397412019,51.20500397953569],[5.977347377209661,51.20563983177603],[5.97731637991965,51.20569116062687],[5.977126501747044,51.20605809683459],[5.976898772682598,51.206015896716075],[5.976871004118349,51.20606103475667],[5.976795890267888,51.20614761118808],[5.9767565755379835,51.20617271911524],[5.976735251646919,51.20617474195735],[5.976230845306609,51.20607386389758],[5.975968689020907,51.20607902184289],[5.975956006687984,51.20610183213816],[5.975167634917412,51.20594913559688]]]}},{"type":"Feature","id":"functioneel_gebied_vlak/129022995","properties":{"id":"functioneel_gebied_vlak/129022995","name":"'t Zinkviooltje","kind":"camping, kampeerterrein","source":"PDOK TOP10NL","sourceUrl":"https://api.pdok.nl/kadaster/brt-top10nl/ogc/v1/collections/functioneel_gebied_vlak/items/c051f25a-5be4-5c4a-b690-c68170416e05","sourceDate":"2023-01-01"},"geometry":{"type":"Polygon","coordinates":[[[5.9261049964465125,50.76064901760606],[5.926157252785605,50.76060385708118],[5.927307443885648,50.76110156192338],[5.9272268753944095,50.76119143209762],[5.92794878996063,50.76154565347782],[5.927634267026945,50.761826169724856],[5.927580008133952,50.76190112173695],[5.927400246443346,50.76204752079942],[5.927371900663264,50.76207061116457],[5.927350279575081,50.76208820478888],[5.927368980564333,50.762094939888414],[5.927418124000815,50.76211263386777],[5.927055459243707,50.762357400052835],[5.926670924753212,50.76253159630821],[5.926472925456522,50.762411305625854],[5.926286800707202,50.76254477961817],[5.926270499302565,50.76253598366211],[5.926161538010856,50.76247717443872],[5.92614910162793,50.762470463831704],[5.926114389066662,50.76245173395302],[5.926194781853727,50.762392218217315],[5.925670386519342,50.76210554476785],[5.925583362702057,50.76205867784735],[5.92526235162203,50.76188579816531],[5.925255563532006,50.7618821713077],[5.925194670317901,50.76184962751921],[5.925130739683228,50.76181546186676],[5.925102788699448,50.76180051766656],[5.925016753606419,50.76175081420208],[5.924950950463195,50.761712800922766],[5.924897332070938,50.76168182312173],[5.924695043824159,50.761579662059226],[5.924320664010735,50.761377175950024],[5.924235273226322,50.761329131849486],[5.924051097797666,50.761225546054135],[5.92412742052402,50.76116224161283],[5.924128347736225,50.761161536163655],[5.9242694389285155,50.76105425315197],[5.9243323728506345,50.76101584728129],[5.924402732421054,50.76098720475889],[5.924461674209957,50.760967577296356],[5.924543609263043,50.760938674071355],[5.924603723128723,50.76091746801738],[5.924674324047887,50.76089256360133],[5.924693643329003,50.76088544430988],[5.924807125531838,50.76084554437217],[5.924864320936333,50.76082811813562],[5.924944354118948,50.76080023923228],[5.925092711610297,50.760747942620085],[5.925247504672873,50.760701917064644],[5.925736124006873,50.760944677059186],[5.925889989654347,50.76081623543988],[5.926056034377665,50.76068709855276],[5.9261049964465125,50.76064901760606]]]}},{"type":"Feature","id":"functioneel_gebied_vlak/129019172","properties":{"id":"functioneel_gebied_vlak/129019172","name":"Den Tiel","kind":"camping, kampeerterrein","source":"PDOK TOP10NL","sourceUrl":"https://api.pdok.nl/kadaster/brt-top10nl/ogc/v1/collections/functioneel_gebied_vlak/items/bd2be1fd-5016-5cd0-84bc-425bfc872aca","sourceDate":"2019-07-01"},"geometry":{"type":"Polygon","coordinates":[[[5.932836460510196,51.534146553165556],[5.933108853643709,51.5341985210356],[5.933259513423245,51.53422654973809],[5.933344265081057,51.53425571744567],[5.93335072566502,51.53426538611981],[5.933361028840165,51.534280804807146],[5.9333722392508585,51.53429758217361],[5.933306865953341,51.534645385172404],[5.933174934082188,51.53466724263773],[5.93275579646037,51.535318301680796],[5.93270734746455,51.53539355737226],[5.9324115487696565,51.53533640176302],[5.931902775025445,51.535274551480704],[5.931708064578178,51.53525884444894],[5.931686514252012,51.535257106176516],[5.931697394995926,51.53522673797541],[5.931678315727586,51.53522125221755],[5.931584942690311,51.5352123842015],[5.931418830971368,51.53519661919269],[5.931496079022735,51.53495323852873],[5.931633502942084,51.534964966398725],[5.931661538642479,51.534973590742545],[5.931702095434666,51.53497949601229],[5.9317514142716075,51.53487594000947],[5.932198536339527,51.534024845771334],[5.932836460510196,51.534146553165556]]]}},{"type":"Feature","id":"functioneel_gebied_vlak/129020195","properties":{"id":"functioneel_gebied_vlak/129020195","name":"Hoeve Helberg","kind":"camping, kampeerterrein","source":"PDOK TOP10NL","sourceUrl":"https://api.pdok.nl/kadaster/brt-top10nl/ogc/v1/collections/functioneel_gebied_vlak/items/d929d155-1398-594a-b641-929b8ea269e0","sourceDate":"2023-01-01"},"geometry":{"type":"Polygon","coordinates":[[[5.9064492264961945,50.759323842511414],[5.906126445309643,50.759358279982],[5.906056929664783,50.75937857034922],[5.905983105923208,50.75941600450078],[5.905897953286204,50.75944635398978],[5.9057990645951515,50.75945536024794],[5.90565298113,50.759468859372774],[5.905536063343184,50.75947509239448],[5.9054215693962,50.75949701132733],[5.905386933294202,50.759417255267635],[5.905343792178793,50.75938177356097],[5.905281299827248,50.759338279668356],[5.905197813606602,50.759417139447216],[5.905109259825613,50.759545966055896],[5.905008343813321,50.75957495861849],[5.904586851577359,50.75960538838123],[5.904049038241589,50.75979687462437],[5.903947473952505,50.759262206263486],[5.904845785999532,50.75919948151167],[5.904840069944708,50.75913927235725],[5.904819670485247,50.7590922669213],[5.9047846680252825,50.75904676013144],[5.904705620666499,50.75895198137304],[5.904694635239749,50.75890826972582],[5.904704603252104,50.758860658456946],[5.904726898028998,50.7588424834623],[5.904751971109541,50.758834547313775],[5.904893077727323,50.75882573465127],[5.905071755037583,50.75881456896039],[5.905148434925688,50.75881565416567],[5.9052681888595675,50.7588173550152],[5.905300904929818,50.75881555421884],[5.905596863445114,50.7588118344417],[5.905612988593923,50.758811654157995],[5.905689335260821,50.75881081687052],[5.9058241152139095,50.75880274161177],[5.905951993752695,50.75878706561266],[5.906320828453812,50.7587382875642],[5.906397519313919,50.75873529091823],[5.9065017477437625,50.75874518630592],[5.90657421923007,50.75876026727537],[5.9065973016016535,50.75876507137173],[5.906676175647588,50.758791287714246],[5.906732646962931,50.75881264294581],[5.906889024593112,50.758878079549106],[5.907014434340754,50.7589381361972],[5.907036493791927,50.75894903031494],[5.90702291352785,50.758949945418124],[5.907138240909003,50.75899926961288],[5.907532571610606,50.75917450272999],[5.907677530961993,50.75924712638397],[5.907506830605198,50.75927215478321],[5.907311224306446,50.75928302523076],[5.907131428360507,50.75929953210406],[5.906773472429029,50.759304628717764],[5.9064492264961945,50.759323842511414]]]}},{"type":"Feature","id":"functioneel_gebied_vlak/129019057","properties":{"id":"functioneel_gebied_vlak/129019057","name":"Schaapskooi Mergelland","kind":"camping, kampeerterrein","source":"PDOK TOP10NL","sourceUrl":"https://api.pdok.nl/kadaster/brt-top10nl/ogc/v1/collections/functioneel_gebied_vlak/items/0a979608-7125-5549-8baf-1e540268998b","sourceDate":"2023-01-01"},"geometry":{"type":"Polygon","coordinates":[[[5.889824346285629,50.77162002153288],[5.8900435374595705,50.770902634434286],[5.890981400483181,50.771051528284595],[5.891477178056661,50.771149583315854],[5.891657862574401,50.77118673610694],[5.891882091995435,50.771232848970946],[5.891958241311712,50.77124977475693],[5.891665346274509,50.771665633342636],[5.891658495819528,50.77168225683607],[5.891654780828141,50.77169129795188],[5.891602838084068,50.771715732107715],[5.89146982887694,50.771778300855274],[5.891263134596567,50.77187477385445],[5.891226111602892,50.77194692781813],[5.891174595617456,50.77204731633778],[5.891140738520605,50.77211601369399],[5.891120880668988,50.77215409657121],[5.891146420874127,50.772158937973046],[5.891133325782196,50.77218666305325],[5.891156138767175,50.77219099500092],[5.891118723402522,50.772260993301565],[5.890986509332617,50.77223763288215],[5.890952618635667,50.772311112438416],[5.89083688979296,50.77229289348263],[5.8907961363705,50.77228649138672],[5.890720337920077,50.772274588111706],[5.890672723378425,50.77238063140174],[5.890545955292652,50.77236274794721],[5.890438609672468,50.77265901454085],[5.890431046869841,50.77265835536327],[5.890252229797845,50.77265793923651],[5.890189727412161,50.77265778911745],[5.890180242062558,50.77265762370258],[5.890207137264052,50.772603006655004],[5.8903217765110725,50.77237010738036],[5.8903352157464095,50.77234269550483],[5.890374929195896,50.77225735907649],[5.890388541417093,50.77222702953451],[5.890411861649453,50.77217506852008],[5.890230030484053,50.7721473211886],[5.890337179366641,50.77179010568297],[5.889880682967948,50.77173111136013],[5.889824346285629,50.77162002153288]]]}},{"type":"Feature","id":"functioneel_gebied_vlak/129022996","properties":{"id":"functioneel_gebied_vlak/129022996","name":"Klein Kullen","kind":"camping, kampeerterrein","source":"PDOK TOP10NL","sourceUrl":"https://api.pdok.nl/kadaster/brt-top10nl/ogc/v1/collections/functioneel_gebied_vlak/items/969f9b10-5a26-5566-9f17-d1cf66fbd375","sourceDate":"2023-01-01"},"geometry":{"type":"Polygon","coordinates":[[[5.910406087129304,50.75705653248624],[5.910383397095424,50.75703493606041],[5.911076193231393,50.756804284258315],[5.911047502975633,50.75676458452988],[5.910967614924763,50.75672375978448],[5.910997801003419,50.75667870514957],[5.911042090405147,50.756612588374296],[5.9111632004423615,50.75644603121675],[5.911184003901288,50.756429765707125],[5.9111951422795554,50.756419728449174],[5.911441010803546,50.75634488491674],[5.911469865869654,50.75631002964496],[5.91164648900777,50.75622207968468],[5.911724001929544,50.75622074769906],[5.911738635359217,50.75616760159491],[5.911777870626419,50.7561560073619],[5.911820534660618,50.75614938638648],[5.911893708109004,50.75615405164473],[5.91190384160478,50.7561554348221],[5.9119137871341465,50.7561828328053],[5.911974660880357,50.75635061304399],[5.912039283207143,50.7563622295694],[5.912037354520767,50.75637464305696],[5.912138682821217,50.75686312596668],[5.912139012441471,50.7568647065188],[5.911254338301035,50.75686860040338],[5.911265204255604,50.7572338610379],[5.911193524952211,50.757261297040934],[5.911205967648149,50.757566621355856],[5.911207206962405,50.757676487378745],[5.911005480061645,50.757743049066214],[5.9108670875359826,50.75758454263504],[5.910599509092469,50.75758649554167],[5.910596337660927,50.757274439122064],[5.910406087129304,50.75705653248624]]]}},{"type":"Feature","id":"functioneel_gebied_vlak/129020201","properties":{"id":"functioneel_gebied_vlak/129020201","name":"Vandenbooren","kind":"camping, kampeerterrein","source":"PDOK TOP10NL","sourceUrl":"https://api.pdok.nl/kadaster/brt-top10nl/ogc/v1/collections/functioneel_gebied_vlak/items/e6878473-b482-512e-8f26-eb4035d2cd3b","sourceDate":"2023-01-01"},"geometry":{"type":"Polygon","coordinates":[[[5.952980228287481,50.78912049240572],[5.953476256401885,50.788947892218],[5.953604812003329,50.78908460008153],[5.953468070456022,50.78913236145231],[5.953825860788257,50.789488783226034],[5.954399367527912,50.78925907585289],[5.95445642903389,50.78932301043141],[5.954617700581854,50.78928186628416],[5.9546381104439225,50.789319212858516],[5.954648175371554,50.78938389284523],[5.954648580134806,50.78943904705996],[5.9548445224872495,50.78954961013147],[5.954885296160896,50.78957656535289],[5.954945656133573,50.78961646725097],[5.955322921310659,50.78992195337963],[5.955398261760628,50.78997843788365],[5.955426543181058,50.78999964750921],[5.955365807010861,50.79000323625755],[5.955317230769717,50.79002012274411],[5.9552369665080285,50.79005262605687],[5.955147532993901,50.7901030084822],[5.955093865270348,50.790163920828405],[5.954944653460305,50.79023481315444],[5.954967506643371,50.79026324073647],[5.9549563634626255,50.79027161928235],[5.954190767470844,50.79056554351051],[5.953888603701512,50.79025041762007],[5.953817198940044,50.79026065578689],[5.953739805968322,50.79027175026622],[5.953660421179911,50.790276508263105],[5.953614588584936,50.7902277702241],[5.953369457093609,50.78998623448788],[5.953480859290494,50.78989055828218],[5.9535379255646435,50.78984885739223],[5.952911392972474,50.789135481573695],[5.952980228287481,50.78912049240572]]]}},{"type":"Feature","id":"functioneel_gebied_vlak/129022986","properties":{"id":"functioneel_gebied_vlak/129022986","name":"Hoeve De Gastmolen","kind":"camping, kampeerterrein","source":"PDOK TOP10NL","sourceUrl":"https://api.pdok.nl/kadaster/brt-top10nl/ogc/v1/collections/functioneel_gebied_vlak/items/9faf8110-098e-583b-82c8-9b8031875917","sourceDate":"2018-01-01"},"geometry":{"type":"Polygon","coordinates":[[[6.008124931309021,50.78122891902331],[6.0080999516466935,50.78123761081096],[6.008095336773566,50.781239217678234],[6.008092651607208,50.781241991730795],[6.008067772544029,50.781257146053974],[6.008026581451563,50.781274976869604],[6.007989053502978,50.78128894968585],[6.0079416779619,50.78130658898182],[6.007917052936849,50.78132378240774],[6.0078820759704525,50.78135676218258],[6.007859661472361,50.78140249274829],[6.00785935773888,50.78140310563149],[6.007835008381984,50.781423956077106],[6.007792132822665,50.78145049719987],[6.007726670108481,50.78148441375663],[6.007660286246182,50.78151200697527],[6.00762182228542,50.78152174189578],[6.007574422252173,50.781528028077936],[6.007511101176414,50.781532305302086],[6.007431133563533,50.78152166026047],[6.007304381902733,50.781574027436186],[6.007202661080355,50.78161621942724],[6.007198796542414,50.781621993121895],[6.007187674876977,50.78163855659705],[6.007149773055552,50.78165430197588],[6.007095180869427,50.781602998152735],[6.007093150700321,50.78160386300121],[6.007091585750706,50.781604527595384],[6.006852551625052,50.78170671146954],[6.006800821563685,50.78171472846794],[6.006706295431354,50.78170962631609],[6.006261141861209,50.781680821003086],[6.006253655552328,50.781678694776566],[6.006200041519001,50.78166345810109],[6.006117397104715,50.78162006163323],[6.006092187955365,50.78160520306572],[6.0060518355112205,50.78157966580245],[6.0060448863369,50.781576350138565],[6.0059074080775865,50.78148147069795],[6.005816738884115,50.7814188985435],[6.00581703433642,50.78141872617052],[6.005578893423722,50.78126665810019],[6.005339855813264,50.78111527750798],[6.005302610815543,50.78109304928378],[6.005271750248875,50.781073258858825],[6.00522709965799,50.78104217113758],[6.005192464604685,50.78101575802472],[6.005162918322176,50.78099137615664],[6.005140822981389,50.78097179948679],[6.00515032045565,50.78096844972194],[6.006236633596083,50.780585104845095],[6.006359123957677,50.780541831565955],[6.007059473277421,50.780294375077474],[6.0074791734971775,50.780155756382214],[6.007754789768529,50.780448298011265],[6.007755990319684,50.78044808650041],[6.008337080520735,50.7803502103979],[6.008671135856199,50.780260366482494],[6.0089310525894515,50.78018959977996],[6.009292397600051,50.78009122044428],[6.009696684345949,50.77989751403841],[6.009784890837895,50.779969750602376],[6.010480499758704,50.77972180441153],[6.011453917467725,50.77937686517221],[6.011590858722564,50.77951787411951],[6.01163493338918,50.77955949479376],[6.011773786270505,50.779730936102936],[6.0120463271914035,50.780024376380126],[6.011959508632389,50.7800400677134],[6.011366807466318,50.78004041786345],[6.010866175235426,50.78008837025721],[6.010566469782472,50.780117341512636],[6.010567070708494,50.780116691062425],[6.009912616996902,50.78038587262139],[6.00971170187661,50.78048242761386],[6.009688170921184,50.7804912557645],[6.009518149360871,50.7805550228852],[6.0095155977367405,50.78055611531061],[6.009342241760777,50.78063030938478],[6.009325215334982,50.780641017083084],[6.009323795354643,50.780641914640704],[6.009322605917124,50.78066318899747],[6.009387588096403,50.78078929612055],[6.009231376707732,50.78084368482259],[6.0091999904514335,50.78085461365111],[6.008910979204883,50.78095523716225],[6.008785518188945,50.780998924654895],[6.008695933837161,50.78103011418755],[6.008546335787718,50.78101331852145],[6.008449863235512,50.78101067496246],[6.0083601818196986,50.78101853608054],[6.0082707683212675,50.78104642484239],[6.008216198756294,50.78106885529744],[6.008188343220027,50.781099575476894],[6.008170562820628,50.78113761976424],[6.008161080717816,50.78117456604351],[6.008149822607491,50.781203088511525],[6.008135120669956,50.78122536753539],[6.008124931309021,50.78122891902331]]]}},{"type":"Feature","id":"functioneel_gebied_vlak/129019802","properties":{"id":"functioneel_gebied_vlak/129019802","name":"Resort Arcen","kind":"bungalowpark","source":"PDOK TOP10NL","sourceUrl":"https://api.pdok.nl/kadaster/brt-top10nl/ogc/v1/collections/functioneel_gebied_vlak/items/dae1b851-6529-533e-9858-272b7bbc004f","sourceDate":"2024-01-01"},"geometry":{"type":"Polygon","coordinates":[[[6.213338615409372,51.48003013234233],[6.213496320497639,51.47977928843659],[6.214197265005887,51.478689030616],[6.214199834831329,51.47868503306739],[6.214416918676388,51.47836903974844],[6.214511999815451,51.47823519304166],[6.2146250322234655,51.47807605864002],[6.214799639777523,51.47809065029645],[6.215139829832521,51.47811906986046],[6.215415402046952,51.478142095144655],[6.215494437352285,51.47826018069287],[6.215585459306271,51.478396168194685],[6.215680684810691,51.47853845407729],[6.215776250969234,51.47868123186302],[6.215860955962811,51.47880778954508],[6.215952143193658,51.47894403627601],[6.216032883406548,51.47906468022887],[6.216114792764654,51.47918705070978],[6.216195770203938,51.479308025462366],[6.216203968437406,51.47932026424775],[6.216214474842846,51.479335929442705],[6.216240862131061,51.47941018930473],[6.216243925754357,51.47941794306935],[6.216247004427659,51.4794257326832],[6.216255578952771,51.47944756010684],[6.216311431913318,51.47958961278993],[6.216347299682698,51.479680884470255],[6.216408452050856,51.47983642797669],[6.216473923699857,51.48000303324731],[6.216524057417217,51.48013057319813],[6.216581105238495,51.48027569151841],[6.216677403805157,51.480520668858006],[6.216259551573085,51.48047143841496],[6.216008759810584,51.48062412777562],[6.215393516833513,51.4806671570888],[6.215181375277821,51.480893433375186],[6.215040133791024,51.480927461043116],[6.214580681051886,51.48089283919569],[6.214577748022805,51.4809049232877],[6.214561548887385,51.480975197626236],[6.214546243851236,51.4810416003341],[6.214534408063781,51.48109294876274],[6.214518222536899,51.48116318704097],[6.214564101925959,51.481167050711356],[6.214859304953392,51.48119192481431],[6.214872094116956,51.481193002696344],[6.215442445192509,51.48124106614603],[6.215384442224183,51.48151708190962],[6.2152887726824275,51.48150888854125],[6.21526867390435,51.481657521196496],[6.215252022996482,51.481780447679746],[6.215233062963049,51.481920469728855],[6.21521595761384,51.4820469141448],[6.215203053336127,51.482142361490475],[6.215191253486601,51.48222730179336],[6.215172642984558,51.48236360887097],[6.215155274273099,51.48249063043976],[6.215136791316629,51.48262604668787],[6.215123579347498,51.48272279961348],[6.215107268254997,51.482842289837464],[6.215087678867652,51.48298575012784],[6.215064939865544,51.48315234358791],[6.21504934154014,51.48326671397652],[6.215060398025539,51.48330466820384],[6.214748770235679,51.483310752410794],[6.214756160711308,51.48343765228782],[6.214763937706068,51.48357155188862],[6.214771833656219,51.4837072394643],[6.214774775858092,51.48375817749586],[6.214779696599172,51.483844275629146],[6.214790924979413,51.48398349024567],[6.214802264338348,51.48415966702309],[6.214803240683117,51.48416980873111],[6.214803756580214,51.48417521647771],[6.214482964807558,51.48418360319343],[6.214459056194559,51.48388144413712],[6.2144144174690785,51.483317275508035],[6.214245096659153,51.48332057885964],[6.214082223385362,51.48332375538657],[6.214041209753098,51.48332473809753],[6.213969874985391,51.48332645694387],[6.213783428595777,51.483330141616335],[6.213721356784064,51.48333138121449],[6.213623895256898,51.48333331182817],[6.2134722627193195,51.483336309032396],[6.213316802188228,51.483339396057296],[6.213158520671104,51.48334252980515],[6.213008845812077,51.483345512553306],[6.212840677049884,51.48334884167146],[6.212682006630733,51.48335196853478],[6.2126855000090835,51.48340326227152],[6.212690969832442,51.48348334292167],[6.212700027896474,51.48361597510195],[6.212705345020367,51.48375190575057],[6.212705366591575,51.48375230111584],[6.212705594948234,51.48375536476422],[6.2127238978697195,51.484004726180274],[6.212740495424061,51.48423071016477],[6.212488637351864,51.4842375161385],[6.2121115122062625,51.48424771490633],[6.212027012703059,51.4842500020179],[6.211870547392996,51.48425422681945],[6.211602787924476,51.484261466835264],[6.211436806151673,51.484265704336664],[6.2112033034340115,51.48427166777836],[6.2102497351347425,51.48429602333327],[6.210228552142362,51.48429656822233],[6.209992375273414,51.48430275484412],[6.209872284739194,51.484308985778284],[6.2093857517972655,51.484334239395],[6.209409184020259,51.48430360149136],[6.209411538398602,51.48429924320055],[6.209448737951658,51.48423056557299],[6.209484014179189,51.484165407207726],[6.209574950690499,51.48400470769518],[6.20957810396604,51.483999148229685],[6.20961307529157,51.483956167930245],[6.209717690334801,51.48381230726765],[6.209722733458231,51.48380536814621],[6.209837200585883,51.48366816174369],[6.209940337389478,51.483544536629715],[6.210033637595996,51.48343269348624],[6.210057635519396,51.483403930167135],[6.210119534089779,51.48332863303984],[6.210124070164382,51.48332311774348],[6.210202615003878,51.483236080374304],[6.210262910074496,51.4831692621503],[6.210281253556724,51.483149464774144],[6.210354882047334,51.4830700307402],[6.210396468953537,51.48302515179626],[6.210448450167364,51.48297230714447],[6.2105379507620615,51.48288134495565],[6.210549587556057,51.482869640037265],[6.210635611079902,51.48278306198394],[6.210682199902721,51.48273617005664],[6.210712000419323,51.48270669147956],[6.210713838252128,51.48270482676994],[6.210715972847685,51.482702654338965],[6.210802352590185,51.482613520757475],[6.210845909953232,51.482571764918404],[6.210986148451034,51.48243577776646],[6.210991231427064,51.48243105859974],[6.211035803570499,51.482389709020936],[6.2110564641220485,51.48236831309217],[6.211058329577502,51.48236638525863],[6.211102592917712,51.48232150513997],[6.211133123681187,51.482291041491294],[6.211270610196307,51.48214230897398],[6.211417920782599,51.4819947294227],[6.211563357538952,51.481846281988076],[6.211713243861498,51.48169635569652],[6.2118585850977786,51.48155068617028],[6.212004129638077,51.48140834096591],[6.212049217201638,51.4813629692427],[6.212217823318653,51.481203147880265],[6.212294389669675,51.481143180058005],[6.212416424565271,51.481046988467575],[6.212462356230687,51.48100136790735],[6.2125178616345975,51.480946241133175],[6.212612771377713,51.48084281619012],[6.2126980992217495,51.480752439119335],[6.212714620658858,51.48073468575823],[6.212782578199905,51.48066052187286],[6.21291785070357,51.480506966901096],[6.212977223225119,51.48043574012959],[6.2129818895809725,51.48042097912546],[6.213257026525789,51.48006781212599],[6.213282162282175,51.48006763421706],[6.2133071685065175,51.480060322164945],[6.213338615409372,51.48003013234233]]]}},{"type":"Feature","id":"functioneel_gebied_vlak/131597435","properties":{"id":"functioneel_gebied_vlak/131597435","name":"Rozenhof","kind":"camping, kampeerterrein","source":"PDOK TOP10NL","sourceUrl":"https://api.pdok.nl/kadaster/brt-top10nl/ogc/v1/collections/functioneel_gebied_vlak/items/a67d3da9-b73e-5f04-a253-09bb0e17a4ea","sourceDate":"2020-01-01"},"geometry":{"type":"Polygon","coordinates":[[[5.930182113819034,50.770639712213004],[5.930150820137647,50.77064135154384],[5.930041870481401,50.77064501896106],[5.9299442706778125,50.77064830932027],[5.9298431561928275,50.770668650149645],[5.929742271569087,50.77070867558],[5.929646247543956,50.77074130715804],[5.929544340625312,50.77076543579021],[5.9293431329331785,50.77083297080293],[5.929266675169936,50.77085267398614],[5.929236613008679,50.77086511198775],[5.929194505928326,50.77088761121092],[5.929089441349575,50.77093394794609],[5.929077552706924,50.7709391813712],[5.9288366147042595,50.77104962637097],[5.928738538592795,50.771080226330156],[5.928623456164288,50.77110874861195],[5.928565776857768,50.771111167434505],[5.92851982692972,50.77109954445187],[5.928474623012413,50.77107651998328],[5.928445603072173,50.77102880792455],[5.928422149216318,50.77098554625678],[5.928398835508661,50.770944576106054],[5.92835375912025,50.770876516426355],[5.928307686048636,50.770808065887564],[5.928146817052482,50.7705224951616],[5.928108204377103,50.77045800966734],[5.927975331363573,50.770239221180155],[5.927854236580946,50.770011703068185],[5.928028642485143,50.77002366849551],[5.928259212383668,50.770032224344845],[5.928487969248974,50.77003602409842],[5.929155750297404,50.770050581649016],[5.929162952975996,50.77005073660661],[5.929184617813517,50.770051210199085],[5.92923893582514,50.77005239343037],[5.929512477097943,50.77006516758539],[5.929724206632126,50.77007716187821],[5.93009728679613,50.77008890057135],[5.930128392922073,50.770089437458694],[5.9302346483327035,50.77009064564351],[5.930393755253991,50.77008399145913],[5.9305830658965855,50.77005890242302],[5.930694401425523,50.770037568990325],[5.930695405687158,50.770037384484134],[5.930674032878238,50.77019754208994],[5.9306196966557625,50.77042621570696],[5.930380906359722,50.77047008177064],[5.930350183868274,50.770626004569245],[5.930346734810167,50.7706438009107],[5.9302055697299485,50.77063937717595],[5.930182113819034,50.770639712213004]]]}},{"type":"Feature","id":"functioneel_gebied_vlak/129020207","properties":{"id":"functioneel_gebied_vlak/129020207","name":"De Krekelberg","kind":"camping, kampeerterrein","source":"PDOK TOP10NL","sourceUrl":"https://api.pdok.nl/kadaster/brt-top10nl/ogc/v1/collections/functioneel_gebied_vlak/items/cbfd0cb5-fbf7-554f-95c0-d1ef9d24f371","sourceDate":"2015-01-01"},"geometry":{"type":"Polygon","coordinates":[[[5.919708226035221,50.8405671400829],[5.919131380565361,50.84036075054161],[5.919592338057451,50.83966450780209],[5.919634082345561,50.839687390112616],[5.919710965272777,50.83971545889376],[5.920002896997677,50.83976974571946],[5.920130236594469,50.83982891706484],[5.920345335413814,50.839833515830385],[5.920551180594163,50.83982227341012],[5.920598664133401,50.83983187015459],[5.920621186822925,50.83984484511824],[5.9202090234687095,50.84015715426866],[5.919708226035221,50.8405671400829]]]}},{"type":"Feature","id":"functioneel_gebied_vlak/129019065","properties":{"id":"functioneel_gebied_vlak/129019065","name":"Op Gen Beukelskoel","kind":"camping, kampeerterrein","source":"PDOK TOP10NL","sourceUrl":"https://api.pdok.nl/kadaster/brt-top10nl/ogc/v1/collections/functioneel_gebied_vlak/items/e1874199-bf94-57d7-a4fe-f704a557a9f3","sourceDate":"2018-01-01"},"geometry":{"type":"Polygon","coordinates":[[[5.899597449921929,50.865453105081166],[5.899088187190812,50.865365590488416],[5.899260872530561,50.86507439118984],[5.8990213698737355,50.86503892172358],[5.899202570579028,50.864796000503176],[5.899346636630446,50.86460284484176],[5.899594452510363,50.86438199227902],[5.900370326681649,50.86376939248083],[5.900807607503356,50.863985305912166],[5.901314030738408,50.86421862728051],[5.901311329779558,50.864220985423145],[5.901133624741969,50.86437578423774],[5.900704047252776,50.864722080134],[5.900669667754248,50.86475486292521],[5.900584821517055,50.864856860370715],[5.900519146385162,50.86494504191035],[5.9004871095231985,50.8650384150917],[5.90049255065142,50.865148597424145],[5.900552214507214,50.865216025463795],[5.900217893959994,50.86516233292381],[5.900177144054804,50.86523447342722],[5.900113230933586,50.86538890913116],[5.900097760954657,50.86542981472484],[5.900130796012327,50.86544358298269],[5.900100409128537,50.86555225976069],[5.900024611943151,50.865542951092685],[5.89986060775432,50.865522177392826],[5.899862146105641,50.86551614795344],[5.899866343170827,50.865502645866954],[5.8997974792444206,50.86548962080259],[5.899707250204129,50.86547255555614],[5.899597449921929,50.865453105081166]]]}},{"type":"Feature","id":"functioneel_gebied_vlak/129019063","properties":{"id":"functioneel_gebied_vlak/129019063","name":"Berghemmerhof","kind":"camping, kampeerterrein","source":"PDOK TOP10NL","sourceUrl":"https://api.pdok.nl/kadaster/brt-top10nl/ogc/v1/collections/functioneel_gebied_vlak/items/67a73ee5-6041-55a5-8bc9-a387935c1467","sourceDate":"2018-01-01"},"geometry":{"type":"Polygon","coordinates":[[[5.8927229980924425,50.80483192802005],[5.892886517899565,50.80473191106285],[5.8932846633674965,50.80449850794084],[5.893382338958877,50.80444124714854],[5.894344063180946,50.80480913319563],[5.894203609603386,50.80488579485181],[5.8936445069051935,50.80507019128101],[5.893463725126557,50.805155880810176],[5.893424201569773,50.80517461460175],[5.893430125087464,50.80517893365217],[5.8934582519398715,50.805199438225394],[5.893396624545202,50.80524257839325],[5.893377177220588,50.80525619145321],[5.893628474624694,50.80541916544361],[5.894060437026218,50.80569930251864],[5.893809451699481,50.80590510028631],[5.893760606881688,50.80594514460609],[5.893757110627503,50.80604854169263],[5.893271345566203,50.80635470501771],[5.893197814581783,50.80629440596646],[5.893189297683132,50.80628741395048],[5.893111840596058,50.806226107314835],[5.89302996116709,50.80616772343138],[5.892971762058514,50.80612400456241],[5.892968778580169,50.806118390560435],[5.89291112617211,50.80607536141376],[5.892871165762329,50.80604554038755],[5.892780334153432,50.80598050777373],[5.892688263505024,50.80591630749618],[5.892665706953195,50.80590058573974],[5.892625927558935,50.80587433244351],[5.892568858949717,50.80583665797569],[5.892552098464819,50.805825594058064],[5.892483029585734,50.805777571882466],[5.892478955792639,50.80577474022127],[5.8924305851878005,50.80574244794135],[5.892409072640365,50.805731395811975],[5.892381872736447,50.805713932490065],[5.892297347404899,50.80565470571838],[5.892171275959191,50.80556714772833],[5.892051757350831,50.805476846284925],[5.891951986878016,50.80539577989723],[5.891887573476972,50.80533482889939],[5.891887057538066,50.8053343457526],[5.8920704472624665,50.8052244810935],[5.892278169364299,50.80510202405423],[5.89231363508163,50.80508131118122],[5.89236353980004,50.80505129448756],[5.892396483452998,50.80503086229385],[5.892462384661021,50.80498997983968],[5.8927229980924425,50.80483192802005]]]}},{"type":"Feature","id":"functioneel_gebied_vlak/129019084","properties":{"id":"functioneel_gebied_vlak/129019084","name":"Kasteeldomein De Cauberg","kind":"bungalowpark","source":"PDOK TOP10NL","sourceUrl":"https://api.pdok.nl/kadaster/brt-top10nl/ogc/v1/collections/functioneel_gebied_vlak/items/d37cc49c-630d-57c5-b6a8-149426944249","sourceDate":"2015-01-01"},"geometry":{"type":"Polygon","coordinates":[[[5.823941722342123,50.85438367991497],[5.824058575127988,50.85448258335042],[5.824094044225835,50.85451525869184],[5.824109529777666,50.854529528429026],[5.824268582536399,50.85467301879837],[5.824271203062995,50.85467532801914],[5.824302892757332,50.85470324448725],[5.82431007935765,50.854722921004345],[5.824248845316095,50.85487799616844],[5.824327352065184,50.854857383903024],[5.824286106565238,50.85493501567517],[5.824209071221425,50.855080047096145],[5.824138830417655,50.855212261498934],[5.824091249556896,50.855301827513564],[5.8240712683401865,50.855339440908686],[5.824085176928829,50.85548465834735],[5.824101920108646,50.855659393687844],[5.82411130692906,50.85575728355074],[5.824115039617962,50.855796209462596],[5.824118300019312,50.85583022920684],[5.824148144823024,50.85591392900862],[5.824161579381884,50.8559516046871],[5.824228941776736,50.85614047673077],[5.824263644449182,50.856237794317344],[5.824212527244419,50.85637259707554],[5.8241559639161835,50.856521748780736],[5.824122336954565,50.85656562519027],[5.823975917785243,50.856756654738355],[5.823936358808164,50.8567407412044],[5.823897932732335,50.85679229427359],[5.823858049652413,50.856832409934746],[5.82382551117054,50.85686676286336],[5.8242481548028575,50.85706032202621],[5.82429210101131,50.85708511788178],[5.8250600902199,50.85751928493714],[5.8251041108451345,50.857553365769],[5.82509866200938,50.85759593104561],[5.82492680444951,50.85774897220902],[5.824893886725615,50.85771609867068],[5.824844225991544,50.85773743791767],[5.82483208993568,50.857756162926115],[5.824816796974164,50.85777294930396],[5.824782229939445,50.857804532613976],[5.824743845206848,50.85783488991249],[5.824702650257802,50.857793238543344],[5.824664787826935,50.85780822276582],[5.824682803267052,50.85783911236294],[5.824678492755959,50.85785036486204],[5.824669627088284,50.857858991879226],[5.824614227279092,50.857883202268],[5.824558110678168,50.85790520406921],[5.824539944235916,50.857906459437835],[5.8245214388789615,50.85790190024999],[5.824505963490413,50.85789034518197],[5.824492974215585,50.8578773694315],[5.824457700303552,50.85789126510803],[5.824459747659414,50.85792010282814],[5.8243985211509095,50.85794391270518],[5.824387586327849,50.85796052970723],[5.824369692048596,50.85797558202534],[5.82430888506304,50.85800322853887],[5.8242516011199,50.85802797623468],[5.824229223353234,50.85803596222993],[5.824212020927006,50.8580400543988],[5.824195569856037,50.858042498746535],[5.824074556303756,50.858084701403406],[5.8239612512687575,50.858108519372145],[5.823934414211058,50.85811351089152],[5.823907440863751,50.85811760402733],[5.823892713357768,50.858116077693204],[5.823884934825301,50.85811199019061],[5.8238815684773915,50.8581059084316],[5.823882630577291,50.85809955822927],[5.8238864917267055,50.85809485140102],[5.823891771938443,50.85809153248818],[5.823931476512594,50.858079076428275],[5.823905819439506,50.858046525706904],[5.82372568953269,50.85810144624827],[5.823605461128978,50.858138108263084],[5.823551496823728,50.85810522402301],[5.823578447978062,50.85816512324249],[5.823434284793508,50.85826468120937],[5.823300436007696,50.85832547572029],[5.8232267879077755,50.85842691535129],[5.8230906982453945,50.858536420100926],[5.82297179806369,50.858530253178984],[5.822761342534484,50.8585442342525],[5.822696533404371,50.85848321024181],[5.822703490779027,50.85865378487724],[5.822617569326317,50.85862061626423],[5.82238395130622,50.85853042143233],[5.822257675067147,50.85846923338448],[5.822027436760808,50.858357658414654],[5.822024366674882,50.858351341773904],[5.8219336437243685,50.85816504636606],[5.82190644878119,50.8581092106824],[5.821891315424045,50.858078040135645],[5.821885773108376,50.858051921202886],[5.821852178045381,50.857893644812506],[5.821721865917205,50.857622930474335],[5.821681427099827,50.857538928348646],[5.821648536606171,50.85748143311567],[5.821563148528378,50.85733214274524],[5.821483435194463,50.857192772717774],[5.821453991914672,50.85714543093912],[5.821447921535994,50.85713566483372],[5.821399700483224,50.85707128775322],[5.8213581187045005,50.85701675552387],[5.821351763448189,50.85700841073572],[5.821317227906201,50.856978364795864],[5.821308993583051,50.85696954167035],[5.821410347801787,50.8569162965593],[5.821329342957068,50.85686783631708],[5.821208219068746,50.856767813571466],[5.821186757537005,50.85677960683823],[5.821065300754133,50.85668492461918],[5.82106425642866,50.85668411055217],[5.820879527030256,50.856572101585336],[5.820876701543604,50.85657064700595],[5.820841083705396,50.85655235352066],[5.820642892846258,50.85647681788531],[5.82062232694727,50.85646897586625],[5.820543657071858,50.85634353412426],[5.820542619062317,50.8563418750697],[5.820353373588316,50.8560563869377],[5.820353027813611,50.8560558578886],[5.820289421401862,50.855940471992604],[5.8202646272947005,50.855923881571314],[5.82024463487347,50.85591050914402],[5.820235948127757,50.85589882017295],[5.820234507480321,50.855896623290576],[5.8200968763791465,50.855678438954],[5.819955916637921,50.855454954482326],[5.820174069094868,50.85539830614077],[5.82050521233243,50.85531215409312],[5.820597903891307,50.855288039366776],[5.82073682143784,50.85525198444352],[5.820958103133954,50.855194558805884],[5.82115901278692,50.85514241392669],[5.821165164736991,50.85515031004231],[5.821455346979158,50.85507455663778],[5.821743728193634,50.85499916884037],[5.821738949979204,50.854990881059784],[5.821787286489774,50.85497841121282],[5.822000720583412,50.85492335923085],[5.822194845153759,50.854873287580844],[5.822244201397254,50.85486055302039],[5.822503873185834,50.854793496394805],[5.82258006100641,50.8547738828449],[5.822794726699548,50.85471861800188],[5.823023770855459,50.85465964896444],[5.823080918454725,50.8546449340291],[5.8232276551309345,50.85460719261345],[5.823271769563683,50.854595843731445],[5.823448028613464,50.854550484741246],[5.823648086921459,50.85449900392227],[5.823825931848748,50.85445323385588],[5.823941722342123,50.85438367991497]]]}},{"type":"Feature","id":"functioneel_gebied_vlak/129020203","properties":{"id":"functioneel_gebied_vlak/129020203","name":"Landsrade","kind":"bungalowpark","source":"PDOK TOP10NL","sourceUrl":"https://api.pdok.nl/kadaster/brt-top10nl/ogc/v1/collections/functioneel_gebied_vlak/items/1b2edff9-1064-5e10-897c-2f400a383d8e","sourceDate":"2020-01-01"},"geometry":{"type":"Polygon","coordinates":[[[5.885301086029646,50.78490061912053],[5.884851624677005,50.78500507635741],[5.884785305996481,50.7850420190893],[5.884356522118088,50.785280832671944],[5.884343005422523,50.785218247041115],[5.884356716619606,50.78515330590578],[5.884387807092546,50.78507732342508],[5.884463346454928,50.78495199801392],[5.884564182038934,50.78481083294246],[5.88466088326714,50.78467558233706],[5.884730464888442,50.78455280831532],[5.884753942333343,50.78444792318899],[5.884752061461028,50.78427236853857],[5.884714179127704,50.78410736025588],[5.884577183890955,50.78370794330138],[5.884594676263848,50.783706187002096],[5.88454553264204,50.78356594674177],[5.88449390855428,50.78342484859194],[5.885411999605344,50.78322776612977],[5.885535385074777,50.78320127914183],[5.885980960327328,50.78310575136736],[5.886231252389968,50.78360500010727],[5.885805653873884,50.78367584998069],[5.885869675953405,50.78372445634815],[5.885957889740031,50.78391385567598],[5.885736171762518,50.783963696332115],[5.885759436798133,50.78401822999922],[5.885914633278879,50.78410957422199],[5.886131265118306,50.784430690073215],[5.886462602577084,50.78486556044895],[5.886487530118683,50.78497634904687],[5.885926837724956,50.784929468506036],[5.885414101942219,50.78488660307511],[5.885301086029646,50.78490061912053]]]}},{"type":"Feature","id":"functioneel_gebied_vlak/129023022","properties":{"id":"functioneel_gebied_vlak/129023022","name":"Groenendaal","kind":"camping, kampeerterrein","source":"PDOK TOP10NL","sourceUrl":"https://api.pdok.nl/kadaster/brt-top10nl/ogc/v1/collections/functioneel_gebied_vlak/items/3c224c74-71b9-55a3-a270-a922c242546e","sourceDate":"2018-01-01"},"geometry":{"type":"Polygon","coordinates":[[[5.865788750657213,50.800261997866556],[5.865289189588131,50.80067248890833],[5.865231892594991,50.80064799148066],[5.865449924603369,50.80012763957417],[5.865472812791239,50.800077497149296],[5.865548094279222,50.799885370280954],[5.865495030822003,50.79987426412177],[5.865138254278693,50.79979658543514],[5.865002620016353,50.7996925607178],[5.865054633399666,50.79966506397134],[5.865066088413145,50.79965900294843],[5.865261430939362,50.79955575612454],[5.865322514821889,50.79952483286024],[5.865248428841255,50.79946940832612],[5.865394225126278,50.799395014213296],[5.865321918048599,50.79933188782748],[5.8652852227967625,50.7993028078077],[5.8653597259030805,50.79926653445744],[5.865355815276028,50.79926280227169],[5.865356619833769,50.79926242140341],[5.865423086789081,50.79923088251648],[5.865347129100665,50.79916721395816],[5.865595864016451,50.7990481585782],[5.86574718768495,50.798973534375975],[5.8659486115842325,50.799111110703336],[5.865985594027938,50.79913637800919],[5.866147895776976,50.79906245663408],[5.866614337604392,50.79948252541766],[5.866583920622916,50.79949622111196],[5.866194363556854,50.79967162485872],[5.86615198713416,50.79973728398207],[5.866242228398543,50.799739171889165],[5.866292724467609,50.799781884470576],[5.866316783779763,50.79983030687818],[5.866086124668753,50.80002162280038],[5.865788750657213,50.800261997866556]]]}},{"type":"Feature","id":"functioneel_gebied_vlak/129019632","properties":{"id":"functioneel_gebied_vlak/129019632","name":"Aan Geul en Bos","kind":"camping, kampeerterrein","source":"PDOK TOP10NL","sourceUrl":"https://api.pdok.nl/kadaster/brt-top10nl/ogc/v1/collections/functioneel_gebied_vlak/items/7192fa18-38d0-5ba1-9dc7-a05b325b42f1","sourceDate":"2018-01-01"},"geometry":{"type":"Polygon","coordinates":[[[5.77044467403403,50.87721982868082],[5.770645366205895,50.87723512833519],[5.770853964800949,50.87726099816331],[5.770934000968851,50.87738146211546],[5.770998010622311,50.877486437461094],[5.771216662840248,50.87783855172562],[5.771278955717645,50.8779282515236],[5.7713645240240865,50.878064481278614],[5.771187250933677,50.87813290953134],[5.770674517943567,50.87838374790173],[5.770718620432453,50.878445561922476],[5.770684145681021,50.87846562883549],[5.770508855123677,50.87856766170572],[5.77044056208386,50.87860776288099],[5.770408819296783,50.87862641220608],[5.770330169657727,50.878683833278096],[5.770265787302205,50.878731256312975],[5.770252583248562,50.87874099009452],[5.7700098190479086,50.87848286972563],[5.769906713956119,50.878373250209954],[5.769919278899357,50.87836870516954],[5.769808456985499,50.878245052511],[5.769699725881649,50.87828491857588],[5.769930830028003,50.87852848924674],[5.769904224661914,50.87854128763412],[5.770160813413279,50.87880459394392],[5.770124807814871,50.8788266641028],[5.770116891317005,50.87883150837432],[5.770071541246744,50.878859281462546],[5.769962084319886,50.87893007193225],[5.769961632494621,50.878930415006224],[5.769923373952383,50.87890858187214],[5.769820420621239,50.878868967191174],[5.76977182677759,50.87885843129458],[5.769687005971628,50.87882945323891],[5.769655259410241,50.87880815577493],[5.769644853206168,50.87877822127826],[5.769615271408634,50.87874550075902],[5.769567761263694,50.87872853414024],[5.769481810142301,50.878700278785544],[5.769424997746279,50.87864766600476],[5.769389425708116,50.87857429953692],[5.769218277924215,50.87864523037882],[5.769216971664798,50.87864017395608],[5.769145932620432,50.87857321686548],[5.768964847353843,50.8784953332761],[5.7686795627333565,50.878431465497826],[5.768573174293474,50.87840922757141],[5.768409139190556,50.878346738736894],[5.7683289705663725,50.878313115070426],[5.768237334717316,50.87825515131133],[5.768174368112309,50.87817960060953],[5.7681567867125105,50.87813570293604],[5.768152648877724,50.8780955991978],[5.768179175408426,50.87801969053649],[5.768228660317848,50.87795567936606],[5.768277445498819,50.87792749117461],[5.768487511463843,50.877850150097586],[5.768537866111362,50.87782624431404],[5.768554256305296,50.87780831134354],[5.768540567643531,50.877769587467235],[5.76849708688856,50.87773452148665],[5.768408275529939,50.8776881711709],[5.7683073242504355,50.87764101586792],[5.768244813455006,50.8775741469637],[5.768232094711801,50.87755655271423],[5.768211479626048,50.87750655261326],[5.768213966488105,50.87747004730825],[5.768339957555749,50.87743157910566],[5.768445210119661,50.877431231927844],[5.7686497882223,50.877441021592105],[5.768864512043698,50.877454521819026],[5.768997972657745,50.87745237870537],[5.7692068105445555,50.877450430124135],[5.769445220516035,50.877450900243296],[5.7696202493054365,50.8774496020712],[5.769739719294592,50.87743033001454],[5.7698175536139615,50.87739303814868],[5.769874106533198,50.87735941225486],[5.769925491216455,50.877319331454174],[5.769969001740122,50.8772548359402],[5.76996287087165,50.87721443324282],[5.7702270553016,50.87720323869596],[5.77044467403403,50.87721982868082]]]}},{"type":"Feature","id":"functioneel_gebied_vlak/129020200","properties":{"id":"functioneel_gebied_vlak/129020200","name":"Ons Krijtland","kind":"bungalowpark","source":"PDOK TOP10NL","sourceUrl":"https://api.pdok.nl/kadaster/brt-top10nl/ogc/v1/collections/functioneel_gebied_vlak/items/3a56c32d-fc9d-5830-bf3d-3a897d7691c3","sourceDate":"2020-01-01"},"geometry":{"type":"Polygon","coordinates":[[[5.902952432373608,50.77517552498881],[5.902819881144029,50.7750691128943],[5.903135976250941,50.77503497368661],[5.903211868104366,50.77497324462163],[5.903346575987335,50.77474128824898],[5.903390124464425,50.77475265330081],[5.903473525020694,50.774774429081525],[5.903518916308528,50.77478705328255],[5.903707421052604,50.77485603605054],[5.903746271285263,50.774874505262616],[5.903798085990771,50.774910193166804],[5.903913330412789,50.774979404522384],[5.9040224668334105,50.77504876895244],[5.904042326716327,50.77506139038638],[5.904099756119051,50.77509074279265],[5.903603623923593,50.7755562973485],[5.9034067776955155,50.77544878021853],[5.903201301573186,50.7753338495066],[5.903044072387443,50.77523708521709],[5.903014635060662,50.77521731526234],[5.902952432373608,50.77517552498881]]]}},{"type":"Feature","id":"functioneel_gebied_vlak/129019627","properties":{"id":"functioneel_gebied_vlak/129019627","name":"De Mescherhei","kind":"camping, kampeerterrein","source":"PDOK TOP10NL","sourceUrl":"https://api.pdok.nl/kadaster/brt-top10nl/ogc/v1/collections/functioneel_gebied_vlak/items/ab289b15-cd19-5aad-b79c-0f36a2e8a71f","sourceDate":"2023-01-01"},"geometry":{"type":"Polygon","coordinates":[[[5.748454148183386,50.77471140351636],[5.749076137421616,50.7744118428509],[5.749285938754591,50.774311407760244],[5.749312498959709,50.774298692813545],[5.749360967489771,50.77433854218172],[5.749431658220062,50.77439666039539],[5.749563064656364,50.77450690034268],[5.749772525669485,50.77438735889985],[5.749779419460714,50.77438606982395],[5.749926615865378,50.774488180434886],[5.750154884076621,50.77461160960774],[5.7502593920655825,50.774508250082825],[5.750284809216798,50.77452080863772],[5.750368405215214,50.774560438745176],[5.750545130471986,50.774640504765706],[5.750622443007341,50.77467059921833],[5.750878980649849,50.77478664800296],[5.750986147815859,50.77483827559206],[5.751115969210203,50.774897139721055],[5.751224012369277,50.774946517097504],[5.75135804587239,50.77500732726913],[5.75134005137066,50.775021208967694],[5.7514742395533025,50.77509084564807],[5.751537622773121,50.77512336547794],[5.7509539634010896,50.77527927503916],[5.749648363652636,50.775545145343614],[5.7490351992754505,50.77513664130289],[5.749028856901202,50.775132415583236],[5.748674915006467,50.77490787672184],[5.748675786207854,50.774895958043835],[5.748676610138362,50.77488468222233],[5.748587287565875,50.77482226669513],[5.748454148183386,50.77471140351636]]]}},{"type":"Feature","id":"functioneel_gebied_vlak/129019644","properties":{"id":"functioneel_gebied_vlak/129019644","name":"Beckers","kind":"camping, kampeerterrein","source":"PDOK TOP10NL","sourceUrl":"https://api.pdok.nl/kadaster/brt-top10nl/ogc/v1/collections/functioneel_gebied_vlak/items/61d9e896-74e6-5a10-8424-0d1938d90361","sourceDate":"2015-01-01"},"geometry":{"type":"Polygon","coordinates":[[[5.800753199880549,50.8142404037453],[5.80092148609353,50.81419711220912],[5.800975866852517,50.814179218053404],[5.801091714767235,50.814142568285426],[5.8012441337801866,50.81408134627764],[5.801379991860646,50.81402777016444],[5.801525133442332,50.81396994475406],[5.801615697578954,50.813933385206504],[5.801925854471008,50.813809509237146],[5.801931564532763,50.81380387062839],[5.801985053918638,50.81385778294362],[5.802036624815878,50.813909751526],[5.802064887152193,50.81393822583543],[5.802132895032978,50.81400680980652],[5.802161673155482,50.81403583056439],[5.802192856589352,50.81406726968502],[5.802625045368116,50.81383228111074],[5.802832482595849,50.8137503552077],[5.802905141055743,50.81430791193368],[5.802939615176308,50.81451495614342],[5.8029566347470265,50.814617153157805],[5.802051985284677,50.81477889196916],[5.802125816385289,50.81492099363048],[5.801545365335634,50.814998001443364],[5.801396883843334,50.81468676150198],[5.801586144723546,50.81464538928341],[5.801477279522989,50.81443600486358],[5.800957135857094,50.81456565729671],[5.800753199880549,50.8142404037453]]]}},{"type":"Feature","id":"functioneel_gebied_vlak/129020767","properties":{"id":"functioneel_gebied_vlak/129020767","name":"Heuvelland-Oaze","kind":"camping, kampeerterrein","source":"PDOK TOP10NL","sourceUrl":"https://api.pdok.nl/kadaster/brt-top10nl/ogc/v1/collections/functioneel_gebied_vlak/items/1115f6a0-5e58-58c4-9652-ed241eb03109","sourceDate":"2015-01-01"},"geometry":{"type":"Polygon","coordinates":[[[5.880838434893217,50.76880889266421],[5.880766993786257,50.7687887483543],[5.88127484352141,50.76802027011068],[5.881954101174914,50.76821028101192],[5.88198769995465,50.768172212734555],[5.882421403393283,50.768364693417205],[5.8820179563334944,50.768974011821555],[5.881880021007329,50.769208036359885],[5.88189423092058,50.76921134630965],[5.88186555158297,50.769256225061135],[5.88178793213118,50.76923902026874],[5.881687210281624,50.76921670081608],[5.881619238269773,50.769201629902106],[5.881528447760609,50.769350632603214],[5.881488562054731,50.769416080961896],[5.881440326355256,50.769494760797926],[5.881412070364778,50.76954085112884],[5.880914867606023,50.76944534108439],[5.88106710597918,50.7691935393403],[5.881112976007351,50.769204282600754],[5.881292133694789,50.76893683251697],[5.880838434893217,50.76880889266421]]]}},{"type":"Feature","id":"functioneel_gebied_vlak/132197210","properties":{"id":"functioneel_gebied_vlak/132197210","name":"'t Geuldal","kind":"camping, kampeerterrein","source":"PDOK TOP10NL","sourceUrl":"https://api.pdok.nl/kadaster/brt-top10nl/ogc/v1/collections/functioneel_gebied_vlak/items/46698963-b5b8-5331-9e2d-548b890d815f","sourceDate":"2023-01-01"},"geometry":{"type":"Polygon","coordinates":[[[5.772901420311265,50.87235203899648],[5.773006766818746,50.87232236948366],[5.773103792514956,50.87254127903598],[5.773235648955012,50.87250499484404],[5.773416299246246,50.87268627027027],[5.773297577035495,50.87272542711922],[5.773253482263042,50.87275117481263],[5.773240244738103,50.87278046890042],[5.773248304094912,50.872821880782894],[5.773300932153443,50.872896061094515],[5.773413339234493,50.87297856307913],[5.773550863182867,50.873069520434065],[5.773761876328555,50.8731943536626],[5.773967682353486,50.8732943406518],[5.774118445473835,50.873356003158584],[5.774199318662701,50.87337756637394],[5.774223359189663,50.873462907335835],[5.7742510544749965,50.87350279718454],[5.77428416648591,50.873546561074356],[5.774272588032372,50.8735907263466],[5.774253889360986,50.873612479182874],[5.774217467437642,50.873633320573596],[5.7741560101755365,50.873655468277754],[5.774073285914613,50.873669156687846],[5.773965326539756,50.87365854262753],[5.773832209765334,50.87363461019671],[5.773716333115408,50.873599653497756],[5.773590763789043,50.873557412131746],[5.77346704543061,50.87350542048033],[5.773384361042534,50.87347619527816],[5.77330908647618,50.87345816340066],[5.773218260733094,50.87346968497764],[5.773120640443076,50.87349779570846],[5.77287482585652,50.873590033437615],[5.7727447339736635,50.87365116955327],[5.772692917894031,50.87367449781261],[5.77263725187896,50.87369783888985],[5.772593257285231,50.87373577493732],[5.772607297010786,50.87380275830403],[5.7726771796269,50.8738659059123],[5.772777733765511,50.8739118902201],[5.772866581980952,50.87394084359688],[5.772984376770533,50.87397580373325],[5.773097999697193,50.87403519152136],[5.773137572452748,50.874076938628676],[5.773137973280805,50.874125018891306],[5.773067440695553,50.87419195199247],[5.772884836726342,50.87434145344658],[5.772665491176812,50.87449418732569],[5.772564549004952,50.87455873157935],[5.7724180630988045,50.87463056474569],[5.772330096234993,50.874664979748204],[5.772212734681452,50.87470104769849],[5.772046243000867,50.8747248655087],[5.771872276154313,50.874734748227205],[5.771631799012294,50.87470608291071],[5.771526117520206,50.87467231263297],[5.771395206517843,50.87464902627803],[5.7713284261261855,50.87464292909513],[5.77113195182164,50.87469676811458],[5.771094031774331,50.87465693851043],[5.770949556777569,50.87473162159444],[5.770885264316222,50.874775120478546],[5.770812245335826,50.874854322921756],[5.770776775555345,50.87492864388416],[5.770766783254318,50.87499289194022],[5.770743746208535,50.875025313209484],[5.770697381288488,50.87505495848363],[5.770647087435029,50.875064162574525],[5.770598202248838,50.87506194665135],[5.770555174220897,50.875040684622974],[5.770453878449905,50.87497347646718],[5.770369298400501,50.874927617574905],[5.770306055618242,50.874916411375004],[5.770227875375859,50.87491714638135],[5.770140036892013,50.87493170734141],[5.770070209257196,50.87494240345708],[5.77003938311755,50.874849155485386],[5.769761745466304,50.87492586469571],[5.7693588358779895,50.87502280637947],[5.769135696466765,50.87503995441566],[5.76912697281154,50.87493938024882],[5.769071950070135,50.87483111123297],[5.768995364306752,50.8748427801678],[5.768918649057737,50.87483875264556],[5.768936614901258,50.87482941789727],[5.769044250891936,50.874754145577676],[5.769054826890547,50.87466920446699],[5.7690488296389635,50.87462570124456],[5.768981486707833,50.87452746179195],[5.7689191135507745,50.874484858295396],[5.768866014572846,50.87447290431039],[5.768818827796454,50.87417505739102],[5.768732776807074,50.87372227209443],[5.76864971058837,50.87322095987808],[5.768570876225592,50.8729593674334],[5.768709088949336,50.87290040418481],[5.768963132940012,50.872803243567255],[5.769354664918989,50.87269635237227],[5.7700263462798045,50.872543193224075],[5.770352584000678,50.872482048180835],[5.770603965499544,50.872446292542264],[5.77084228041487,50.87243153285033],[5.771069705153198,50.872436359688905],[5.7711802051551295,50.872440271276915],[5.7717784672856975,50.872446578524695],[5.771935032783919,50.872448133794876],[5.7720498853412545,50.872449270469986],[5.772259723324848,50.872442180330765],[5.772442857116942,50.87243039674825],[5.77260608453533,50.87241308817676],[5.772782461121987,50.872383160036115],[5.772901420311265,50.87235203899648]]]}},{"type":"Feature","id":"functioneel_gebied_vlak/129022469","properties":{"id":"functioneel_gebied_vlak/129022469","name":"De Sangershoeve","kind":"camping, kampeerterrein","source":"PDOK TOP10NL","sourceUrl":"https://api.pdok.nl/kadaster/brt-top10nl/ogc/v1/collections/functioneel_gebied_vlak/items/5905f885-97b5-523a-ae3f-aefefd5fae11","sourceDate":"2023-01-01"},"geometry":{"type":"Polygon","coordinates":[[[5.8473170919182165,51.10919670491495],[5.847448220026052,51.109238225817194],[5.847719932204335,51.10911484461298],[5.847692123670703,51.10909669967929],[5.8476431830029565,51.109064765941554],[5.8476253423127345,51.10905312478253],[5.847517100549571,51.109008394125006],[5.847195155976162,51.108932204851335],[5.847111209963888,51.1089094991472],[5.847109907013351,51.108909144756886],[5.847938887374455,51.108590345103536],[5.847939436354506,51.10859098113476],[5.847975176305366,51.10863223304563],[5.848347494461875,51.109061968353664],[5.848504218876853,51.10924285857975],[5.848607135755527,51.10938287381738],[5.848656302889388,51.109494158537075],[5.848674128736314,51.10953450170401],[5.848718854619104,51.10963576346844],[5.848761476615205,51.10973226048325],[5.848803692877553,51.10977838532554],[5.848866470549889,51.109824401363056],[5.848906965232355,51.10984980462576],[5.848791283870537,51.10992624810174],[5.848751922525994,51.10994545217907],[5.84843616792946,51.10969009300263],[5.8484010843015435,51.10966171970771],[5.847796852232439,51.10917304795532],[5.84776573653576,51.109149503169455],[5.84749637455413,51.10927542406906],[5.847581146149089,51.1093409088667],[5.848214917341025,51.109830507070285],[5.848429185564912,51.1099932263187],[5.848509189095463,51.11006391150255],[5.848105397975077,51.11026097098714],[5.8480591571475715,51.11025207590591],[5.847464438136294,51.11013772511993],[5.847434002170819,51.110129971596656],[5.8473303539147405,51.110103568867515],[5.84725013136735,51.110082160866334],[5.8471697912213845,51.11005898246398],[5.847089862527012,51.11003410347415],[5.8470103455623015,51.11000755086331],[5.846930276395539,51.10998145882022],[5.846853904290444,51.10995379699515],[5.846791615438909,51.10992792205144],[5.846722044203723,51.10989777024035],[5.846657117746294,51.1098680044926],[5.846595009345779,51.109838730927486],[5.846535377735301,51.109808665488984],[5.846475630711016,51.109775616164136],[5.846418112083541,51.10974263888801],[5.8463619312610735,51.10970920684392],[5.846302464687677,51.109672758518954],[5.846299174542356,51.109670740049474],[5.846269004581815,51.10965096701861],[5.846267409127477,51.10964992163151],[5.846289098761323,51.10965270325748],[5.846305782997137,51.10965329342031],[5.8463253115146285,51.109649863277376],[5.846418120630286,51.109623437130246],[5.846509212643733,51.109578087095905],[5.846666428684283,51.10949524311734],[5.846772544122603,51.10944438610148],[5.846819573674421,51.10919668158787],[5.846848546479683,51.10904819610432],[5.8473170919182165,51.10919670491495]]]}},{"type":"Feature","id":"functioneel_gebied_vlak/129020775","properties":{"id":"functioneel_gebied_vlak/129020775","name":"Hoeve Krekelberg","kind":"camping, kampeerterrein","source":"PDOK TOP10NL","sourceUrl":"https://api.pdok.nl/kadaster/brt-top10nl/ogc/v1/collections/functioneel_gebied_vlak/items/83854b67-9142-5d02-b5d0-8ca2774229f3","sourceDate":"2018-01-01"},"geometry":{"type":"Polygon","coordinates":[[[5.895701018275677,50.94221785952712],[5.896924327894441,50.942048677949565],[5.897332810784855,50.94199252994325],[5.8975231582365994,50.94196635943298],[5.897300066913414,50.94171866218486],[5.897107438223936,50.941601152991915],[5.897009202236088,50.94154357082257],[5.896374493839619,50.94081856938624],[5.896556110306929,50.94069790141283],[5.896708080363307,50.94075645296726],[5.896929375719902,50.9408546556269],[5.897120948835078,50.940920167177175],[5.897337697383039,50.94101553453196],[5.897728039756309,50.94118434044926],[5.898070364333546,50.941401875323365],[5.8982320518789875,50.9415217432567],[5.89837759050636,50.94161100168854],[5.898504430200327,50.94164326233143],[5.899531569232569,50.941798543583275],[5.899696678701425,50.94181921734294],[5.899813190476064,50.94183653870412],[5.899992186796574,50.941865426022225],[5.899989476453863,50.94189043649326],[5.899986561409763,50.94192136264486],[5.899984144604666,50.94195231355507],[5.899982268521009,50.94198327105744],[5.899978398131998,50.94206018026688],[5.899977715208582,50.942098656287875],[5.899979450877162,50.942137121588516],[5.8999830227353325,50.94217181235178],[5.89998844321661,50.94220641401964],[5.899995271087152,50.94224091056964],[5.900003136546187,50.94227531262981],[5.900012389056757,50.942311623201654],[5.900017887790025,50.942331473544016],[5.90002243740112,50.942347849343804],[5.900034261954055,50.94238386985297],[5.900039556469056,50.94239685349038],[5.900048785486809,50.9424195008573],[5.900059677689514,50.942442015004076],[5.900072032104547,50.942464235018925],[5.900085706163377,50.9424861345663],[5.9001005152140324,50.94250774143155],[5.900108887339341,50.942518554057074],[5.900102296158009,50.94252078558893],[5.900036240059833,50.942513428780245],[5.89983167183523,50.94268401213851],[5.899750305794321,50.942754873521956],[5.8993989962075934,50.94294670894728],[5.899385165020476,50.942954267018486],[5.899213500668371,50.94302968062903],[5.8989998198373845,50.94310503715164],[5.898824794152488,50.94315838802479],[5.898533674226662,50.94323680078127],[5.89815024132924,50.943289444502405],[5.897822130616429,50.94330255181566],[5.897643675684735,50.94330968552185],[5.8972814751525915,50.94332416420289],[5.89659233869502,50.943313833725824],[5.896522717343794,50.94330706588044],[5.896464970651043,50.94330106372537],[5.8964071011751935,50.94329553849966],[5.896349137369231,50.943290490077935],[5.8962910650040365,50.94328591852277],[5.896279388961547,50.94328509796484],[5.896281296445921,50.94322834192788],[5.896168150223638,50.943209809989106],[5.895925133806896,50.94271842469379],[5.895701018275677,50.94221785952712]]]}},{"type":"Feature","id":"functioneel_gebied_vlak/129022457","properties":{"id":"functioneel_gebied_vlak/129022457","name":"Welkom","kind":"camping, kampeerterrein","source":"PDOK TOP10NL","sourceUrl":"https://api.pdok.nl/kadaster/brt-top10nl/ogc/v1/collections/functioneel_gebied_vlak/items/1461e64a-c9cc-5232-a570-a525b25542df","sourceDate":"2023-01-01"},"geometry":{"type":"Polygon","coordinates":[[[5.845755999270401,50.77657135378986],[5.845491275846079,50.77652993354075],[5.845352496625869,50.77656510585713],[5.84529459903033,50.776486857804755],[5.845252828197166,50.776434705196486],[5.845213952540553,50.776354369224244],[5.84513480224376,50.776163644940574],[5.844899832383066,50.77564531347362],[5.844885512330382,50.77560198069971],[5.844886010471578,50.775576279380914],[5.845027545990452,50.77525078636348],[5.845395547076113,50.77530176762169],[5.845912695521765,50.77539674019439],[5.846202144557509,50.77486942500069],[5.847283570347777,50.775114639510164],[5.848009064189196,50.7753089463896],[5.84801255720042,50.7753411285349],[5.847893682515382,50.77551465672525],[5.8478031496793585,50.775665937036855],[5.847137731069316,50.77548777801256],[5.846912649409452,50.775833055031754],[5.846005756677642,50.77641746643978],[5.845897421318006,50.77648727746195],[5.845755999270401,50.77657135378986]]]}},{"type":"Feature","id":"functioneel_gebied_vlak/129020755","properties":{"id":"functioneel_gebied_vlak/129020755","name":"Maastricht","kind":"caravanpark","source":"PDOK TOP10NL","sourceUrl":"https://api.pdok.nl/kadaster/brt-top10nl/ogc/v1/collections/functioneel_gebied_vlak/items/8b81cff1-bda1-55b5-b53f-187506c82ca1","sourceDate":"2023-01-01"},"geometry":{"type":"Polygon","coordinates":[[[5.7644311508132695,50.899932610455146],[5.764347639842411,50.89992564068378],[5.764362373053531,50.899787044356025],[5.764196662628992,50.899494502711285],[5.763693923099962,50.8995816790385],[5.763483321538836,50.89967612755888],[5.763468578036683,50.89968274640612],[5.763319390801688,50.89955973376251],[5.7640402234261385,50.89924050186082],[5.763956998788166,50.89916208453312],[5.763835165041812,50.89904662388878],[5.763731822970291,50.89895015031929],[5.763601114834783,50.898818259702885],[5.763486884674373,50.89870245034145],[5.763342844157008,50.898535501275994],[5.763009622864259,50.898686231712205],[5.762976208178056,50.89864636680115],[5.7627984428867425,50.898434339606005],[5.76273526138277,50.89835912819866],[5.762646175215193,50.89825332185864],[5.762666163092555,50.898244915271135],[5.76250486799515,50.898058317602775],[5.762475209111692,50.89802400447096],[5.762153183429259,50.897662042654844],[5.762083084564978,50.897571383482756],[5.7621968152591885,50.89755624591514],[5.762503244049147,50.897483340566346],[5.762789932088577,50.8978466656745],[5.76281729132963,50.89788133676361],[5.762857691153357,50.897932531968806],[5.763552946102349,50.89764136832429],[5.763720297831491,50.897801616399995],[5.763763445888293,50.89778347115064],[5.763796605499456,50.89781644219783],[5.763876181987556,50.897895788427434],[5.763905446656141,50.89792521253984],[5.764148895247303,50.898169995094484],[5.764499634216167,50.8983885480814],[5.764535298079998,50.89840951958803],[5.764554022346441,50.898420487824026],[5.765010976510157,50.89868807742636],[5.765134375534473,50.89876001657609],[5.765476693653215,50.89896629737845],[5.76547806495716,50.898967119868225],[5.765124985866897,50.899146919495514],[5.7649005051825295,50.89927138488267],[5.765263433775509,50.899812847804625],[5.764754612242681,50.899851679511066],[5.7644311508132695,50.899932610455146]]]}},{"type":"Feature","id":"functioneel_gebied_vlak/131763212","properties":{"id":"functioneel_gebied_vlak/131763212","name":"Papillon Maastricht","kind":"camping, kampeerterrein","source":"PDOK TOP10NL","sourceUrl":"https://api.pdok.nl/kadaster/brt-top10nl/ogc/v1/collections/functioneel_gebied_vlak/items/1bf3f8a4-9713-59a0-9d77-3ef1dd7a867e","sourceDate":"2023-01-01"},"geometry":{"type":"Polygon","coordinates":[[[5.680293022008129,50.874964047659105],[5.680357564879075,50.87488218775412],[5.680400076840236,50.87489401322532],[5.680492931124765,50.874919842595325],[5.681401523304429,50.8737759967623],[5.6821407985895815,50.87394764016927],[5.681832996714078,50.87433790943584],[5.681731299595632,50.87447907942721],[5.681629692555188,50.87463449867419],[5.681582814176429,50.87473911397877],[5.681516258187011,50.874897610205856],[5.6814398743565215,50.87508462999171],[5.6813879294479745,50.87517975858012],[5.6813080089777115,50.87528272691869],[5.681187796057819,50.87524963286115],[5.6812104951237785,50.87521662483077],[5.680293022008129,50.874964047659105]]]}},{"type":"Feature","id":"functioneel_gebied_vlak/129021309","properties":{"id":"functioneel_gebied_vlak/129021309","name":"Paluda","kind":"camping, kampeerterrein","source":"PDOK TOP10NL","sourceUrl":"https://api.pdok.nl/kadaster/brt-top10nl/ogc/v1/collections/functioneel_gebied_vlak/items/b2781bb9-ac6a-50e6-a6b6-6ff30c96a56c","sourceDate":"2015-01-01"},"geometry":{"type":"Polygon","coordinates":[[[5.715418934729904,51.216659642406604],[5.715014884303565,51.21583368775714],[5.715005151348516,51.21581358030778],[5.715777873175615,51.21565335600471],[5.716182069302372,51.216521878581496],[5.715583760660594,51.2166298910543],[5.715418934729904,51.216659642406604]]]}},{"type":"Feature","id":"functioneel_gebied_vlak/131597542","properties":{"id":"functioneel_gebied_vlak/131597542","name":"Vinkenhof","kind":"camping, kampeerterrein","source":"PDOK TOP10NL","sourceUrl":"https://api.pdok.nl/kadaster/brt-top10nl/ogc/v1/collections/functioneel_gebied_vlak/items/2b10ca9d-350c-5dc5-8065-13f4f723ccca","sourceDate":"2020-01-01"},"geometry":{"type":"Polygon","coordinates":[[[5.871080891884285,50.849841318856775],[5.871699899934438,50.849193504371954],[5.8721222733001746,50.84883567837418],[5.872542697844442,50.84847948602279],[5.872864007763877,50.84864234470742],[5.8729711687108,50.848696663454945],[5.873082944186182,50.84862495556362],[5.873112653767098,50.84863630040155],[5.873933680254162,50.848949935485344],[5.873826333276682,50.84912559174198],[5.873807725585308,50.84915605284284],[5.873603478615426,50.849491006075446],[5.873437321793284,50.84976062859615],[5.8734283417271795,50.84975734051148],[5.873264050629852,50.85000601965205],[5.872984008201025,50.849936743143324],[5.872934226403179,50.84992466474199],[5.872832663593622,50.84990077696596],[5.872711661584759,50.850059860077806],[5.87192607698033,50.849706641896375],[5.871892707979134,50.849691644626134],[5.871583624299843,50.85002246803634],[5.871556261918734,50.85003196732102],[5.871522479504808,50.85003449114392],[5.8714998945509995,50.85003101729118],[5.871464042171231,50.850022969786416],[5.871437982361821,50.85000764508429],[5.87139610108886,50.8499865619044],[5.8712373262637705,50.849913401562965],[5.871080891884285,50.849841318856775]]]}},{"type":"Feature","id":"functioneel_gebied_vlak/129021292","properties":{"id":"functioneel_gebied_vlak/129021292","name":"De Kloostermuur","kind":"camping, kampeerterrein","source":"PDOK TOP10NL","sourceUrl":"https://api.pdok.nl/kadaster/brt-top10nl/ogc/v1/collections/functioneel_gebied_vlak/items/54b53490-c470-50c1-9841-ec98d1d5402a","sourceDate":"2023-01-01"},"geometry":{"type":"Polygon","coordinates":[[[5.841348920389844,50.77508109877343],[5.841380774332026,50.77502448702341],[5.841450211223705,50.77481577854115],[5.841422474259009,50.77481206739395],[5.841409480411696,50.774660430369735],[5.841435321161012,50.77449486949782],[5.841449493442187,50.77433498160808],[5.8414494412346585,50.774329642390605],[5.841499109493603,50.77426821435233],[5.84151748081365,50.77425795759365],[5.841617190670449,50.774202301189625],[5.841648817003008,50.77419642377049],[5.841720673141909,50.77418307095675],[5.841722002927458,50.774182787063886],[5.842287044482656,50.77428329525801],[5.842269136105273,50.77430751011813],[5.842356555648135,50.7743359030535],[5.842361805485784,50.7743291406576],[5.842523759976096,50.77437738373101],[5.842531185348293,50.774366954252514],[5.842622483394808,50.774393282212024],[5.842620736191013,50.77439581499394],[5.842625839109459,50.77439720612274],[5.842582557610916,50.77445636221759],[5.842688968747362,50.77448712496616],[5.842671051538034,50.774513317487575],[5.8426387150667525,50.77455811105541],[5.842435409595823,50.77485582627889],[5.842994793840096,50.77498269986403],[5.843099422011255,50.77500642195509],[5.843881750049848,50.77518382718042],[5.844235453105639,50.77455187989008],[5.84439775755802,50.774603624068426],[5.844257288309151,50.77467184673884],[5.8439697351789235,50.775185939212356],[5.843878911281699,50.77533345012071],[5.843733504341501,50.775609176366636],[5.843550577947429,50.77592901561466],[5.8434723089782485,50.77594443259501],[5.842254689836334,50.776167568908846],[5.842193361655742,50.776301615347755],[5.842192057294705,50.776321598381756],[5.842214767185784,50.776342438460695],[5.842249414776631,50.7763565718036],[5.842115399744389,50.77661395921499],[5.841513487011166,50.776434625330445],[5.841782797838945,50.775897014831784],[5.841977786498047,50.77527788270671],[5.841952050545275,50.77518807290978],[5.841348920389844,50.77508109877343]]]}},{"type":"Feature","id":"functioneel_gebied_vlak/129021859","properties":{"id":"functioneel_gebied_vlak/129021859","name":"Hommelhof","kind":"camping, kampeerterrein","source":"PDOK TOP10NL","sourceUrl":"https://api.pdok.nl/kadaster/brt-top10nl/ogc/v1/collections/functioneel_gebied_vlak/items/a8d9f641-3aec-587c-86e9-08c31706e05c","sourceDate":"2023-01-01"},"geometry":{"type":"Polygon","coordinates":[[[5.890009561872532,51.07129169556766],[5.890055093982356,51.07127665400876],[5.890320028139053,51.071189130051756],[5.890889093490697,51.07100561324163],[5.89098599127554,51.07097758723791],[5.891031570591697,51.07097579810681],[5.891077240409625,51.070982278358244],[5.891117565091825,51.07100226518706],[5.89133558203542,51.07113929808076],[5.890325803282188,51.071503065551966],[5.89072636038308,51.07183807268165],[5.890740218721207,51.07185021043045],[5.890794110917327,51.07189742875765],[5.890659329434099,51.07192800119084],[5.890891439197063,51.07216547755806],[5.890271142914326,51.072359913460446],[5.888931795773978,51.072778515535504],[5.8886164127229055,51.072403658512],[5.88786183608987,51.07148632132075],[5.888128757270116,51.07131342618412],[5.888170781617691,51.071319249164816],[5.888237812814261,51.071320748251516],[5.888372658751297,51.07131184161189],[5.8884404566805175,51.07129727409451],[5.8888733343586495,51.07114792956058],[5.888888088451129,51.07114413531243],[5.888900096676515,51.07114105408111],[5.889329119170412,51.07103095210165],[5.889755544761035,51.071326196493125],[5.889803863371164,51.071359650456834],[5.889805398704524,51.07135914042138],[5.890009561872532,51.07129169556766]]]}},{"type":"Feature","id":"functioneel_gebied_vlak/129019100","properties":{"id":"functioneel_gebied_vlak/129019100","name":"De Deyel","kind":"camping, kampeerterrein","source":"PDOK TOP10NL","sourceUrl":"https://api.pdok.nl/kadaster/brt-top10nl/ogc/v1/collections/functioneel_gebied_vlak/items/6ddf2d45-93b5-56d5-a501-a74864d01f03","sourceDate":"2018-01-01"},"geometry":{"type":"Polygon","coordinates":[[[5.690176499542966,51.20866382969732],[5.690307419663261,51.20789868576354],[5.690375186949469,51.207503873964725],[5.690431415839266,51.20750041929983],[5.690474771138863,51.20749775328221],[5.691772638604975,51.20741795232728],[5.691976506425095,51.20740239726261],[5.692188280439051,51.20737287946239],[5.694096474565212,51.20707844983113],[5.693715718450449,51.20796232553714],[5.6933320795378775,51.20885386600253],[5.69318593279388,51.20884148702848],[5.693190590104111,51.20881885895745],[5.693102063650649,51.20881187414745],[5.693089515102281,51.20887219502607],[5.692083544752478,51.20880022407376],[5.690227295846947,51.208667454494645],[5.690176499542966,51.20866382969732]]]}},{"type":"Feature","id":"functioneel_gebied_vlak/129023083","properties":{"id":"functioneel_gebied_vlak/129023083","name":"Heiderust","kind":"camping, kampeerterrein","source":"PDOK TOP10NL","sourceUrl":"https://api.pdok.nl/kadaster/brt-top10nl/ogc/v1/collections/functioneel_gebied_vlak/items/e8b0add4-9c0f-557f-b205-221a8f6086b0","sourceDate":"2022-01-01"},"geometry":{"type":"Polygon","coordinates":[[[6.1100279623493385,51.350260335226324],[6.109162676696705,51.35011141558741],[6.1090008137378415,51.35041039441514],[6.10806656809173,51.35024877010057],[6.109661935556577,51.34902227147057],[6.110192018058123,51.349295114374506],[6.110715804434682,51.34892909335911],[6.110751543796049,51.348961501327274],[6.110833082495951,51.34908463928093],[6.110023932408129,51.34984648306265],[6.110341493214112,51.34990646878936],[6.1103859061433194,51.34985485697053],[6.110474675590525,51.349888074493805],[6.1100279623493385,51.350260335226324]]]}},{"type":"Feature","id":"functioneel_gebied_vlak/132002775","properties":{"id":"functioneel_gebied_vlak/132002775","name":"Hoeve Linnerveld","kind":"camping, kampeerterrein","source":"PDOK TOP10NL","sourceUrl":"https://api.pdok.nl/kadaster/brt-top10nl/ogc/v1/collections/functioneel_gebied_vlak/items/1f3931e0-f442-5b95-ba5a-8137a89d92fb","sourceDate":"2025-01-01"},"geometry":{"type":"Polygon","coordinates":[[[5.96304765227936,51.15560189089023],[5.962423161419492,51.154960455766236],[5.963875968978821,51.154403851065524],[5.963935823681049,51.154387065104935],[5.9640371533448295,51.15449638638683],[5.964706846188666,51.15521584566789],[5.96463497771246,51.155215374480655],[5.964103935120364,51.155390681934975],[5.963994008598652,51.15549111889445],[5.963834003068298,51.155578960911335],[5.963246711401959,51.155793073426516],[5.96304765227936,51.15560189089023]]]}},{"type":"Feature","id":"functioneel_gebied_vlak/131401278","properties":{"id":"functioneel_gebied_vlak/131401278","name":"Cottesserhoeve","kind":"camping, kampeerterrein","source":"PDOK TOP10NL","sourceUrl":"https://api.pdok.nl/kadaster/brt-top10nl/ogc/v1/collections/functioneel_gebied_vlak/items/b56c93d1-25be-5888-9cac-b8da85a037ae","sourceDate":"2019-01-01"},"geometry":{"type":"Polygon","coordinates":[[[5.939977739688821,50.76076069605728],[5.939967783466607,50.760702908887936],[5.939941377407132,50.76062163147308],[5.939900758657583,50.76052144644055],[5.939770032079523,50.7602149560719],[5.939752306980506,50.76017121083546],[5.939744106938493,50.760140696675045],[5.939743191520306,50.76010543744745],[5.939758915042434,50.759974959655445],[5.93976357471274,50.759958038148795],[5.939779907910318,50.75992528518317],[5.939849493192041,50.75980985774032],[5.9398909538265,50.759725963258795],[5.939934503700892,50.75963424737191],[5.939957260114322,50.75959108140508],[5.939977705777671,50.759559764930195],[5.940119923710617,50.75939582680842],[5.940127417302579,50.75938841100145],[5.940144001558184,50.759372025639735],[5.940159381122323,50.75935682359652],[5.940164311496058,50.7593519459554],[5.94021266610615,50.75931272932192],[5.940245437101642,50.75930133617299],[5.940288085975175,50.759297104823666],[5.940321653668456,50.75929906540016],[5.940366343912014,50.75930917058903],[5.940503152910578,50.75935401703334],[5.940690098314005,50.75941166592223],[5.940789560018804,50.75945011116371],[5.940817612816726,50.75945901952302],[5.940961598214784,50.759504253494825],[5.941075865390717,50.759534007084014],[5.941331628209556,50.75959741927621],[5.94156513775587,50.75966759856211],[5.9418730643158595,50.759766274380404],[5.94198470484634,50.75980263757506],[5.942319708603168,50.75992207239003],[5.942351007810398,50.75993339178329],[5.942644063092196,50.760056254389745],[5.942964033366968,50.760179193445424],[5.943025661694907,50.76020005673606],[5.943463278160931,50.76039421366481],[5.943625787543095,50.76046984556989],[5.943806029609198,50.76057528898018],[5.943975530496885,50.76066658138299],[5.944415596602509,50.76086812980368],[5.944306723294655,50.76101324233061],[5.944211483631871,50.761133587367375],[5.944114726377818,50.761251512630785],[5.944033447485461,50.76135547524776],[5.944028897078826,50.76136129506127],[5.94393502783722,50.76135132955661],[5.943846936108308,50.76143202555525],[5.943707480213181,50.761527827796584],[5.943567618014431,50.761590939044915],[5.943492871330904,50.761612108613186],[5.943172267028363,50.7614560857446],[5.943115963344334,50.7614504151667],[5.943064585170962,50.76146552125811],[5.942957351524137,50.76151360696177],[5.94282207236802,50.76156776922465],[5.942597809906179,50.7616283100906],[5.94254134963254,50.76161073862705],[5.942387036548937,50.76164121617967],[5.942260519828146,50.761644790830765],[5.94204387271687,50.76168683970683],[5.942000755469169,50.76165558561533],[5.941974436180438,50.76163650271668],[5.941909456807117,50.76160098500836],[5.941816873884421,50.76155038158877],[5.94172782099535,50.76150935234105],[5.9416361384545615,50.7614842820339],[5.9415806853085185,50.76147980215243],[5.941386623077376,50.76141918652982],[5.941317387161482,50.761401019599106],[5.941187600904917,50.761394208563644],[5.941151995771773,50.761387907362966],[5.941092214297531,50.76136510158696],[5.941026317723882,50.76132983048646],[5.940922541974928,50.761272241703914],[5.940890982135075,50.76124980385215],[5.940833561408559,50.761191983688626],[5.940794063076863,50.761145583406744],[5.9407853815255,50.76113538663025],[5.940716670993126,50.76107681153646],[5.940639895970318,50.76101342103238],[5.940547628255395,50.76094504395793],[5.94052668669271,50.760926420361216],[5.940314193400399,50.76081846563127],[5.940273134178077,50.76079444612291],[5.9401888123655455,50.76076726296741],[5.940076232809438,50.7607592446558],[5.939977739688821,50.76076069605728]]]}},{"type":"Feature","id":"functioneel_gebied_vlak/129022464","properties":{"id":"functioneel_gebied_vlak/129022464","name":"De Botkoel","kind":"camping, kampeerterrein","source":"PDOK TOP10NL","sourceUrl":"https://api.pdok.nl/kadaster/brt-top10nl/ogc/v1/collections/functioneel_gebied_vlak/items/45586484-8dc2-593c-b5d3-f4481cd8080a","sourceDate":"2020-01-01"},"geometry":{"type":"Polygon","coordinates":[[[5.879790589408319,50.95027184792653],[5.8795003124055345,50.950154145671696],[5.879477466607737,50.950181431122274],[5.8790508776548975,50.95000391815502],[5.8789351562360155,50.94995589190299],[5.878573625968997,50.94980616545719],[5.878695470482069,50.94954498200373],[5.8787105241078095,50.94954432368004],[5.878730213627922,50.949537105066646],[5.878813505776291,50.94940356453586],[5.878819184641798,50.949406513515825],[5.878872623133411,50.949298072229915],[5.878910396788161,50.94922120999299],[5.878928311870235,50.94922410698107],[5.879050598733477,50.948863268686736],[5.879323634246157,50.948867576702966],[5.879325968393099,50.94886762071178],[5.879422209988165,50.9488695036309],[5.880194440432376,50.948885276189266],[5.881531890469928,50.948920344303836],[5.8810567849907835,50.949205395429544],[5.881610799440264,50.94960972556914],[5.880538799382428,50.950059049982606],[5.879970299763702,50.95028794103181],[5.879909728892999,50.95029586205248],[5.879846650176996,50.95029613062002],[5.879790589408319,50.95027184792653]]]}},{"type":"Feature","id":"functioneel_gebied_vlak/129021340","properties":{"id":"functioneel_gebied_vlak/129021340","name":"Trintelen","kind":"camping, kampeerterrein","source":"PDOK TOP10NL","sourceUrl":"https://api.pdok.nl/kadaster/brt-top10nl/ogc/v1/collections/functioneel_gebied_vlak/items/f1563e5c-ddb5-5635-9b02-c2e5b23c5269","sourceDate":"2018-01-01"},"geometry":{"type":"Polygon","coordinates":[[[5.945885586016166,50.84348142640527],[5.945979323018003,50.84338881826873],[5.9461774008505115,50.84320539996851],[5.946573528556657,50.84337231692689],[5.946895833258367,50.84350588808445],[5.946947043189899,50.843522314667844],[5.946901407295112,50.84357009635432],[5.946771662671949,50.84372234167508],[5.9469920342737,50.84379146959094],[5.947019092610773,50.843743085693376],[5.947038047683391,50.84370910542887],[5.947172940697835,50.84374571134376],[5.947160396176572,50.843781476349825],[5.94714166809502,50.84383424250633],[5.947117217082814,50.8439127628471],[5.9470994529354995,50.84398304385233],[5.947077601995726,50.84409817270099],[5.946741463316965,50.844031573988744],[5.946683256373214,50.84409890455178],[5.946724927857952,50.84412724285921],[5.946663862871516,50.84420363915096],[5.946589679982312,50.84428129442848],[5.9465152817810685,50.844342303106366],[5.946461296020694,50.844382996756984],[5.945769194875013,50.84399510689317],[5.945542299917166,50.84387791205705],[5.945913281158114,50.843568689590164],[5.9458430591746145,50.84353752542821],[5.945885586016166,50.84348142640527]]]}},{"type":"Feature","id":"functioneel_gebied_vlak/129022525","properties":{"id":"functioneel_gebied_vlak/129022525","name":"De Boswesels","kind":"camping, kampeerterrein","source":"PDOK TOP10NL","sourceUrl":"https://api.pdok.nl/kadaster/brt-top10nl/ogc/v1/collections/functioneel_gebied_vlak/items/1087ee9b-431b-51f3-9cd9-cd5a3d663038","sourceDate":"2015-01-01"},"geometry":{"type":"Polygon","coordinates":[[[6.199609521658628,51.39294793622394],[6.200146358228893,51.39267306530245],[6.200461341945421,51.392890019561285],[6.200252947172332,51.392999311191055],[6.199924559638803,51.39317346822032],[6.199609521658628,51.39294793622394]]]}},{"type":"Feature","id":"functioneel_gebied_vlak/129021929","properties":{"id":"functioneel_gebied_vlak/129021929","name":"'t Wolfsven","kind":"camping, kampeerterrein","source":"PDOK TOP10NL","sourceUrl":"https://api.pdok.nl/kadaster/brt-top10nl/ogc/v1/collections/functioneel_gebied_vlak/items/2600d03b-0f02-550a-883b-3b6de9a8805a","sourceDate":"2016-01-01"},"geometry":{"type":"Polygon","coordinates":[[[6.114786089315824,51.58002081819868],[6.114947030718384,51.580302373669745],[6.1149513208950035,51.58030988865424],[6.115268248360499,51.58085063841459],[6.114465128494491,51.58104241059358],[6.1139641739323265,51.58020932419711],[6.114786089315824,51.58002081819868]]]}},{"type":"Feature","id":"functioneel_gebied_vlak/129528190","properties":{"id":"functioneel_gebied_vlak/129528190","name":"Het Meerdal","kind":"bungalowpark","source":"PDOK TOP10NL","sourceUrl":"https://api.pdok.nl/kadaster/brt-top10nl/ogc/v1/collections/functioneel_gebied_vlak/items/f819f66f-8536-57ea-bc45-7c1a5221a488","sourceDate":"2015-01-01"},"geometry":{"type":"Polygon","coordinates":[[[5.949399876342354,51.457980168526134],[5.9491180281853335,51.457952987197984],[5.948346918246196,51.45787148553137],[5.946931432508847,51.457721863400366],[5.94668419636929,51.45770207869253],[5.943222671689397,51.45734993712131],[5.943065671287035,51.45732918419121],[5.94299050586381,51.45731853107934],[5.942937496415383,51.45730534536271],[5.942893252523818,51.457291227963324],[5.94284580762407,51.457275372973655],[5.94288613651999,51.45719037113231],[5.942955271274418,51.45708420712078],[5.943001979562734,51.45701264012061],[5.943080467099265,51.45692422936393],[5.943126533247082,51.456877870079865],[5.943382550108303,51.456633501347774],[5.94346795270634,51.456558873195064],[5.94379532580065,51.456264679615515],[5.944148133270329,51.45597759966021],[5.944750044728798,51.455515241130925],[5.945422006571902,51.454992606580646],[5.9460261826375795,51.45453165076127],[5.946605455620343,51.45408936418934],[5.947150674034066,51.4536643619547],[5.947198304629517,51.453637013914495],[5.9472506361756485,51.453621068100986],[5.947786718594422,51.453568550506475],[5.949791994671925,51.45337909055288],[5.953238993537737,51.45305276367975],[5.955942251824515,51.452794162543775],[5.956882137594643,51.45270681487439],[5.959031014469764,51.45250079980057],[5.960454454787992,51.45236395863919],[5.96102246910275,51.45230979387786],[5.96264213119511,51.45215911520779],[5.962679245731457,51.45220210553413],[5.962811510884016,51.45283882544949],[5.9630381121634715,51.453929070475596],[5.9630503834094215,51.454013154540284],[5.963033950038074,51.4540140536671],[5.9626870792551445,51.45404316385454],[5.961972568758501,51.45410313743966],[5.961406922251009,51.454150517501276],[5.960251543018331,51.45424884844681],[5.959263489163681,51.45433032914015],[5.959262365544155,51.45433021779648],[5.959202057898849,51.454336302413246],[5.959178159365886,51.45433851402434],[5.959304322910499,51.4547255034347],[5.959566822925978,51.455456680931825],[5.959762792907715,51.456007589464164],[5.95981158503714,51.456119890319414],[5.959804183807433,51.45612057385458],[5.959845184285042,51.456197928345816],[5.960218232535403,51.456823958257345],[5.960273215550092,51.45692612503569],[5.960302282274298,51.45698574907089],[5.96032031585127,51.45703758005094],[5.960333083444821,51.457097419004654],[5.960394412485859,51.457593841440314],[5.960436050205033,51.45787130235818],[5.960561570665901,51.45812562710653],[5.960656156132053,51.45830565817696],[5.960906306576157,51.458679218032536],[5.960081839374484,51.45908837107189],[5.958892326341826,51.458958305285115],[5.957811084505899,51.45884793158533],[5.955618754922689,51.45862446814201],[5.95527396370887,51.45858932068672],[5.955234193787132,51.4585852665915],[5.954999016999334,51.45860175568446],[5.954810713753999,51.45861337458137],[5.95465118288048,51.458642690433024],[5.954571788333377,51.45868707539358],[5.954502354928236,51.45876708632927],[5.954428833232759,51.45882452308087],[5.954343713098908,51.45886774639282],[5.9542375213427565,51.45890036974392],[5.954136951722076,51.458925830773936],[5.953998283466171,51.45894909875734],[5.953819539709011,51.45896423704106],[5.9531774218767675,51.45891384303322],[5.952982829331876,51.4588791126748],[5.952908005132559,51.45883190946276],[5.952856021996767,51.45878459542946],[5.9528225414396525,51.458694382273485],[5.952502399273423,51.4586662054704],[5.9523063631016715,51.45866834479656],[5.952266937750434,51.458712534518185],[5.952174157562991,51.45875222590595],[5.952056647347225,51.458793226326],[5.951861185853099,51.45884173893524],[5.951708942704794,51.45884485400534],[5.951156259349032,51.45879163787521],[5.950849264990311,51.45874912317444],[5.95076136932488,51.45872219710827],[5.950517576247734,51.45855689359861],[5.95002928880912,51.45816920929183],[5.949883631849364,51.45808905014603],[5.949465178489918,51.45798646727413],[5.949399876342354,51.457980168526134]]]}},{"type":"Feature","id":"functioneel_gebied_vlak/129023071","properties":{"id":"functioneel_gebied_vlak/129023071","name":"Velmans","kind":"camping, kampeerterrein","source":"PDOK TOP10NL","sourceUrl":"https://api.pdok.nl/kadaster/brt-top10nl/ogc/v1/collections/functioneel_gebied_vlak/items/d9059133-3cfa-5ef3-a9f4-358e2ff17fbb","sourceDate":"2018-01-01"},"geometry":{"type":"Polygon","coordinates":[[[5.974955228867876,51.20808190668655],[5.975222486747846,51.20820027868548],[5.97610260382987,51.208589970115064],[5.9762726510998965,51.20870451763035],[5.976903801546769,51.20913116011071],[5.977092505679369,51.209332957618514],[5.977434354671651,51.20970525296932],[5.976178133922119,51.210203233716925],[5.976144144663238,51.21015858696656],[5.976004097511868,51.20997459125345],[5.9752299566714,51.21009176322084],[5.975171257341609,51.21001280447743],[5.97511684902941,51.20994370287535],[5.9750755899758206,51.20990008138462],[5.974972862323036,51.20978915576478],[5.974959977807274,51.20979212437228],[5.974943414758004,51.20978387536962],[5.975553188076538,51.20941648461117],[5.975030831811432,51.20907112912845],[5.97491379681702,51.209136702379176],[5.974753157602371,51.209047058700975],[5.9744021214473895,51.20884030694467],[5.974351731220446,51.2088188172469],[5.974233460872511,51.2087555032013],[5.974139135720078,51.208701416621984],[5.974074715412918,51.20866155230243],[5.974067244861508,51.208667100270766],[5.973992445505147,51.208626910787025],[5.973998950656783,51.20862084633827],[5.973860512862403,51.208548177360456],[5.974033593612948,51.20841267560107],[5.973594402251972,51.20822621424908],[5.97364809866893,51.208179569167555],[5.9744125949751465,51.20852504676231],[5.974740181948741,51.20828343928448],[5.9747854603748785,51.208303606314885],[5.974836127841652,51.208263007595235],[5.974955228867876,51.20808190668655]]]}},{"type":"Feature","id":"functioneel_gebied_vlak/129021336","properties":{"id":"functioneel_gebied_vlak/129021336","name":"De Hoge Notte","kind":"camping, kampeerterrein","source":"PDOK TOP10NL","sourceUrl":"https://api.pdok.nl/kadaster/brt-top10nl/ogc/v1/collections/functioneel_gebied_vlak/items/1666e9b6-ca0e-5d80-b8f3-eab9e138f7c6","sourceDate":"2018-01-01"},"geometry":{"type":"Polygon","coordinates":[[[5.735031613288417,51.294073341431776],[5.735078586403021,51.293951572511475],[5.735154637660408,51.293866621014836],[5.73521371733878,51.29377788984397],[5.735239471292971,51.29371569180747],[5.735261725030165,51.29366194479088],[5.735320597682802,51.29354596664891],[5.735406967487789,51.29347418315273],[5.73571147837499,51.2935141427754],[5.735608304737173,51.29383924798438],[5.735947370333498,51.293885591247765],[5.73572230620558,51.29464488188467],[5.7352789124529275,51.29457829814236],[5.7349048327179535,51.29452212147352],[5.735073367702453,51.29407969758649],[5.735031613288417,51.294073341431776]]]}},{"type":"Feature","id":"functioneel_gebied_vlak/129020913","properties":{"id":"functioneel_gebied_vlak/129020913","name":"Nabij de Fossa Eugenia","kind":"camping, kampeerterrein","source":"PDOK TOP10NL","sourceUrl":"https://api.pdok.nl/kadaster/brt-top10nl/ogc/v1/collections/functioneel_gebied_vlak/items/4aba7221-8a2c-5ac1-8cd8-adefdb4a1178","sourceDate":"2015-01-01"},"geometry":{"type":"Polygon","coordinates":[[[6.192235042958258,51.48405188910345],[6.192693973263242,51.48371410387069],[6.192939326612093,51.4835012130886],[6.193151312993617,51.48331028092927],[6.194046778818541,51.483635150193436],[6.193611308114022,51.48407767835355],[6.193616785442743,51.484079663036184],[6.193738397258509,51.484126680209684],[6.193770883251104,51.48414000215527],[6.193646133759043,51.48425953734062],[6.193618250864293,51.484274418075024],[6.1935111688999935,51.48433643611838],[6.193427728034075,51.48438469934364],[6.193255757928123,51.48449106777993],[6.192235042958258,51.48405188910345]]]}},{"type":"Feature","id":"functioneel_gebied_vlak/132197183","properties":{"id":"functioneel_gebied_vlak/132197183","name":"Maasparcje","kind":"caravanpark","source":"PDOK TOP10NL","sourceUrl":"https://api.pdok.nl/kadaster/brt-top10nl/ogc/v1/collections/functioneel_gebied_vlak/items/e414cd81-20bd-5345-b0df-e258722b40a9","sourceDate":"2023-01-01"},"geometry":{"type":"Polygon","coordinates":[[[5.977082163598324,51.209887288187886],[5.9771304324950005,51.20986828316884],[5.9779739966966385,51.20955644890788],[5.978365596145576,51.20938797260134],[5.978534953759829,51.20930744162557],[5.978750848004483,51.20917250594626],[5.978737340289796,51.209685117066726],[5.978712451811335,51.210677815329916],[5.978710456480341,51.21078162117535],[5.9777094637150014,51.21080540908355],[5.977674169877106,51.2105940419194],[5.976944711742648,51.21067082650574],[5.976459500625788,51.210721154178735],[5.976442509751622,51.21072309206217],[5.975795480309375,51.21079662888807],[5.975750468864016,51.21082424626007],[5.975703377216974,51.21084924038029],[5.975600842163993,51.21090416085121],[5.9755623367384585,51.21091909772393],[5.975477161209955,51.21075989379231],[5.975498056506969,51.21074214266139],[5.97575374802009,51.21052225413483],[5.975728736189156,51.210496897074286],[5.97563054221655,51.21050306637502],[5.9755161848803615,51.21043624607316],[5.975389409138354,51.21031835025869],[5.9752299566714,51.21009176322084],[5.976004097511868,51.20997459125345],[5.976144144663238,51.21015858696656],[5.976178133922119,51.210203233716925],[5.976141125930534,51.2102188193908],[5.976164993568019,51.21025536444373],[5.976188013660932,51.21024375087421],[5.9762115253596715,51.21023253032308],[5.976235514470001,51.21022171185088],[5.976239228803581,51.21022009298628],[5.976245903548036,51.21021720964827],[5.9762669134278585,51.21020841980096],[5.9762882563536275,51.210199933886564],[5.977082163598324,51.209887288187886]]]}},{"type":"Feature","id":"functioneel_gebied_vlak/129022500","properties":{"id":"functioneel_gebied_vlak/129022500","name":"Comfortparc Wessem","kind":"camping, kampeerterrein","source":"PDOK TOP10NL","sourceUrl":"https://api.pdok.nl/kadaster/brt-top10nl/ogc/v1/collections/functioneel_gebied_vlak/items/05f2c1ec-cb9b-5963-881d-56eb76a527c1","sourceDate":"2023-01-01"},"geometry":{"type":"Polygon","coordinates":[[[5.873650114716817,51.1531255092616],[5.874880323169102,51.15270057568494],[5.874916523954353,51.15263053927267],[5.8749757758013414,51.1525125630479],[5.875037930529788,51.15248970829329],[5.875384635415844,51.15237647006506],[5.875492457162675,51.1523807729908],[5.87581476673953,51.15246265859866],[5.875906282244891,51.15253362362743],[5.876311198152371,51.15291482898179],[5.876192762602667,51.15302328080438],[5.876088013000044,51.15300286474091],[5.875997113090471,51.152996433794065],[5.87590134198202,51.152996962725055],[5.875807089644346,51.153007238167945],[5.875792170878727,51.15300886501207],[5.875702404007627,51.15302830817621],[5.87560102239278,51.15305900930766],[5.875342939515348,51.15314323470614],[5.87506726134577,51.15323320208881],[5.874923443700491,51.15328010814809],[5.873981713223577,51.153587885119336],[5.873258500403315,51.153824311783126],[5.873153037951848,51.15386139199751],[5.873072635198654,51.153892093002234],[5.873009078634943,51.153919586343896],[5.872950194310786,51.153948282599984],[5.872948758564023,51.15394902569703],[5.872918509820985,51.15396481990875],[5.872850451145414,51.15400586031797],[5.872785223588348,51.154048363031265],[5.872720332113433,51.15409832510578],[5.872664994818279,51.15414889440512],[5.8725630237111925,51.15424996059078],[5.872488359121805,51.15432733464018],[5.872285469121529,51.154510207940895],[5.871734937385878,51.15508607122259],[5.871278235910005,51.15556627618763],[5.87089780100809,51.15596687043486],[5.870762265246644,51.15591516431189],[5.870779957965783,51.155895890311655],[5.870263315077324,51.15570506640706],[5.869894525389538,51.1555694829029],[5.869754491693694,51.155517992065775],[5.869791205725103,51.15549019858433],[5.869798529179483,51.155467579002526],[5.8697831945379715,51.15544742665237],[5.869771595741022,51.15542369017637],[5.869771358092146,51.155401093026626],[5.869801339502714,51.155375997226294],[5.869821925029636,51.1553545090664],[5.869868966878999,51.15533291094658],[5.869944242589269,51.15529810758203],[5.869993195964174,51.155278874539405],[5.870038350982734,51.15525728419438],[5.870066522391763,51.15523814651316],[5.870094504203848,51.15520235314959],[5.8705135761224465,51.15477608119809],[5.870545369896811,51.15474264493203],[5.870507413361277,51.15472972403084],[5.870576600055204,51.15465570896408],[5.870605021329766,51.15466034579694],[5.870707963227543,51.15456003238272],[5.870692338504169,51.15451371461937],[5.871138904159353,51.154005275030634],[5.871096152293527,51.1537164864223],[5.871095838840636,51.15368676137506],[5.8711277318229635,51.1536628437947],[5.871171085899233,51.15364958424225],[5.871227773308637,51.153646965912436],[5.87191673062517,51.153710682121655],[5.871935627057638,51.15370941670816],[5.873650114716817,51.1531255092616]]]}},{"type":"Feature","id":"functioneel_gebied_vlak/129020267","properties":{"id":"functioneel_gebied_vlak/129020267","name":"Ossa Basecamp","kind":"camping, kampeerterrein","source":"PDOK TOP10NL","sourceUrl":"https://api.pdok.nl/kadaster/brt-top10nl/ogc/v1/collections/functioneel_gebied_vlak/items/10305305-1bd6-5398-9c5a-6f0fe651ec2b","sourceDate":"2023-01-01"},"geometry":{"type":"Polygon","coordinates":[[[5.972127233581589,51.16065407334908],[5.972202994365553,51.160622284083374],[5.972572102145177,51.1604848724103],[5.973114987806879,51.16028775308887],[5.973814554818937,51.160034802845125],[5.9742554718108485,51.160536263871776],[5.972424869396098,51.16122516370267],[5.97224671455024,51.16105822908941],[5.971972609779855,51.16097377009517],[5.972017913958143,51.160909742491654],[5.971854921065043,51.16076194264977],[5.971882425091776,51.16075174040149],[5.972127233581589,51.16065407334908]]]}},{"type":"Feature","id":"functioneel_gebied_vlak/129019703","properties":{"id":"functioneel_gebied_vlak/129019703","name":"Bovensbos","kind":"camping, kampeerterrein","source":"PDOK TOP10NL","sourceUrl":"https://api.pdok.nl/kadaster/brt-top10nl/ogc/v1/collections/functioneel_gebied_vlak/items/8c89f5ec-a1c4-5440-bb91-f64b8a1cd233","sourceDate":"2018-01-01"},"geometry":{"type":"Polygon","coordinates":[[[6.001663054551864,51.302241550368755],[6.002875721388804,51.302499581299045],[6.002925242775622,51.302517614764696],[6.00288850600595,51.30260699641389],[6.002922461710491,51.30266330236748],[6.0030464014899225,51.30271021363436],[6.004032461717495,51.30303201497522],[6.003621857216515,51.303461892950104],[6.003494830212979,51.303608634949974],[6.003246946024689,51.30351481380972],[6.0030725201761745,51.30359303213479],[6.002750772932027,51.30349101167726],[6.00272677262464,51.30352333646681],[6.0026862021490555,51.303553517900404],[6.002593199276067,51.30357826847572],[6.00252506308882,51.30359004457804],[6.002454534439687,51.30359327129594],[6.002226250774945,51.30354688422557],[6.001080830743632,51.3033082226819],[6.001663054551864,51.302241550368755]]]}},{"type":"Feature","id":"functioneel_gebied_vlak/129022527","properties":{"id":"functioneel_gebied_vlak/129022527","name":"Landhuis De Maashof","kind":"camping, kampeerterrein","source":"PDOK TOP10NL","sourceUrl":"https://api.pdok.nl/kadaster/brt-top10nl/ogc/v1/collections/functioneel_gebied_vlak/items/9109558f-0566-5afa-baba-e0c847b77c14","sourceDate":"2018-01-01"},"geometry":{"type":"Polygon","coordinates":[[[6.171466580826496,51.46118219727236],[6.170598527352126,51.459871248211336],[6.171176236785794,51.45977840269992],[6.1712826518356,51.45975694980232],[6.17138689575277,51.459733929337325],[6.171471778806284,51.45970967262186],[6.171590774496572,51.45966593200051],[6.171772538106406,51.45957216773538],[6.172110010482253,51.45939587015112],[6.172125683278794,51.45938768356812],[6.172135726223813,51.459399319680514],[6.172238194548988,51.459469508464245],[6.1723450516031875,51.45955386126765],[6.172476037508666,51.45961970496879],[6.172547042005418,51.45966598777901],[6.172631902545211,51.45973555766798],[6.172721103482761,51.45979646881655],[6.172776471046346,51.459849652481466],[6.172849670146264,51.45993218200217],[6.172949215588146,51.460020475746866],[6.173007806894496,51.46006698571992],[6.173082524555022,51.460129072843934],[6.173173695998173,51.46019902231025],[6.173251169010062,51.46026398522409],[6.173331956745977,51.46033756418847],[6.1734164423741085,51.46040944621783],[6.173495910349546,51.46048323172388],[6.173541679079128,51.460522933293056],[6.173512770570374,51.460532126164765],[6.171526374694609,51.46116319698875],[6.171466580826496,51.46118219727236]]]}},{"type":"Feature","id":"functioneel_gebied_vlak/129021917","properties":{"id":"functioneel_gebied_vlak/129021917","name":"Aan de Linde","kind":"camping, kampeerterrein","source":"PDOK TOP10NL","sourceUrl":"https://api.pdok.nl/kadaster/brt-top10nl/ogc/v1/collections/functioneel_gebied_vlak/items/246c6ba6-c4fa-5ff7-85d4-dd81d45a11d9","sourceDate":"2018-01-01"},"geometry":{"type":"Polygon","coordinates":[[[5.96278360484819,51.37303841600362],[5.96282942177182,51.373044320098415],[5.963145102289611,51.373217873018014],[5.963245248288464,51.37326797651257],[5.9633162176463514,51.37330267337835],[5.962851264793032,51.37418051783103],[5.961526701563173,51.37376777570726],[5.961968525764016,51.372933368163515],[5.96278360484819,51.37303841600362]]]}},{"type":"Feature","id":"functioneel_gebied_vlak/129022501","properties":{"id":"functioneel_gebied_vlak/129022501","name":"Hatenboer","kind":"camping, kampeerterrein","source":"PDOK TOP10NL","sourceUrl":"https://api.pdok.nl/kadaster/brt-top10nl/ogc/v1/collections/functioneel_gebied_vlak/items/a9647c52-90f4-5bff-b9bb-3e69f0323dd8","sourceDate":"2023-01-01"},"geometry":{"type":"Polygon","coordinates":[[[5.968862792779044,51.194958317257125],[5.968852098743041,51.194387425819755],[5.9689587844596605,51.19372666527463],[5.969034805969712,51.19351318510165],[5.969115471241341,51.19342716104337],[5.969202771844057,51.19338676769016],[5.969306692998704,51.19322452011622],[5.969369238703344,51.19314239181881],[5.969436801893751,51.19297842347172],[5.969453060702863,51.19282803110141],[5.969473289417987,51.19275182284137],[5.969550707055966,51.19264869018379],[5.9695965910888145,51.1924467772613],[5.9696407754127385,51.19234951971451],[5.969655019989852,51.19227904942473],[5.96966945869518,51.19222379930852],[5.9696175032403325,51.19218600665788],[5.969565331357275,51.19213109050432],[5.969516428278657,51.19209518479915],[5.969518659245075,51.192032385603774],[5.969628608121665,51.19186820464728],[5.969811777137868,51.191747418090635],[5.9698781213278975,51.19172615561248],[5.96988705945917,51.19171469477558],[5.969886769435542,51.191691864225064],[5.969919663083784,51.19165935406862],[5.969979903634979,51.191634317002645],[5.9701252578124695,51.19163549053648],[5.970310069242646,51.19164407612358],[5.970583749598919,51.19173593287434],[5.970821484826668,51.19185841244761],[5.9708980013555335,51.1919227188677],[5.970926485702078,51.19201961176778],[5.970926096771159,51.192227004642575],[5.971012762810235,51.192374977723176],[5.97102903947154,51.1924643216565],[5.9710540129058325,51.19252317845201],[5.971532091226574,51.193209541690344],[5.971601901173004,51.193222509375424],[5.971689537717657,51.193208749608296],[5.971737449575634,51.19316664966145],[5.971806920028308,51.19315298177546],[5.971923989506301,51.193310314334234],[5.972007050498085,51.193412640258465],[5.972032058356652,51.19350399970451],[5.972028290518776,51.19357797157261],[5.972425907749949,51.193976528775586],[5.972539786634481,51.19407681925068],[5.972607054951948,51.19415266470225],[5.972535684601846,51.19417351640165],[5.972566014828087,51.19420392610643],[5.973522060893811,51.19540020561237],[5.97364558652541,51.19540295971754],[5.973789879262172,51.195439886064726],[5.973882148475982,51.195483034665486],[5.974024933962973,51.19558549800717],[5.974153695357066,51.195781508448555],[5.974204907331594,51.19580125916417],[5.974257811035443,51.1958190506996],[5.974305744153824,51.195821819776526],[5.974492414576699,51.19581185130478],[5.974803059332267,51.19575910619814],[5.975122926865369,51.19567925674769],[5.97547122377427,51.19557517198196],[5.975652212654491,51.19549601524589],[5.975654573158751,51.195492249827005],[5.975706843814322,51.19550040884475],[5.975557084123027,51.195729725206284],[5.974327284385054,51.19612609130683],[5.973042180810347,51.196482109297754],[5.9724064218204,51.19786381120067],[5.972416764828895,51.197932129276516],[5.972511916559661,51.1979732778943],[5.972368436559503,51.19822372350244],[5.971988810025916,51.198139421705434],[5.971471383087919,51.198008242099654],[5.971272126814521,51.19796762504788],[5.970935244838527,51.19789498835212],[5.9707027575294385,51.19784562022835],[5.970531975725663,51.19781080060982],[5.97037068830841,51.19777890843442],[5.970223909362626,51.19777072806144],[5.969996838711383,51.1977748427295],[5.969885972968299,51.19761485570056],[5.9698981627496535,51.19745723576971],[5.969901009426519,51.19730857077565],[5.969696493151272,51.19715084206321],[5.969491865830133,51.196985383032775],[5.968970915804053,51.196500439874555],[5.968954618946995,51.196408950779585],[5.968933520693592,51.19623781642545],[5.968929189757223,51.19604638189856],[5.9689366570350275,51.195739541741816],[5.968901513017437,51.195505447009765],[5.968870642915228,51.19530939019549],[5.968862792779044,51.194958317257125]]]}},{"type":"Feature","id":"functioneel_gebied_vlak/129021364","properties":{"id":"functioneel_gebied_vlak/129021364","name":"De Ulend","kind":"camping, kampeerterrein","source":"PDOK TOP10NL","sourceUrl":"https://api.pdok.nl/kadaster/brt-top10nl/ogc/v1/collections/functioneel_gebied_vlak/items/a051d04b-6e29-5429-a700-9a90ddce1c49","sourceDate":"2018-01-01"},"geometry":{"type":"Polygon","coordinates":[[[6.075136018877035,51.30900227410005],[6.075721093109776,51.30883707982267],[6.076164884004561,51.309524915321525],[6.076204772318371,51.30959138394153],[6.0756912691167235,51.3097232334838],[6.075815779260442,51.309884162874134],[6.075856287793182,51.30994188949998],[6.0758656598964675,51.30995524567445],[6.074880016459983,51.309894477802374],[6.0746406136276425,51.30987210770672],[6.074287075408387,51.309830195533735],[6.073969638131803,51.309791636310955],[6.073741475634413,51.30975968488721],[6.0737167057824735,51.309752695909935],[6.073697604203226,51.30973480916398],[6.073689680533791,51.309721936987714],[6.073729567161374,51.30947197528878],[6.073742703909302,51.30946238408512],[6.074374941270499,51.309253605523686],[6.075136018877035,51.30900227410005]]]}},{"type":"Feature","id":"functioneel_gebied_vlak/129019678","properties":{"id":"functioneel_gebied_vlak/129019678","name":"Peelhof","kind":"camping, kampeerterrein","source":"PDOK TOP10NL","sourceUrl":"https://api.pdok.nl/kadaster/brt-top10nl/ogc/v1/collections/functioneel_gebied_vlak/items/2710f1e2-0d66-56c6-bee1-5201c528703d","sourceDate":"2023-01-01"},"geometry":{"type":"Polygon","coordinates":[[[5.845619032999934,51.19077001042486],[5.844681008235468,51.19073080912758],[5.844901198212401,51.190340894696824],[5.8450326564794,51.19015320157438],[5.845528877667565,51.18947341262761],[5.846079365657297,51.18966251483572],[5.846129235809787,51.189653050397816],[5.846419354098839,51.18940867444245],[5.846431327712493,51.18941305864961],[5.846473393123362,51.18942844319159],[5.8468332006656185,51.18955682023139],[5.846500498674301,51.189923919869585],[5.84645622315443,51.18996641895671],[5.8470648017800295,51.190188185713936],[5.846882098011017,51.19038678399033],[5.846239159484665,51.19017477457221],[5.845619032999934,51.19077001042486]]]}},{"type":"Feature","id":"functioneel_gebied_vlak/129020822","properties":{"id":"functioneel_gebied_vlak/129020822","name":"Bergerhof","kind":"camping, kampeerterrein","source":"PDOK TOP10NL","sourceUrl":"https://api.pdok.nl/kadaster/brt-top10nl/ogc/v1/collections/functioneel_gebied_vlak/items/f0f25079-d6f8-5909-9acc-1cf11cf9ea01","sourceDate":"2018-01-01"},"geometry":{"type":"Polygon","coordinates":[[[6.0087913140667215,51.39767288084847],[6.008748264243792,51.397676166692875],[6.008747341853164,51.39762667306412],[6.008745936267682,51.397551279348704],[6.008723486446268,51.39720588509825],[6.008734790352067,51.39720717314637],[6.008965578411167,51.397233475612786],[6.009245689132325,51.397266683574415],[6.009823444611769,51.397349819804234],[6.010666411700883,51.39747112175266],[6.0106063574363375,51.397554949997094],[6.01051175635743,51.39768805142829],[6.009884791611551,51.397695277382674],[6.0091729296997,51.39770348345168],[6.009168463431983,51.39765415817993],[6.009080879333893,51.39765724136782],[6.0090806659818155,51.397658456008934],[6.009037777985145,51.3976599073594],[6.0090378378806,51.397661138520306],[6.008995102511755,51.397663245231],[6.008994736739615,51.39766487417509],[6.008951608021198,51.39766658745662],[6.008951512858857,51.39767014757207],[6.008888605693993,51.39767143600647],[6.008888474572119,51.39767025017],[6.008834128893079,51.39767133110109],[6.00883397104859,51.397672401623154],[6.0087913140667215,51.39767288084847]]]}},{"type":"Feature","id":"functioneel_gebied_vlak/129022508","properties":{"id":"functioneel_gebied_vlak/129022508","name":"'t Inj","kind":"camping, kampeerterrein","source":"PDOK TOP10NL","sourceUrl":"https://api.pdok.nl/kadaster/brt-top10nl/ogc/v1/collections/functioneel_gebied_vlak/items/b94f55e8-911c-55d0-bab0-888109e41589","sourceDate":"2023-01-01"},"geometry":{"type":"Polygon","coordinates":[[[5.987615002199776,51.23020226118609],[5.987116522388176,51.22975476589471],[5.986905608185763,51.229564613792675],[5.986754868987479,51.22941054732339],[5.986694663455318,51.22934900471376],[5.9866026941404415,51.22925500488598],[5.98658764548946,51.229238452884374],[5.986491527553392,51.2291413821555],[5.986615477785725,51.229095061169446],[5.986739403228744,51.229057810047536],[5.986758840166472,51.22905193888614],[5.986877214829583,51.229022680470514],[5.987095556209015,51.22926748317684],[5.987142308610615,51.229320600433624],[5.987343322912461,51.22924013634749],[5.987582589389214,51.22951043071741],[5.988121488445749,51.2301141231867],[5.988216854722245,51.23009448368907],[5.988286109152679,51.23008268267355],[5.988291885250001,51.23008098085981],[5.98851519412146,51.23001482677849],[5.988548769422776,51.23000562087744],[5.988652868681968,51.23015265091937],[5.989325777352601,51.22997314613103],[5.989349012341436,51.23001573632249],[5.989526732150308,51.23022836892047],[5.98844896015789,51.23054715910636],[5.988201777669641,51.23061532077866],[5.98814327922065,51.23054522437526],[5.987963488916403,51.230585158429136],[5.9876330824399995,51.23021848278641],[5.987615002199776,51.23020226118609]]]}},{"type":"Feature","id":"functioneel_gebied_vlak/129019701","properties":{"id":"functioneel_gebied_vlak/129019701","name":"De Rooëjbes","kind":"camping, kampeerterrein","source":"PDOK TOP10NL","sourceUrl":"https://api.pdok.nl/kadaster/brt-top10nl/ogc/v1/collections/functioneel_gebied_vlak/items/c92e2879-0968-53cf-a9b7-928799ec50cb","sourceDate":"2023-01-01"},"geometry":{"type":"Polygon","coordinates":[[[5.962499027586963,51.271416364036575],[5.9616448151242745,51.27078909349963],[5.961364953167959,51.27058328881456],[5.961303283786016,51.27053688659247],[5.9618037597524305,51.270302744377865],[5.961922356939097,51.2702472632265],[5.9619263792471955,51.27025034454214],[5.962785749666145,51.27090888752019],[5.962835900864074,51.2709473182642],[5.962834833210546,51.27094781007206],[5.963173918944387,51.27120524608688],[5.963073287713616,51.27123666104439],[5.963005712174121,51.27125778125098],[5.962499027586963,51.271416364036575]]]}},{"type":"Feature","id":"functioneel_gebied_vlak/129021360","properties":{"id":"functioneel_gebied_vlak/129021360","name":"'t Haasje","kind":"camping, kampeerterrein","source":"PDOK TOP10NL","sourceUrl":"https://api.pdok.nl/kadaster/brt-top10nl/ogc/v1/collections/functioneel_gebied_vlak/items/f0138964-989d-56ab-a207-494c6cff91fa","sourceDate":"2023-01-01"},"geometry":{"type":"Polygon","coordinates":[[[5.949256038531862,51.355529154242724],[5.949220812642765,51.35554664919814],[5.948131317885235,51.35525730666517],[5.948198684686807,51.35522650817088],[5.94822608749688,51.35521397993308],[5.948268638925685,51.35519452693157],[5.948974025391983,51.354872035110695],[5.9499912366728855,51.35516401115922],[5.949342883581625,51.355486022702856],[5.949256038531862,51.355529154242724]]]}},{"type":"Feature","id":"functioneel_gebied_vlak/129019680","properties":{"id":"functioneel_gebied_vlak/129019680","name":"De Peelfluiter","kind":"camping, kampeerterrein","source":"PDOK TOP10NL","sourceUrl":"https://api.pdok.nl/kadaster/brt-top10nl/ogc/v1/collections/functioneel_gebied_vlak/items/03e7d13d-5aa7-547e-82f5-90c425a1897e","sourceDate":"2020-01-01"},"geometry":{"type":"Polygon","coordinates":[[[5.853260519340635,51.31944571662347],[5.85338424237968,51.319422102127774],[5.853363983357322,51.319370811801996],[5.85410972470526,51.31925366224474],[5.8541523671339535,51.31935762064565],[5.85454030274368,51.32030334303878],[5.853677236138052,51.32044739589377],[5.853282582821646,51.31949909471154],[5.853260519340635,51.31944571662347]]]}},{"type":"Feature","id":"functioneel_gebied_vlak/129021891","properties":{"id":"functioneel_gebied_vlak/129021891","name":"'t Lange Ven","kind":"bungalowpark","source":"PDOK TOP10NL","sourceUrl":"https://api.pdok.nl/kadaster/brt-top10nl/ogc/v1/collections/functioneel_gebied_vlak/items/8a3f92bd-6730-55a9-8e39-ff2f696d50bd","sourceDate":"2020-07-01"},"geometry":{"type":"Polygon","coordinates":[[[5.942110333126192,51.238704677638545],[5.942284550363919,51.238551340086886],[5.942346597336708,51.23849682383178],[5.942589719168453,51.23870614474437],[5.942606974554427,51.23874920579235],[5.942755264584363,51.23885954266628],[5.942898950638268,51.23896242650315],[5.942939733836995,51.23897781840002],[5.942982121403219,51.23899089246147],[5.943020181254319,51.23899780281327],[5.943033077066343,51.23900790764703],[5.9430254332137755,51.23906717220157],[5.942995110047142,51.239073582414576],[5.942607220243303,51.239143679589084],[5.942466736913718,51.23903137319175],[5.94231609464808,51.23895003982785],[5.942139177347033,51.23888904831198],[5.941862196855121,51.23884379142332],[5.94154968190526,51.23893016008988],[5.941245086837101,51.239016637932934],[5.941245696927673,51.239017354139975],[5.941521023555821,51.23933105881815],[5.941434737760479,51.239344557963],[5.9413600543722005,51.23935833434418],[5.94126240735021,51.2393749347455],[5.940916407845116,51.23942687578322],[5.940885698470553,51.23943099510762],[5.940931991032836,51.2392126584974],[5.940458454649007,51.23915743722371],[5.940415591244824,51.23924011449934],[5.940396870592974,51.23927768735945],[5.94029101177067,51.239504927443825],[5.940231483772441,51.239495430609075],[5.939219233953558,51.239326385336156],[5.939219580667889,51.23932544884266],[5.939109481631408,51.23906324322675],[5.93906774788984,51.23896288222345],[5.9390057802094,51.23879947004847],[5.939589018398033,51.2387718737808],[5.939595176939344,51.23877077484457],[5.939671380632618,51.23875723507272],[5.939677809494612,51.23875599102508],[5.9397219969686805,51.2387474213859],[5.9399806959872805,51.23869633936585],[5.940224624876205,51.23864950685937],[5.940262247033801,51.238691396085486],[5.940264466370854,51.23870680153047],[5.94060387360408,51.23866074557092],[5.940599338370074,51.23864092860368],[5.94059022300352,51.23860113308171],[5.94085040705462,51.238577107695434],[5.940857198550706,51.238602325242034],[5.940918373512193,51.238696058086745],[5.940953147665535,51.238752244050545],[5.941063218896018,51.23872464521025],[5.941346321476184,51.238644328790585],[5.941438352588215,51.238618172886305],[5.94154217733747,51.23858918311155],[5.941736215762376,51.23853417161216],[5.941788905033307,51.23851821669187],[5.9419824416607065,51.23872931524658],[5.942021081191741,51.23877444799124],[5.942110333126192,51.238704677638545]]]}},{"type":"Feature","id":"functioneel_gebied_vlak/130482558","properties":{"id":"functioneel_gebied_vlak/130482558","name":"Diekendaal","kind":"bungalowpark","source":"PDOK TOP10NL","sourceUrl":"https://api.pdok.nl/kadaster/brt-top10nl/ogc/v1/collections/functioneel_gebied_vlak/items/f9f60bbb-e87f-5aaa-87e7-39f58b2ba4f6","sourceDate":"2018-01-01"},"geometry":{"type":"Polygon","coordinates":[[[5.996629434289041,51.65747747545487],[5.996779791190456,51.65736356009186],[5.998483828443894,51.656696364628445],[5.998203250964335,51.65630589009264],[5.998013088806671,51.65611530025975],[5.998468202299316,51.65644530035414],[5.998619339308519,51.65653773915365],[5.999277256306294,51.65700805231609],[5.9996201261115765,51.65725359877448],[5.9998492307720985,51.65745597992904],[6.0004333243716435,51.657894328426174],[5.999947696189641,51.65817655726839],[5.9996928331470105,51.65810559219442],[5.997130698653966,51.65752535697621],[5.996946682769976,51.657490166057805],[5.996629434289041,51.65747747545487]]]}},{"type":"Feature","id":"functioneel_gebied_vlak/131597454","properties":{"id":"functioneel_gebied_vlak/131597454","name":"De Bloksberg","kind":"camping, kampeerterrein","source":"PDOK TOP10NL","sourceUrl":"https://api.pdok.nl/kadaster/brt-top10nl/ogc/v1/collections/functioneel_gebied_vlak/items/bc8bc56e-7a8e-5ccd-88db-48dcfd0e8c31","sourceDate":"2023-01-01"},"geometry":{"type":"Polygon","coordinates":[[[5.9932471727674566,51.68190772668165],[5.993332203288154,51.68158823656201],[5.997774885982615,51.67950412571402],[5.9979639071888355,51.67965439507745],[5.998885721393041,51.68040129784683],[5.999509917836073,51.681441966427975],[5.999554704548722,51.68151605090059],[5.999452023791082,51.681525495755906],[5.999568599164158,51.68197531968995],[5.999562832162342,51.68202464398278],[5.999544743700069,51.68207064397521],[5.9995115883800905,51.68211346885089],[5.999456356378059,51.682142674416774],[5.9985864267717215,51.68249414041463],[5.998574272634298,51.68250373361409],[5.998748877139549,51.68317281189834],[5.998834268121013,51.683497128108606],[5.9990323243202575,51.68424932059739],[5.998944115153427,51.68426217699939],[5.9989022621706605,51.6842682922887],[5.998906529466745,51.68431438210088],[5.998890914052617,51.6843401983836],[5.99885923212163,51.68438841758738],[5.998789587590913,51.68447382367062],[5.998702633388074,51.68455388195371],[5.9986324397397155,51.68462223921644],[5.99853771676397,51.68469245935043],[5.998411737717556,51.68475580442968],[5.998074060328674,51.684872173006674],[5.997611765720282,51.68498590055123],[5.9975141478759655,51.68500142962885],[5.997579105941264,51.6852650805027],[5.995192888035458,51.685475122977905],[5.994150401951903,51.68557892268853],[5.994141029239316,51.68557985217343],[5.994062804554816,51.68533801193317],[5.9938395130288304,51.68452383916218],[5.993750601382717,51.684114531459954],[5.993649494391339,51.68367127356895],[5.993579469693665,51.68333197084062],[5.993496529855804,51.68294710824637],[5.993408845814142,51.682571753242875],[5.9933280597692375,51.68218122545729],[5.993328169058559,51.68216563902473],[5.9932471727674566,51.68190772668165]]]}},{"type":"Feature","id":"functioneel_gebied_vlak/129020271","properties":{"id":"functioneel_gebied_vlak/129020271","name":"Spikkerdal","kind":"camping, kampeerterrein","source":"PDOK TOP10NL","sourceUrl":"https://api.pdok.nl/kadaster/brt-top10nl/ogc/v1/collections/functioneel_gebied_vlak/items/922c10a8-11c4-5e38-89f4-c8c71a5bcae1","sourceDate":"2023-01-01"},"geometry":{"type":"Polygon","coordinates":[[[6.037015801241622,51.19501775716371],[6.036788072236344,51.195058153303165],[6.036788213352979,51.195058710396175],[6.036769682919186,51.19506178769608],[6.036759077060087,51.195033153992206],[6.036618975807325,51.194701720445565],[6.036591059582971,51.194634932895354],[6.036582568351956,51.194614621316056],[6.036572414895231,51.19459032789542],[6.036559392500366,51.19455917277363],[6.036559876727248,51.19455908186207],[6.036491022694395,51.19438748677916],[6.036513784914359,51.194265479451715],[6.038010149536822,51.19401005361277],[6.038018158765306,51.194152013074834],[6.038025486249027,51.19423791621851],[6.0380445809144545,51.19429511436047],[6.03806056664505,51.194344302706526],[6.038073560313393,51.19433713306092],[6.038435133236006,51.19413761975437],[6.038544476775009,51.19433214134729],[6.038563179326814,51.19435512932417],[6.038214697678333,51.194531434122894],[6.0381836907688315,51.19455989694604],[6.038253714916415,51.194662591946134],[6.03835313836833,51.194803378345576],[6.038533842505786,51.19509069773425],[6.0385706849043,51.19518465134416],[6.038544289428062,51.19519772557725],[6.038480535540507,51.195224582696696],[6.038421215423406,51.195251360992415],[6.0383456640345,51.19527154239081],[6.038230863278103,51.19529324711184],[6.037776286558765,51.19536438004502],[6.0376773092867575,51.195387173166345],[6.037622545586559,51.19539330468609],[6.0374947471800615,51.19541251058251],[6.0374423435147975,51.1954201861572],[6.037244776355433,51.19498228746131],[6.037015801241622,51.19501775716371]]]}},{"type":"Feature","id":"functioneel_gebied_vlak/132471754","properties":{"id":"functioneel_gebied_vlak/132471754","name":"Camperplaats Weert","kind":"camping, kampeerterrein","source":"PDOK TOP10NL","sourceUrl":"https://api.pdok.nl/kadaster/brt-top10nl/ogc/v1/collections/functioneel_gebied_vlak/items/f3fc7a62-0192-5c1c-bfe7-2975b769da7c","sourceDate":"2024-01-01"},"geometry":{"type":"Polygon","coordinates":[[[5.6921015330248155,51.25502555820513],[5.6926755914063385,51.25440219460504],[5.692706046017017,51.254422329860226],[5.692746046577067,51.25445314288973],[5.692782328882553,51.254494667429235],[5.692814781057165,51.254530256486156],[5.692852879471233,51.254559885147174],[5.692890953247438,51.25458594642366],[5.692936559698972,51.25460485244064],[5.692984069407399,51.25462494332824],[5.693022032232898,51.2546343564399],[5.6930845913744985,51.254637759279404],[5.693156552809673,51.25463043502798],[5.692622722556169,51.25519598149813],[5.6921015330248155,51.25502555820513]]]}},{"type":"Feature","id":"functioneel_gebied_vlak/129023060","properties":{"id":"functioneel_gebied_vlak/129023060","name":"De Kokmeeuw","kind":"camping, kampeerterrein","source":"PDOK TOP10NL","sourceUrl":"https://api.pdok.nl/kadaster/brt-top10nl/ogc/v1/collections/functioneel_gebied_vlak/items/84c5538b-ded5-5c05-bf24-205459241294","sourceDate":"2015-01-01"},"geometry":{"type":"Polygon","coordinates":[[[5.780361967274576,51.309814636997956],[5.780147947985739,51.30962492156755],[5.781854219439438,51.30885977269578],[5.782289289942849,51.30914913131069],[5.781038049077777,51.30983559518025],[5.78063812034452,51.310056340372945],[5.780398082924986,51.30984665020228],[5.780361967274576,51.309814636997956]]]}},{"type":"Feature","id":"functioneel_gebied_vlak/129019085","properties":{"id":"functioneel_gebied_vlak/129019085","name":"Bruisterbosch","kind":"camping, kampeerterrein","source":"PDOK TOP10NL","sourceUrl":"https://api.pdok.nl/kadaster/brt-top10nl/ogc/v1/collections/functioneel_gebied_vlak/items/f86f41d5-27e0-5543-b5dd-c02c6783745b","sourceDate":"2017-01-01"},"geometry":{"type":"Polygon","coordinates":[[[5.804384364297591,50.80622888796049],[5.804443013855037,50.806229404105984],[5.805189709997355,50.80623591661852],[5.805427620316893,50.806230848138526],[5.805608840142032,50.806230146532855],[5.806330213933208,50.806263305799206],[5.806321379492481,50.80635009922888],[5.8063096252043955,50.80646545216727],[5.805805624339284,50.80642161692788],[5.805613679532917,50.8064050539838],[5.805488443454444,50.8064080247267],[5.805335264824015,50.806427186767436],[5.8050301029765805,50.80645651696206],[5.804774295711525,50.80646867872177],[5.804601660872795,50.80646975248245],[5.804562189064509,50.806472223329706],[5.804465834794377,50.80647826164452],[5.804254382806255,50.80649152037783],[5.804160396242928,50.80649741505012],[5.803774082394651,50.80652129106617],[5.803757706545046,50.80652230298569],[5.803734825377232,50.806369069987376],[5.803708660302929,50.80622453216044],[5.803944207918705,50.806223322530364],[5.803943744845687,50.806206505873796],[5.804104043472481,50.8062077428635],[5.804182255391134,50.80620193218356],[5.80418749847687,50.80623129812778],[5.804384364297591,50.80622888796049]]]}},{"type":"Feature","id":"functioneel_gebied_vlak/129021293","properties":{"id":"functioneel_gebied_vlak/129021293","name":"De Cauberg","kind":"camping, kampeerterrein","source":"PDOK TOP10NL","sourceUrl":"https://api.pdok.nl/kadaster/brt-top10nl/ogc/v1/collections/functioneel_gebied_vlak/items/bd490bd4-33f4-5cb1-b9cf-26fdd43b2d80","sourceDate":"2017-01-01"},"geometry":{"type":"Polygon","coordinates":[[[5.8187982319294065,50.85668367008193],[5.81888071518151,50.85667315030069],[5.818970311434302,50.856943429171906],[5.819171436797123,50.85691126731481],[5.819556675947794,50.85686206713578],[5.819832871744892,50.857635356431366],[5.819602763877423,50.85766147754979],[5.819439886471957,50.85767996650294],[5.819426777951947,50.85768145380367],[5.818616190862318,50.85777348475158],[5.818607735532021,50.85777444220385],[5.818480635266267,50.85726388755479],[5.818432769729288,50.857019073141686],[5.818418369523894,50.85697788572906],[5.81834975252604,50.85674029498257],[5.8187982319294065,50.85668367008193]]]}},{"type":"Feature","id":"functioneel_gebied_vlak/129019227","properties":{"id":"functioneel_gebied_vlak/129019227","name":"De Heijense Molen","kind":"bungalowpark","source":"PDOK TOP10NL","sourceUrl":"https://api.pdok.nl/kadaster/brt-top10nl/ogc/v1/collections/functioneel_gebied_vlak/items/e1a802ac-325d-51fa-9c9f-137b25510d18","sourceDate":"2023-01-01"},"geometry":{"type":"Polygon","coordinates":[[[5.991700414438085,51.65464547007105],[5.99191280684059,51.65434826576477],[5.991931298994045,51.65434896120822],[5.992025180134866,51.65421753709269],[5.99253580592127,51.65424781342123],[5.992586492232077,51.65406567312665],[5.99222279732938,51.65393962648208],[5.992355980832066,51.65374640805311],[5.992323544701349,51.65373820728342],[5.992555899998194,51.65341400421722],[5.99286682250729,51.65297980334679],[5.992856982462175,51.65297338238855],[5.992997639160622,51.652779666083994],[5.993213549799705,51.65249072870168],[5.993283402034727,51.6523913290006],[5.993537751776345,51.651997014662086],[5.993572144093741,51.65195929946948],[5.993645822870463,51.65199035124754],[5.99498981739341,51.6525567875073],[5.995318527193933,51.65269596015268],[5.995624459852653,51.65282507506315],[5.995750465381298,51.65287966460175],[5.9959196209953864,51.6529590002573],[5.996133380011359,51.653047541739625],[5.996478040957932,51.65319030453214],[5.996522416838237,51.65320840150219],[5.996603320221653,51.653242317171646],[5.9970967563596345,51.65345173676469],[5.9974851450917654,51.65361653379234],[5.9975530287186105,51.653646085264185],[5.997920976122817,51.653807913326936],[5.998197091095906,51.65392908730815],[5.998305493540396,51.6539766559335],[5.998657186496088,51.65413294862079],[5.9991567906467616,51.65435251159415],[5.999254380614528,51.654395425791805],[5.999326442885162,51.65442711168256],[5.999382657839088,51.65445171641146],[5.999786018821947,51.65462919161816],[6.000159957978722,51.65479794769533],[6.0003179472679,51.65486902997284],[6.0004856777456395,51.65494442052716],[6.000536334495479,51.654967202169196],[6.000912747546305,51.65513574513838],[6.001314675869371,51.6553175012895],[6.00151671140914,51.65525294440631],[6.001727363328949,51.655199326166795],[6.0019013679591895,51.654961702755486],[6.002072398373424,51.65472866997053],[6.002645969167801,51.654895847695904],[6.0031466349409115,51.65504053002912],[6.003486223733535,51.655139137392226],[6.003903112749807,51.65525991615746],[6.003950002743507,51.65527336788649],[6.004075649082713,51.65530989205434],[6.004369743647061,51.655395388391],[6.004709532207223,51.65549341588829],[6.0050376589657875,51.65558819611588],[6.005475028049199,51.65571488363862],[6.005812257224518,51.65581456641162],[6.005854982724112,51.65582563940055],[6.00647522345192,51.65600386854525],[6.006649847364301,51.656067636329745],[6.006234362652866,51.65638039599483],[6.005981244802378,51.6565720443312],[6.005885970894016,51.65652916838234],[6.005527071596351,51.65679865114024],[6.005462909521878,51.65676614526603],[6.00501349580044,51.65710568644261],[6.0045689876582395,51.65688240584752],[6.0045397636736535,51.656870578020566],[6.004230447764582,51.65672616922702],[6.003890905166909,51.65656192794859],[6.003548415034154,51.656395427064226],[6.0035262870797785,51.65641223569911],[6.0035009123312175,51.65643152434389],[6.003364053570977,51.65653550767878],[6.0030062391559,51.65635888367841],[6.00283245260224,51.65647116854715],[6.002755022741815,51.65641395802206],[6.0023307517394064,51.65669066012346],[6.002058933662205,51.65686771958068],[6.001461957024682,51.65725012547097],[6.001131331465113,51.65702576665464],[6.0009108481574405,51.656876146003455],[6.00111103605206,51.65669077290791],[6.001016137982453,51.656635855117415],[6.000972016801569,51.65661027985827],[6.000763079115552,51.656489164592855],[6.000696877851417,51.656533044132125],[6.000338230131368,51.6563282636502],[6.000410324421776,51.65628520736425],[6.000141467943231,51.656130607294436],[6.000063079052592,51.656085525834406],[5.9997918578083205,51.65592900477288],[5.999713656741055,51.65588386816495],[5.999650938790935,51.65584767516924],[5.999367166916784,51.655930903576035],[5.999184260136317,51.65578705169909],[5.9991833983243525,51.655786373062014],[5.999401767649436,51.65565653005759],[5.999143261305482,51.65550801294613],[5.999051403001931,51.655455235001774],[5.998701375764098,51.65525408096156],[5.9982471574470475,51.65499292185441],[5.997628126559103,51.65463726833361],[5.99725300275847,51.65488918345158],[5.997488512120224,51.65500053037495],[5.99700200044512,51.65541078912797],[5.996445832004557,51.655019286710036],[5.996421310794833,51.65500202566354],[5.995828056123623,51.65499237857316],[5.995100721780855,51.654998568307875],[5.994674378367477,51.65500373068531],[5.994220059785687,51.655008002927865],[5.994134519211706,51.655008806184405],[5.993695061799381,51.65501273807146],[5.993506095615687,51.65501442799751],[5.993155508822484,51.65501769117459],[5.993168185760791,51.654642882336546],[5.993166453377189,51.65462222957519],[5.991700414438085,51.65464547007105]]]}},{"type":"Feature","id":"functioneel_gebied_vlak/131597719","properties":{"id":"functioneel_gebied_vlak/131597719","name":"De Lanterdhoeve","kind":"camping, kampeerterrein","source":"PDOK TOP10NL","sourceUrl":"https://api.pdok.nl/kadaster/brt-top10nl/ogc/v1/collections/functioneel_gebied_vlak/items/afcaf83b-10a6-51f5-b5c4-49a44b04f4d9","sourceDate":"2020-01-01"},"geometry":{"type":"Polygon","coordinates":[[[6.008456029673155,51.28831748645847],[6.00809269335909,51.288466430787615],[6.007885564009601,51.288272729230734],[6.007483964737949,51.288446221750796],[6.006780057192632,51.2878865620837],[6.007651259573787,51.287515628693974],[6.007709179860463,51.28756440086049],[6.008450944945604,51.288314637125104],[6.008456029673155,51.28831748645847]]]}},{"type":"Feature","id":"functioneel_gebied_vlak/129023068","properties":{"id":"functioneel_gebied_vlak/129023068","name":"Groot Einder","kind":"camping, kampeerterrein","source":"PDOK TOP10NL","sourceUrl":"https://api.pdok.nl/kadaster/brt-top10nl/ogc/v1/collections/functioneel_gebied_vlak/items/965187d0-1cbe-52d7-91dd-a2e3167ac2ec","sourceDate":"2015-01-01"},"geometry":{"type":"Polygon","coordinates":[[[5.880802326433631,51.24030437935586],[5.880788803708283,51.240253451783694],[5.880781487049223,51.24023359941745],[5.881034129863656,51.23967900056095],[5.8819523520169374,51.239762515552826],[5.882065895332271,51.24046517912783],[5.881899203294876,51.24044878231974],[5.8817435325285246,51.240610974530576],[5.881572454989959,51.240809268450064],[5.880856962518548,51.240598524484106],[5.880841540600661,51.24048963566061],[5.880820103212974,51.240371343022176],[5.880810699972819,51.24033593076391],[5.880802326433631,51.24030437935586]]]}},{"type":"Feature","id":"functioneel_gebied_vlak/129022437","properties":{"id":"functioneel_gebied_vlak/129022437","name":"Ransdalerveld","kind":"camping, kampeerterrein","source":"PDOK TOP10NL","sourceUrl":"https://api.pdok.nl/kadaster/brt-top10nl/ogc/v1/collections/functioneel_gebied_vlak/items/124a29c1-bddc-5c60-adac-8ca44fec2608","sourceDate":"2019-01-01"},"geometry":{"type":"Polygon","coordinates":[[[5.8927891092157765,50.8615387261292],[5.892712618575987,50.86175151521515],[5.892692593590126,50.86180500633933],[5.892174154846781,50.86174248214609],[5.89151624168279,50.861326499121766],[5.891613095658581,50.86126249377974],[5.891511589917281,50.861201437452024],[5.890741029741366,50.86073755386117],[5.891176036353569,50.860354209486964],[5.891659804956421,50.860724725575416],[5.89194608206788,50.86091447208356],[5.8928051277799955,50.86148384129156],[5.8927891092157765,50.8615387261292]]]}},{"type":"Feature","id":"functioneel_gebied_vlak/129020748","properties":{"id":"functioneel_gebied_vlak/129020748","name":"La Dolce Vita","kind":"camping, kampeerterrein","source":"PDOK TOP10NL","sourceUrl":"https://api.pdok.nl/kadaster/brt-top10nl/ogc/v1/collections/functioneel_gebied_vlak/items/39073085-e48d-5131-b1bb-bdc53d834a2e","sourceDate":"2019-01-01"},"geometry":{"type":"Polygon","coordinates":[[[5.894451764089091,50.864220491596654],[5.894452296487239,50.864220063967444],[5.894451366627909,50.86422035176626],[5.894212420754013,50.864127286577165],[5.894471095612672,50.8639266819619],[5.894517368487449,50.8638983825386],[5.894788776043983,50.86370555403286],[5.89559808087535,50.8631305740287],[5.895598362957772,50.863130393007495],[5.895956336831256,50.86290315733871],[5.896102625387224,50.862811674706016],[5.8961027093462,50.86281172152817],[5.89610407289839,50.862809380633884],[5.896740843913649,50.86316902599392],[5.896496635641959,50.86332364558519],[5.896487735985106,50.86331869427022],[5.89626641536215,50.86346073405215],[5.896146804081749,50.863528966200775],[5.8960349037761315,50.86358625613187],[5.895897627136241,50.86365571419886],[5.8956211281913715,50.86379557269757],[5.895075560044579,50.86407909275109],[5.8948548524951505,50.86396637856317],[5.894504918785104,50.86424251928612],[5.894477547499065,50.864231032516564],[5.894451764089091,50.864220491596654]]]}},{"type":"Feature","id":"functioneel_gebied_vlak/129021909","properties":{"id":"functioneel_gebied_vlak/129021909","name":"Barbizon","kind":"camping, kampeerterrein","source":"PDOK TOP10NL","sourceUrl":"https://api.pdok.nl/kadaster/brt-top10nl/ogc/v1/collections/functioneel_gebied_vlak/items/f9b2cebe-b93a-510f-842d-8597c0bd42ee","sourceDate":"2015-01-01"},"geometry":{"type":"Polygon","coordinates":[[[6.07745914828992,51.33055039927798],[6.077425377943733,51.33044253388089],[6.077315911937321,51.33009289093802],[6.077066606073297,51.32931163435273],[6.077684640950243,51.329201281404174],[6.077734804573003,51.329623951590484],[6.077764922213329,51.32988128040608],[6.077784834876042,51.33005672615687],[6.07779240284159,51.33012550093374],[6.077846465298587,51.3306113764447],[6.077587605693616,51.330570878802504],[6.07745914828992,51.33055039927798]]]}},{"type":"Feature","id":"functioneel_gebied_vlak/129019711","properties":{"id":"functioneel_gebied_vlak/129019711","name":"Gravenhof","kind":"caravanpark","source":"PDOK TOP10NL","sourceUrl":"https://api.pdok.nl/kadaster/brt-top10nl/ogc/v1/collections/functioneel_gebied_vlak/items/a890c303-69b0-53e4-876a-d1e063d6b13d","sourceDate":"2015-01-01"},"geometry":{"type":"Polygon","coordinates":[[[6.0593589828595205,51.29218217773013],[6.059447621377986,51.292023791794435],[6.059602796793949,51.29180990979116],[6.059663581384894,51.2917444062655],[6.059677209690855,51.29172938778903],[6.059781750531457,51.29163863295168],[6.05979517662958,51.29162741798323],[6.059857720380725,51.29158213846378],[6.059906097062784,51.29154156113888],[6.060035284396398,51.2913652320197],[6.060420131565631,51.29148514063126],[6.060700493812119,51.29156493232535],[6.061117379716641,51.29165615808199],[6.06141097199712,51.29175215957709],[6.061782297975187,51.29183550279139],[6.062168392896935,51.29196069295814],[6.0626499167657855,51.292084096653944],[6.063157074847401,51.29221025296605],[6.063509865353052,51.292305860474585],[6.063873446559067,51.29239813218948],[6.0642205471559825,51.29250528556642],[6.064644062994951,51.29260459525882],[6.065087545365554,51.292736363352915],[6.065668598463021,51.29292363523969],[6.067344749940379,51.293404690238766],[6.066861203019638,51.29355608509082],[6.066683695209514,51.29380220704],[6.066661660765226,51.2937974995631],[6.0659614061142,51.293647773690964],[6.065241734820779,51.293490677860134],[6.064331218475743,51.29330965348226],[6.064208275026694,51.29328324870762],[6.063276287867211,51.29307975157955],[6.062715891002972,51.29295581038329],[6.06253213725801,51.29291710917341],[6.062110845057851,51.292828466853756],[6.061919529810105,51.292787345531266],[6.061354947081601,51.29266488728528],[6.060639284517048,51.29251404121198],[6.060126091037924,51.29239155837631],[6.059756244712163,51.2923046147063],[6.059554825999226,51.292260536569955],[6.059385791185711,51.292215273296996],[6.0593589828595205,51.29218217773013]]]}},{"type":"Feature","id":"functioneel_gebied_vlak/129019161","properties":{"id":"functioneel_gebied_vlak/129019161","name":"'t Eyveld","kind":"camping, kampeerterrein","source":"PDOK TOP10NL","sourceUrl":"https://api.pdok.nl/kadaster/brt-top10nl/ogc/v1/collections/functioneel_gebied_vlak/items/fcaf19e7-0f39-5eae-9969-e52d3195cf39","sourceDate":"2015-01-01"},"geometry":{"type":"Polygon","coordinates":[[[6.062664981422151,51.26365363879453],[6.0628200934737855,51.26406345630815],[6.061568875698019,51.264262406918014],[6.061552998035865,51.263908088158544],[6.061533756222461,51.26380790000522],[6.061432213702612,51.26294364419899],[6.062335644688702,51.26282081930118],[6.0624564999066335,51.26313778154185],[6.062598201542911,51.263493464280394],[6.062664981422151,51.26365363879453]]]}},{"type":"Feature","id":"functioneel_gebied_vlak/129020217","properties":{"id":"functioneel_gebied_vlak/129020217","name":"Remar","kind":"bungalowpark","source":"PDOK TOP10NL","sourceUrl":"https://api.pdok.nl/kadaster/brt-top10nl/ogc/v1/collections/functioneel_gebied_vlak/items/8db06e79-2c47-5f80-8e35-70e468931ac5","sourceDate":"2014-01-01"},"geometry":{"type":"Polygon","coordinates":[[[5.745917502390242,50.920563419389765],[5.745910786522672,50.92055746262414],[5.745834299034232,50.92048690352842],[5.746020643443839,50.92040725970815],[5.746052560433419,50.920446397068424],[5.746249363831092,50.920353030404506],[5.746456450589879,50.92027461589451],[5.746466734751533,50.92028956838216],[5.7465882947869,50.920245666758404],[5.746601003618383,50.92013717671071],[5.746749608807192,50.92008749195484],[5.746873448934541,50.92004247731294],[5.746918525696354,50.920153520337045],[5.746948580223921,50.92018716206236],[5.747147802348979,50.920116231517724],[5.7472433431096475,50.920082217001394],[5.74725074088111,50.920091722166525],[5.747463550127573,50.920041773725785],[5.7475054461970565,50.92012223734725],[5.747476978405253,50.920129831704486],[5.747137760963403,50.920252992277234],[5.7470677078718415,50.920278423962586],[5.746953601331057,50.92032067592952],[5.74652705049316,50.92047860549086],[5.7466137253202305,50.92054968979172],[5.7466590641961695,50.92058291556292],[5.7466986158957,50.92061623121141],[5.746732642119713,50.92064488981296],[5.7467898827224015,50.920690725867146],[5.746847522596634,50.92073668649612],[5.746855836642841,50.92074332139255],[5.746879104412504,50.9207618739666],[5.746855688735712,50.920770000782156],[5.74668586453476,50.920828938218484],[5.746380012539048,50.92093508482184],[5.746243078881717,50.920827230111804],[5.745999790566108,50.92063558742395],[5.745923087085712,50.92056838189946],[5.745917502390242,50.920563419389765]]]}},{"type":"Feature","id":"functioneel_gebied_vlak/129019776","properties":{"id":"functioneel_gebied_vlak/129019776","name":"Het Heijderbos","kind":"bungalowpark","source":"PDOK TOP10NL","sourceUrl":"https://api.pdok.nl/kadaster/brt-top10nl/ogc/v1/collections/functioneel_gebied_vlak/items/f97ef146-b67e-52d9-88b2-555ffe7843b2","sourceDate":"2018-01-01"},"geometry":{"type":"Polygon","coordinates":[[[6.002669734702745,51.672547243438174],[6.002840439422435,51.67263105553739],[6.0030347333172696,51.672715552274866],[6.003331419787889,51.672811240081515],[6.0033962386689135,51.67283415272742],[6.003662676156825,51.6729283000584],[6.004162628402176,51.673103328289514],[6.004490281254155,51.673195425254036],[6.005334834856481,51.67343360131341],[6.006853904639335,51.673863276090415],[6.007966162445272,51.674179521177095],[6.008412809530529,51.674306993980395],[6.0101089756307235,51.674785313584735],[6.008666628957822,51.67542740439294],[6.008676675724007,51.675478883446644],[6.009487089327608,51.675882289043045],[6.008648457761448,51.67623394274996],[6.0087064616036345,51.676269598721],[6.009182009847544,51.67650896871313],[6.0097799281438276,51.67680755998467],[6.009698084031843,51.67684777934355],[6.009593551430226,51.67689616418688],[6.0093823136377615,51.67699375412311],[6.009540500998432,51.677119843124395],[6.009672830082689,51.677222258268564],[6.00968833856135,51.67723448137486],[6.009664961318702,51.67724513148209],[6.008967422926786,51.67756538546328],[6.008296405697928,51.67787296424862],[6.008272999869471,51.67788368613618],[6.007841765219839,51.67752157014833],[6.007457108046775,51.677697378914246],[6.007898849374039,51.67805503612414],[6.007874809936333,51.67806595904259],[6.0076187439622535,51.67818273165218],[6.007605652372166,51.678176985326296],[6.007491457836949,51.67822971608126],[6.006255267505596,51.67879808195754],[6.005926377887772,51.67874354224996],[6.005762059890836,51.67871653654807],[6.0055487433970685,51.67868123216821],[6.005010174115683,51.67859176142766],[6.004340190493058,51.67848103059612],[6.004344820184559,51.67847064219062],[6.00250472811849,51.67816450035251],[6.002014913059504,51.67806772144071],[6.000980230279694,51.677841062028754],[6.000624466804284,51.677764536111056],[5.999611905395709,51.677547519473386],[5.999116998580393,51.67744209010707],[5.997847976804475,51.67717045315827],[5.997111512079293,51.67701372719981],[5.996510149639774,51.676879520316],[5.995733649076559,51.67671125484044],[5.99535008693004,51.67663046209707],[5.995201044991439,51.676597627504385],[5.994649688546191,51.67647409062366],[5.994002820820764,51.67633620593651],[5.9937276914366615,51.67628173100363],[5.992918426917096,51.67610203022406],[5.992536395787671,51.67595983641632],[5.99238892813499,51.67590494079037],[5.9915289454874605,51.67556628448506],[5.991175716754582,51.67543444536778],[5.9905308900965055,51.675191821475714],[5.990322981872826,51.675126223595115],[5.990039394479889,51.675041536576956],[5.9897740024660155,51.674962777649675],[5.989225730612946,51.67480005358841],[5.988563391388819,51.67460347727797],[5.988680283984758,51.6744253944743],[5.988737616932859,51.67435105080528],[5.9888208606138695,51.67425412012054],[5.988985851291234,51.67403694054396],[5.989086814426558,51.673920143397005],[5.989591681398462,51.673268920438865],[5.989746213611611,51.673064863181494],[5.989869570138357,51.672910350248934],[5.98992338761034,51.672857821723234],[5.990045044512979,51.672748359816424],[5.989815751994197,51.672580714424086],[5.990650277572515,51.67214308683084],[5.990703582351213,51.67217799384942],[5.991101313844072,51.67197313898078],[5.992219267864659,51.67139734593338],[5.991173902817616,51.67081974536685],[5.991255416175923,51.670720772385415],[5.991269600752457,51.67069825434472],[5.991330201029554,51.6705866971646],[5.991363217056394,51.67048909800202],[5.991364835594512,51.670483642482566],[5.991390086119557,51.67039885636723],[5.992889026589098,51.67027875917609],[5.993705557161664,51.67021989746187],[5.993932926576261,51.67020941572693],[5.994634681910783,51.6701856501425],[5.99462056781609,51.670177741403776],[5.994625205360242,51.67017752857327],[5.99542467317446,51.67015088707796],[5.995712817897921,51.670140607393776],[5.996132465213451,51.670139692318344],[5.996464822216196,51.67014595371764],[5.996817798724713,51.670164394368065],[5.996894838451069,51.67016785824027],[5.997004709493721,51.670181092545434],[5.997053733637827,51.67044524946186],[5.997114444815474,51.67109168985233],[5.997106139624343,51.67115443847216],[5.997180646636647,51.67119831967682],[5.997247649646579,51.6712378174929],[5.997119660983823,51.67131138305439],[5.999609212102623,51.67267177123862],[5.999864444583818,51.67255188335461],[6.0002397467040165,51.672437856008024],[6.000648384905558,51.67236439864789],[6.000908216626816,51.67235158503944],[6.0018581990425774,51.67283461652711],[6.00203469599119,51.67283084019486],[6.002669734702745,51.672547243438174]]]}},{"type":"Feature","id":"functioneel_gebied_vlak/129021373","properties":{"id":"functioneel_gebied_vlak/129021373","name":"'t Rouweelse Veld","kind":"camping, kampeerterrein","source":"PDOK TOP10NL","sourceUrl":"https://api.pdok.nl/kadaster/brt-top10nl/ogc/v1/collections/functioneel_gebied_vlak/items/f34e6b29-a280-54ca-b624-04158a597d59","sourceDate":"2015-01-01"},"geometry":{"type":"Polygon","coordinates":[[[6.0139400929163225,51.41447605072618],[6.014020190864148,51.414467736742104],[6.01406096789961,51.41463256268223],[6.014071135804404,51.4146312765186],[6.01407212595342,51.41463115096689],[6.014084557068525,51.41467436005596],[6.014025983213706,51.41468094932026],[6.0140411078990015,51.414738603701124],[6.014177876063448,51.41472217347467],[6.0142079436627,51.41483573033783],[6.014321920276458,51.41502880104346],[6.014550390240385,51.41492164636429],[6.01472785648736,51.414843737069575],[6.014920936057334,51.415014475343355],[6.015172804842406,51.41523272653523],[6.014416416982098,51.415585271927775],[6.013773314664661,51.41512238649626],[6.013359908344037,51.41482477425003],[6.013462836210647,51.414789371300515],[6.013456063238298,51.4147682747828],[6.01339297954553,51.41457110056603],[6.013684960156794,51.41453628163472],[6.013676361547658,51.41450577457244],[6.013750086645549,51.41449710850388],[6.013865086140889,51.414484544027765],[6.0139400929163225,51.41447605072618]]]}},{"type":"Feature","id":"functioneel_gebied_vlak/129019655","properties":{"id":"functioneel_gebied_vlak/129019655","name":"Porta Isola","kind":"bungalowpark","source":"PDOK TOP10NL","sourceUrl":"https://api.pdok.nl/kadaster/brt-top10nl/ogc/v1/collections/functioneel_gebied_vlak/items/47af0d5a-bd34-5e4f-8c1b-6131a8e4be7b","sourceDate":"2014-01-01"},"geometry":{"type":"Polygon","coordinates":[[[5.850614149470458,51.134770245050724],[5.850602830717355,51.13480531100024],[5.85059567774235,51.13481146099913],[5.850433896507382,51.134732860606064],[5.850265545876936,51.13462472170179],[5.8502646711555855,51.134614486832795],[5.850205619686382,51.13458446575831],[5.85009051836189,51.13452594865206],[5.849884230605882,51.134469628689864],[5.849868944486621,51.13440451110046],[5.8499272372164,51.13434652503837],[5.850048750852559,51.13422909494863],[5.850202253226751,51.13409190537126],[5.8503700183510645,51.13394107644336],[5.850517930273282,51.13380223681236],[5.850677178549825,51.13365001219224],[5.8507968738631995,51.133524076073144],[5.851063619762069,51.133260705196165],[5.85110416159828,51.13321647956708],[5.851168265059662,51.13314567843559],[5.851224304463554,51.13304740346573],[5.851264818238672,51.13295943789213],[5.8513055062947865,51.13286046020127],[5.851311196818911,51.13284111130692],[5.851718192461565,51.132826889721386],[5.852713636088242,51.13281668124462],[5.852816445952119,51.132815621658686],[5.853294173265402,51.13281119632842],[5.853288646689961,51.13272274972739],[5.853287278237712,51.132654079995355],[5.853286117127872,51.1325565730263],[5.853286308658453,51.13254588445019],[5.853290054485747,51.13253911874121],[5.853296422900314,51.13253174923278],[5.853307512235383,51.13252500796674],[5.853321077775429,51.13251872417834],[5.8533362874560515,51.13251537315699],[5.853365162642736,51.132511364992595],[5.8533815367661655,51.13251154192786],[5.853563491819175,51.13251035253255],[5.853748932533692,51.13250913985199],[5.853934758957224,51.132507925324276],[5.8541210424277805,51.1325066996715],[5.854175070380413,51.13250634747905],[5.854307068832481,51.13250548374324],[5.8544936094277835,51.13250425645787],[5.854498252257666,51.132504228776526],[5.8546777161803,51.13249270143432],[5.8546831842973885,51.132492346821046],[5.8548618357347015,51.13248521804099],[5.8550473275906985,51.132477818713014],[5.855233347689571,51.13247038999163],[5.85541913933633,51.132462979871256],[5.85560463101022,51.13245557965282],[5.855789437175833,51.132448208872134],[5.855795477906993,51.1324479687504],[5.856079722815871,51.132483055108736],[5.856167051983587,51.13249383954538],[5.856225088667196,51.13250831088625],[5.856272780918036,51.13252967355131],[5.856342944327404,51.13256067136807],[5.856410036772822,51.13259032423245],[5.856495355494123,51.13262802933744],[5.856647049500402,51.132695066408544],[5.856746275139843,51.13273891742786],[5.856762682795967,51.13274935009381],[5.856774470268639,51.132763423978844],[5.856776288094996,51.132786113614486],[5.856758652299684,51.13281066175573],[5.856587308092722,51.13297649001534],[5.856486158991608,51.13307438371603],[5.8564172784015485,51.133141054255574],[5.856370480790459,51.13318634976181],[5.856429951153263,51.13326833088624],[5.856459403871358,51.1332830704776],[5.856998472440775,51.13341585825424],[5.857341425737974,51.13349949570102],[5.857863191938854,51.13360380978343],[5.858478753253483,51.13373033885002],[5.859373342696798,51.133922283806996],[5.859406926867008,51.13387183625971],[5.859449686329425,51.13389393681194],[5.859879785225505,51.134108126675386],[5.8598592410398105,51.13412622410995],[5.859858462317915,51.13412691043809],[5.859077366236754,51.134814072558775],[5.8590765874925745,51.13481475888165],[5.858971951951435,51.13490693400023],[5.85895122836459,51.13489651019358],[5.858880800925827,51.13486119133986],[5.858770423298972,51.13480747266011],[5.858601231798166,51.134725138352984],[5.858529336232076,51.134690103906756],[5.858509563876022,51.13468046718347],[5.858410629823851,51.13463915133604],[5.8583493463724965,51.134613521040286],[5.858272137570917,51.13459531726071],[5.858223423802304,51.13458748785638],[5.858162588876175,51.134577712076045],[5.858037201545932,51.134574598234],[5.857851451914515,51.13457017394792],[5.857666516927317,51.134565773029614],[5.857302119630934,51.13455702904529],[5.8572657251334945,51.13455373368816],[5.857176447948058,51.13454566360922],[5.857166476484424,51.13454156908579],[5.857102515649979,51.13451530177448],[5.857049183239242,51.13446796635268],[5.85700670207832,51.13440318446286],[5.856979924270646,51.13435393475612],[5.856893417623065,51.1341948575914],[5.856833484405555,51.1340845814912],[5.856773245579799,51.13397373130741],[5.856740949521363,51.13391431045137],[5.856719457571813,51.13387475631179],[5.856710916788178,51.13386385136038],[5.856651609021077,51.133788117007775],[5.856612165957434,51.13375487375256],[5.856601545074797,51.13374592779831],[5.8565438122403375,51.13371522144486],[5.856478919468072,51.133695474521616],[5.856429658776178,51.13369411859378],[5.856360433544901,51.13369219614268],[5.856202484505396,51.133698434558646],[5.855969130829461,51.13370762005596],[5.855806458517133,51.13371442533151],[5.855763072465522,51.13371613758695],[5.855707905543078,51.133718418735626],[5.855454548670298,51.13372887047274],[5.855268240635539,51.133736579344436],[5.855082917833919,51.13374423900087],[5.855044516636523,51.13374583201542],[5.854836859232556,51.133754489179935],[5.8547186568297045,51.13375941485357],[5.8545175926969835,51.1337687729907],[5.854471836115559,51.13377060217412],[5.8543021421248636,51.13379784741018],[5.854290212823685,51.133800681977064],[5.85418934816109,51.13382464775077],[5.854115847976578,51.13386035972622],[5.854065535203564,51.133884814172056],[5.853980977980769,51.13394173041597],[5.8539243601226225,51.13397981036809],[5.853857730231776,51.13402945432085],[5.853737869588223,51.13411873753697],[5.85362898346596,51.13419983257998],[5.85361715028882,51.134207925199725],[5.853490801747239,51.13429433081106],[5.853458297885213,51.13431676285372],[5.853332661976777,51.13440305756089],[5.853280832480638,51.1344386460161],[5.8532059300602555,51.134488394717486],[5.853078051466123,51.13457341273558],[5.852951265355,51.13465772509258],[5.852950158021733,51.13465842168141],[5.852819501752792,51.1347415359197],[5.85268846209742,51.134824930202356],[5.852557606053882,51.134908161798556],[5.852488502607793,51.13495225972775],[5.852415931029219,51.134929044631455],[5.852313908860278,51.13486728623254],[5.852064585431747,51.13474903823649],[5.851723155044998,51.13458711273653],[5.851556525179153,51.13450810183972],[5.851313924339727,51.13439305236865],[5.851000827465594,51.13456182104098],[5.850637098532528,51.13475788357504],[5.850614149470458,51.134770245050724]]]}},{"type":"Feature","id":"functioneel_gebied_vlak/131216869","properties":{"id":"functioneel_gebied_vlak/131216869","name":"Domein Hellebeuk","kind":"bungalowpark","source":"PDOK TOP10NL","sourceUrl":"https://api.pdok.nl/kadaster/brt-top10nl/ogc/v1/collections/functioneel_gebied_vlak/items/1a736521-6422-5896-9f22-f6326d0c08c3","sourceDate":"2019-01-01"},"geometry":{"type":"Polygon","coordinates":[[[5.863948432919577,50.88124788903895],[5.863700804210628,50.88122905442127],[5.863671154223093,50.88128882748458],[5.863505254266005,50.88162348760119],[5.863425437166824,50.88178466518995],[5.863423725111505,50.881788132998864],[5.863366792131216,50.881903102820935],[5.86330591963508,50.882026044083396],[5.862958769461987,50.88193703680058],[5.862800388327768,50.88188391720617],[5.862314090280933,50.88175476097539],[5.862455475498497,50.88138835561413],[5.862474064231262,50.88134023313593],[5.86260958136295,50.88101975833626],[5.862637093959936,50.88094405692759],[5.862739288209204,50.88066221885788],[5.862776319810837,50.88053943900084],[5.862810581253364,50.88044992968423],[5.8628608411645695,50.88031888840011],[5.862969857159531,50.880022262152046],[5.862974891791394,50.88000751749708],[5.86299389731907,50.87997102492655],[5.862977474476528,50.879971245400576],[5.86297557222916,50.87994237171597],[5.862972221091773,50.879934277482256],[5.862985513808225,50.87984099823518],[5.862960166352487,50.87974978384101],[5.862951258600699,50.87965722528425],[5.8629489465531375,50.879591228892096],[5.862955344676859,50.87953633393534],[5.862959313521123,50.87948977276127],[5.862969126184684,50.879442234681825],[5.862986119981495,50.8793731474503],[5.862999442738709,50.87930908219105],[5.86299953785209,50.87930865931813],[5.863000620719089,50.87930342328309],[5.863013492026606,50.87924797130375],[5.86302393649774,50.87921906472561],[5.86303444422763,50.8791963153221],[5.8630485086644475,50.879172634388155],[5.863097268403418,50.879133610150035],[5.863121044062065,50.87911199260262],[5.86325631328091,50.87897853330579],[5.863317554678473,50.879013445631124],[5.863346093325707,50.87903499135348],[5.863375611840707,50.87905510378415],[5.863405548292696,50.87907440547775],[5.863437616941399,50.87909379724912],[5.863469107231546,50.879112211600585],[5.863502297849071,50.87913016948268],[5.86353819165701,50.879148475763515],[5.863575053309332,50.87916418023193],[5.8640311210395915,50.879326481315694],[5.864271018999585,50.87904413610071],[5.864358174408125,50.87897674534791],[5.8646013942210224,50.87878406855168],[5.864719577012404,50.87883080790824],[5.864879718914246,50.878894263845204],[5.865041985986276,50.8789584658414],[5.865190581594663,50.879016818454225],[5.8653396598958025,50.8790750969676],[5.865491905123676,50.87913456669458],[5.865492746444893,50.87913348453489],[5.865837536220698,50.87916476682093],[5.866244674783595,50.879201749141906],[5.8666518712877975,50.87923877473678],[5.8671746631584485,50.879286329992],[5.866906736845378,50.87967180223508],[5.866817824429856,50.87979978781353],[5.8670169175861755,50.87981793648049],[5.8669913965635265,50.879906826482674],[5.866905040750102,50.88020755136096],[5.866903587032045,50.880212609195574],[5.866517101141633,50.88017451869502],[5.866497729248202,50.88017261253598],[5.8664768921620745,50.88017054166413],[5.866374954231099,50.8801604296143],[5.866276045907291,50.88015061952043],[5.866061927015431,50.88012913405235],[5.866015090859948,50.880124573091734],[5.865816567037162,50.88010523379407],[5.865730916505358,50.88009688742245],[5.865693339483972,50.8800932228162],[5.865621300354327,50.880086204265474],[5.865320203178045,50.88005705957182],[5.865305212362486,50.880055611489865],[5.865059669196718,50.880031782299376],[5.864978191876889,50.88019100826478],[5.864732307958468,50.88067013004322],[5.864600888343432,50.88092621152763],[5.864535059539026,50.88105447742788],[5.864469188580238,50.881182824364416],[5.864463679603768,50.88119356028529],[5.86424432786156,50.88114785320878],[5.864174897016919,50.88126511780886],[5.863948432919577,50.88124788903895]]]}},{"type":"Feature","id":"functioneel_gebied_vlak/129020759","properties":{"id":"functioneel_gebied_vlak/129020759","name":"Kroonen","kind":"camping, kampeerterrein","source":"PDOK TOP10NL","sourceUrl":"https://api.pdok.nl/kadaster/brt-top10nl/ogc/v1/collections/functioneel_gebied_vlak/items/78397105-a07f-5cbf-a9f4-2460ba86a216","sourceDate":"2019-01-01"},"geometry":{"type":"Polygon","coordinates":[[[5.864188231727618,50.852170405317956],[5.8641286897605625,50.85214821493329],[5.864081641069666,50.85209400820466],[5.864036351788911,50.852065880116605],[5.864027099386622,50.85205956315149],[5.864018183375382,50.852054197624625],[5.864003008919991,50.85204229601693],[5.863994253835745,50.852034628652774],[5.86398894166827,50.852027594270986],[5.863920576421111,50.85192480936091],[5.863870972656996,50.851935540271874],[5.863738153117884,50.851724920318375],[5.86381335397897,50.85171368826062],[5.864028894198129,50.85168605595593],[5.864241706397663,50.851684502472736],[5.864260358358637,50.85168385009396],[5.864399921226441,50.851891331398924],[5.864404930165829,50.851900803582254],[5.864651388113637,50.85188983140262],[5.864842277668771,50.851877972336155],[5.865095177261164,50.852239482450216],[5.865327463086012,50.85257897414744],[5.8646104348669486,50.85278172189388],[5.864368947147376,50.85242748841115],[5.864188231727618,50.852170405317956]]]}},{"type":"Feature","id":"functioneel_gebied_vlak/129020212","properties":{"id":"functioneel_gebied_vlak/129020212","name":"'t Geet Good","kind":"camping, kampeerterrein","source":"PDOK TOP10NL","sourceUrl":"https://api.pdok.nl/kadaster/brt-top10nl/ogc/v1/collections/functioneel_gebied_vlak/items/bdc4db6e-953a-5c03-ad20-ea68b39c9990","sourceDate":"2019-01-01"},"geometry":{"type":"Polygon","coordinates":[[[6.046307416676095,50.903033129739214],[6.046316864366026,50.90299179809697],[6.046376814105717,50.90299451457336],[6.046426950328941,50.902996785786186],[6.046431063425921,50.90295483225609],[6.046434247901684,50.902922348387605],[6.046715933481902,50.90292846767756],[6.046753489772691,50.902946902575984],[6.046716544023454,50.903129084039186],[6.047016667032007,50.903151268857265],[6.046953349812816,50.903481394632514],[6.0469863952632,50.90350191592036],[6.047238587580709,50.903519594633956],[6.04734213861907,50.902977611084246],[6.047449252342781,50.9029836350172],[6.047368169265427,50.90340916343412],[6.047357655449354,50.903465387153226],[6.047320779170129,50.90366270096263],[6.047307082937756,50.903736013084334],[6.047238321720018,50.90410391463867],[6.047221969415361,50.90419136373668],[6.047210861723176,50.90425082689695],[6.04720586893137,50.9042775349476],[6.047142997019307,50.90429619360478],[6.0469592908771554,50.90429869908395],[6.046373431955951,50.90431499287165],[6.045957918382905,50.90432354303217],[6.045764479917043,50.9043250958047],[6.045845873340287,50.9042165355578],[6.045974530177656,50.90397998886188],[6.046020596363191,50.90388179456448],[6.046029708011987,50.9038587666137],[6.04611744284705,50.903635634658464],[6.046174069655442,50.90348619244306],[6.046211203461665,50.90338348754412],[6.046219473320475,50.90335626647493],[6.04622904711449,50.90332477715767],[6.046238104799454,50.90329498072507],[6.046269074330131,50.90319567282902],[6.046300885474132,50.90306164432714],[6.046307416676095,50.903033129739214]]]}},{"type":"Feature","id":"functioneel_gebied_vlak/129021866","properties":{"id":"functioneel_gebied_vlak/129021866","name":"Weerterbergen","kind":"bungalowpark","source":"PDOK TOP10NL","sourceUrl":"https://api.pdok.nl/kadaster/brt-top10nl/ogc/v1/collections/functioneel_gebied_vlak/items/e19065ee-a809-50bf-9d4e-b47076f520b3","sourceDate":"2014-01-01"},"geometry":{"type":"Polygon","coordinates":[[[5.652037359988134,51.2497875635162],[5.651964112954189,51.25003580315574],[5.651784045706809,51.250450848327276],[5.651781970980425,51.25055301069936],[5.6517800017760615,51.250648637977235],[5.651834098041174,51.25083185027115],[5.65183663990549,51.2508404467599],[5.652225014915848,51.25153160013166],[5.652314440045715,51.25169073156298],[5.652390652453296,51.251826369398],[5.652476402662604,51.251978956259926],[5.652576438143879,51.252156975699386],[5.652652652054301,51.25229260437277],[5.652738418492628,51.25244521797333],[5.652814633312161,51.25258083755116],[5.653017793074902,51.25294235187191],[5.653020758371423,51.25294733387147],[5.65259903905186,51.25304269786196],[5.652233366337746,51.25312538418123],[5.65199080455757,51.253180238306356],[5.6517752078810926,51.2532289900799],[5.651551914432537,51.25327948480558],[5.651057459757023,51.253391287289574],[5.65035994934945,51.253549066808375],[5.650223001636529,51.253580037550115],[5.649475652595753,51.253743021158996],[5.649426112496044,51.25375434195414],[5.6483358095644745,51.25400354784625],[5.647815395450463,51.25412248697427],[5.647798457389811,51.25412635417486],[5.6476830518685555,51.25393824374432],[5.647635961763661,51.2538614950981],[5.647393662514134,51.253898631101976],[5.644479310080164,51.25442624337953],[5.6427381950845525,51.25474119507245],[5.641741186306747,51.25261870281965],[5.63973244500162,51.25298492817104],[5.639067253457742,51.25156085786177],[5.638086348000814,51.24946070004246],[5.639978274736145,51.24949749022699],[5.641409852104924,51.24952904648951],[5.643561321721779,51.249579547801375],[5.644993167443711,51.24962989089765],[5.645810941652267,51.24964864046752],[5.646430956661466,51.249666899707066],[5.647147943979791,51.24968862419691],[5.650032707961912,51.249764221937745],[5.651657171681774,51.24980023150281],[5.652037359988134,51.2497875635162]]]}},{"type":"Feature","id":"functioneel_gebied_vlak/129021934","properties":{"id":"functioneel_gebied_vlak/129021934","name":"D'n Dikkenberg","kind":"camping, kampeerterrein","source":"PDOK TOP10NL","sourceUrl":"https://api.pdok.nl/kadaster/brt-top10nl/ogc/v1/collections/functioneel_gebied_vlak/items/433f174d-5018-59bf-a21b-75b5fc141dd7","sourceDate":"2015-01-01"},"geometry":{"type":"Polygon","coordinates":[[[6.161597975085662,51.539777454473956],[6.1605211658916295,51.539526407446715],[6.160499746795029,51.539521398574436],[6.159909269434645,51.539374444452825],[6.16067876326194,51.53920496022114],[6.160710721320503,51.539204164284875],[6.161313117179824,51.539188631235575],[6.16212100546854,51.53911893945508],[6.161597975085662,51.539777454473956]]]}},{"type":"Feature","id":"functioneel_gebied_vlak/129020741","properties":{"id":"functioneel_gebied_vlak/129020741","name":"Reevallis","kind":"bungalowpark","source":"PDOK TOP10NL","sourceUrl":"https://api.pdok.nl/kadaster/brt-top10nl/ogc/v1/collections/functioneel_gebied_vlak/items/2b59320a-8942-5481-9505-8659070bd177","sourceDate":"2019-01-01"},"geometry":{"type":"Polygon","coordinates":[[[5.9678433624873,50.78856552679025],[5.968074920996673,50.788446742047945],[5.968310191457054,50.78842066827916],[5.968658385809311,50.7882375548192],[5.968662907419911,50.78823513200599],[5.968990513742047,50.78803995910509],[5.969116770713499,50.787967069858354],[5.969188007392025,50.78792360889736],[5.969210903770056,50.78790963255732],[5.969035082641212,50.78778763921328],[5.968645903912571,50.78751504005887],[5.968050788760004,50.787097287908765],[5.967791526543743,50.78691658288456],[5.967789687765507,50.786914686467384],[5.967410395989001,50.786524332082344],[5.967197740079047,50.78630545821525],[5.967361225665565,50.78623549412006],[5.967996206734434,50.78596373991509],[5.968492938399709,50.786423237784206],[5.968534040283163,50.786461260981724],[5.968924399129532,50.78647801073475],[5.969137880774549,50.786487173829194],[5.969162614663316,50.786498797788035],[5.969327307786773,50.78657618984335],[5.969510269932224,50.786906025434455],[5.969607896407691,50.787082031484076],[5.969724988872729,50.78718085894725],[5.96976483675228,50.78720695968521],[5.969813806689742,50.787239037003935],[5.97043926418455,50.78768216458282],[5.970712114181274,50.78787546952509],[5.970862484185381,50.78798039305426],[5.970988148391758,50.78806808356827],[5.971136287949353,50.78817145393978],[5.971155930279932,50.78818516168864],[5.971160694166109,50.78818848149945],[5.971167289330944,50.78819308646268],[5.971176731350873,50.78819967258285],[5.971169838731592,50.788204112020274],[5.971098084740238,50.78825030048018],[5.97086502730393,50.78841045710638],[5.97080075166338,50.78845146590595],[5.970735889680834,50.788492091105965],[5.970670427402547,50.78853235075391],[5.970604392849076,50.788572217740374],[5.9705377861335975,50.78861170105272],[5.97047060714337,50.788650791701585],[5.970333934203933,50.78873323634634],[5.97029208920161,50.788757124506894],[5.97024955731468,50.78878052172632],[5.970206352723288,50.78880342793217],[5.97016250356174,50.788825825003876],[5.970118009830503,50.78884771294063],[5.970100823809583,50.78885570096318],[5.970083537507862,50.78886360858854],[5.9700220070064764,50.78889069717406],[5.969809478943116,50.78896292590792],[5.969631750201498,50.78901483452891],[5.969152318575091,50.78915112347701],[5.968793577205529,50.78925116160322],[5.968733509373714,50.7892671947004],[5.9686041925450795,50.7892874595608],[5.968576608871753,50.78926240233376],[5.968527925366705,50.7892181969334],[5.968367917526342,50.78907280560934],[5.968252565042546,50.788968125179544],[5.968140006726548,50.788865713780496],[5.968035680694626,50.78877065879435],[5.967978257678084,50.788718101422944],[5.9679392389967125,50.788682359731865],[5.967865112573362,50.78861516236342],[5.967905135166462,50.788599670948095],[5.9678433624873,50.78856552679025]]]}},{"type":"Feature","id":"functioneel_gebied_vlak/129021355","properties":{"id":"functioneel_gebied_vlak/129021355","name":"Aan de Grens","kind":"camping, kampeerterrein","source":"PDOK TOP10NL","sourceUrl":"https://api.pdok.nl/kadaster/brt-top10nl/ogc/v1/collections/functioneel_gebied_vlak/items/6934bcd3-fd67-5ee4-9d3b-110000f4637b","sourceDate":"2015-01-01"},"geometry":{"type":"Polygon","coordinates":[[[6.0780106577743735,51.23202672815734],[6.077555740234038,51.23116471785334],[6.077902107934171,51.2311083485997],[6.079315230089211,51.23088370337973],[6.08008564013846,51.23075937093141],[6.080839372759216,51.230740502780904],[6.080870377013718,51.23089424667966],[6.080049104781264,51.23205461731483],[6.079906253741363,51.232058336054706],[6.078770253578082,51.232039219524346],[6.078044212998894,51.23202728385124],[6.0780106577743735,51.23202672815734]]]}},{"type":"Feature","id":"functioneel_gebied_vlak/129021356","properties":{"id":"functioneel_gebied_vlak/129021356","name":"Van Kempenhof","kind":"camping, kampeerterrein","source":"PDOK TOP10NL","sourceUrl":"https://api.pdok.nl/kadaster/brt-top10nl/ogc/v1/collections/functioneel_gebied_vlak/items/20a364e6-b05e-5527-8f65-8abb199efd39","sourceDate":"2015-01-01"},"geometry":{"type":"Polygon","coordinates":[[[6.032574723130253,51.15997636223637],[6.032589723841398,51.15997671032951],[6.0323035382990975,51.1608754874744],[6.032471655760508,51.16087453531731],[6.03273897899018,51.16087316623766],[6.0329977248652815,51.16087179930471],[6.033120644079788,51.16087116950247],[6.033131050479852,51.16087111161103],[6.033083612187013,51.16109629019501],[6.033081186110772,51.16110776471235],[6.0327923486924,51.161109290155956],[6.032669657801017,51.16110993631747],[6.031456725869708,51.16111610650343],[6.031443374600619,51.16111617159542],[6.030969034939657,51.16111863173577],[6.03093735974708,51.16088241370027],[6.030882543393641,51.16047207149496],[6.030665499633166,51.16051014755667],[6.030624037407507,51.16030374637391],[6.030609186175927,51.160230433198436],[6.0306777852776925,51.16021990441955],[6.03076622677366,51.160206344183],[6.030851359928935,51.16018521547291],[6.031011318968992,51.16014499260585],[6.0311884756524465,51.16009869642451],[6.031316726810047,51.160072725826396],[6.031537774228468,51.160025736164386],[6.031803268855712,51.15999222558776],[6.0320604504776645,51.15997144410352],[6.032217045684777,51.159968677589106],[6.032574723130253,51.15997636223637]]]}},{"type":"Feature","id":"functioneel_gebied_vlak/131216847","properties":{"id":"functioneel_gebied_vlak/131216847","name":"Buitenplaats De Mechelerhof","kind":"bungalowpark","source":"PDOK TOP10NL","sourceUrl":"https://api.pdok.nl/kadaster/brt-top10nl/ogc/v1/collections/functioneel_gebied_vlak/items/42bfed42-b191-5cdc-8502-07fe02a53dba","sourceDate":"2019-01-01"},"geometry":{"type":"Polygon","coordinates":[[[5.928583947791727,50.790714630623256],[5.928738052453385,50.790145375722474],[5.92933136343755,50.79020547677065],[5.929341760885541,50.79014946451624],[5.929425701361685,50.789649420300165],[5.929625775531974,50.789659941572594],[5.929752376355911,50.789658160288944],[5.929864099890588,50.78966595907671],[5.93005196045309,50.78968826757011],[5.930165660170698,50.789704973802934],[5.930295159389584,50.78970971325463],[5.930485507946155,50.789704656003906],[5.930597036878978,50.789695807485245],[5.93074784665868,50.78967845021569],[5.930993087522223,50.789634481304915],[5.931181327331991,50.789608030174705],[5.931346287223218,50.78959655614215],[5.9315028931441205,50.789593436018606],[5.931594012365099,50.789604898858464],[5.931687191679853,50.78963240615741],[5.931805934157256,50.78967881341957],[5.931867459688917,50.789726685975275],[5.931985448108351,50.78978855758527],[5.932085388832171,50.78983268018085],[5.932201177830502,50.7898678108678],[5.93234810623308,50.78990395401359],[5.93236405650996,50.78991936665635],[5.932392063718235,50.79006787552788],[5.932399830182736,50.79021600354302],[5.932334851208608,50.79055890574124],[5.932281787976113,50.79084420447229],[5.931980928874737,50.79094186876083],[5.93195466213668,50.79097183595096],[5.932186577024847,50.791392862285285],[5.932262784011468,50.79153261321278],[5.9323035258012125,50.7916182203322],[5.931404385110421,50.79152970421419],[5.9313610471233655,50.79153944570299],[5.930014259732352,50.79141842887289],[5.92990450410378,50.79186564104033],[5.9298871761494985,50.79192768322638],[5.929521699914399,50.79190208278382],[5.929214752203002,50.791793930739935],[5.928995136645793,50.79178426447921],[5.928508384747586,50.791831950266285],[5.928235567538717,50.791811996895206],[5.9283017559891755,50.79153482748948],[5.928337150073405,50.79138613741855],[5.928698392293981,50.79142484035723],[5.928754574930842,50.79119225779458],[5.928353516742337,50.79115835295139],[5.92827920236702,50.79112935285679],[5.928430741924353,50.79069354105289],[5.928583947791727,50.790714630623256]]]}},{"type":"Feature","id":"functioneel_gebied_vlak/129021267","properties":{"id":"functioneel_gebied_vlak/129021267","name":"Lingberg","kind":"camping, kampeerterrein","source":"PDOK TOP10NL","sourceUrl":"https://api.pdok.nl/kadaster/brt-top10nl/ogc/v1/collections/functioneel_gebied_vlak/items/1059f106-8012-5ff0-8219-29467ab3fee1","sourceDate":"2019-01-01"},"geometry":{"type":"Polygon","coordinates":[[[5.930931184434221,50.767395990185676],[5.930934381078435,50.76738822779225],[5.930001396884175,50.767094591546424],[5.930370635951788,50.76660006526649],[5.930590858549242,50.766703675336274],[5.930681459929123,50.7667546211971],[5.930722857327321,50.76680078112855],[5.931022789547378,50.76679366074824],[5.931325156247302,50.76648210265484],[5.931949243157706,50.766667366033545],[5.9318711408747,50.76673448467553],[5.9319701035008565,50.76677219544842],[5.931923612090125,50.76683496881535],[5.931887549791444,50.766890250122124],[5.931853147569872,50.766922718656545],[5.9316987798377365,50.76710902336767],[5.931686474633953,50.76712456034815],[5.931675618460013,50.76714521418695],[5.931661919865616,50.7671712658017],[5.931640681050504,50.76722758276289],[5.931628806648998,50.76727866894578],[5.931623767404313,50.76732882400261],[5.931624428387079,50.76736949581931],[5.931625834299524,50.76738544455032],[5.931634781037827,50.767436477493185],[5.931640459929394,50.76750256433512],[5.931643051271888,50.76753378866659],[5.931626396490054,50.76757247468342],[5.931644927650093,50.767676937608144],[5.931131224702431,50.767569136623],[5.931007161881294,50.76754403966337],[5.931013638556921,50.76751974801995],[5.930898642839381,50.767500316209315],[5.930931184434221,50.767395990185676]]]}},{"type":"Feature","id":"functioneel_gebied_vlak/131401297","properties":{"id":"functioneel_gebied_vlak/131401297","name":"Maasterras","kind":"camping, kampeerterrein","source":"PDOK TOP10NL","sourceUrl":"https://api.pdok.nl/kadaster/brt-top10nl/ogc/v1/collections/functioneel_gebied_vlak/items/a8602348-4d63-57ce-a394-d22cbe742ccb","sourceDate":"2019-01-01"},"geometry":{"type":"Polygon","coordinates":[[[6.011223169952009,51.23143146292974],[6.011196086433428,51.23142869586454],[6.010891000770361,51.23144920085827],[6.010628345562244,51.23146922583508],[6.010372399902546,51.23148360512052],[6.010297251429031,51.23141441511782],[6.010194416934231,51.231307583702],[6.0101832415789715,51.231294375831986],[6.01002893126929,51.231111305786015],[6.011489481597619,51.2309735000823],[6.011472118686973,51.230932801256856],[6.011432676797649,51.23080472210069],[6.011428512893126,51.23079123399829],[6.011389229190088,51.23065582794755],[6.01134980830749,51.23051979339107],[6.0113657631802875,51.23051914142549],[6.011711492479856,51.23050518553828],[6.011717733856719,51.230222430111525],[6.01172856338969,51.229739456102834],[6.012189733089426,51.229729256184974],[6.012666748175726,51.22971985909739],[6.013085092068528,51.2297073241645],[6.013086044882949,51.22972258235259],[6.013504246293332,51.22970591173907],[6.013609731467685,51.22970153206638],[6.013753820200236,51.22969122724597],[6.013796257303783,51.22968819395441],[6.0140370290735685,51.22966221217841],[6.014275498971997,51.22963020171141],[6.01447653876835,51.22960199731219],[6.014583171601879,51.229586302400826],[6.01464118217893,51.23022526896792],[6.014663032155924,51.230481670107174],[6.014594088830999,51.23048125115992],[6.015002570136045,51.231099799333975],[6.014912056950006,51.23113442829846],[6.01483665506803,51.23116325860832],[6.014763489201778,51.23119123183271],[6.014332925178023,51.231355932505664],[6.014113466266469,51.23142713143629],[6.0140054479931715,51.231319845888436],[6.013050532207199,51.23143977989037],[6.013110868541541,51.23156366502963],[6.011814512846851,51.231730874930356],[6.011730066854889,51.23153642919321],[6.011464644184916,51.231563518297236],[6.011270358915853,51.23158277307685],[6.011239700049611,51.2315151066913],[6.011223169952009,51.23143146292974]]]}},{"type":"Feature","id":"functioneel_gebied_vlak/129020742","properties":{"id":"functioneel_gebied_vlak/129020742","name":"Vinkenhof","kind":"camping, kampeerterrein","source":"PDOK TOP10NL","sourceUrl":"https://api.pdok.nl/kadaster/brt-top10nl/ogc/v1/collections/functioneel_gebied_vlak/items/f987212a-ee63-5912-8bb0-9d750416d077","sourceDate":"2019-01-01"},"geometry":{"type":"Polygon","coordinates":[[[5.916029683034201,50.79485704740787],[5.916049044322302,50.79484532985478],[5.9160691571522985,50.79484682933166],[5.916094954034329,50.79484875333804],[5.916222025212448,50.794817422283565],[5.916273427141199,50.794811594513156],[5.916323890624936,50.79481209024173],[5.916333309403158,50.79481347407061],[5.916367133631532,50.79478281847501],[5.916411331818683,50.79480375225624],[5.916459408424537,50.794766401967145],[5.916629767427681,50.794845892113116],[5.916669676690749,50.794864513957215],[5.916872298422943,50.79495117278586],[5.917104264910673,50.795052762040534],[5.917273902649485,50.79512851515288],[5.917320560179915,50.79514934403619],[5.9175594781889655,50.795262109664385],[5.917737858265026,50.795332033065385],[5.91783378432671,50.79536132764308],[5.917882324955619,50.79537687114087],[5.917915652402091,50.79538787322341],[5.917918670586039,50.79538887509988],[5.918020389903796,50.79542245758267],[5.918174497598556,50.795466963323165],[5.918285391840818,50.79549420213563],[5.918192062208637,50.79558408028525],[5.918143051842394,50.79563289985438],[5.918049633771168,50.79571261180955],[5.917997462441714,50.79570083345876],[5.917444738748723,50.79557610779401],[5.917398997457676,50.79562685364362],[5.917396014362225,50.795630166281356],[5.916968815622145,50.7955083945105],[5.916943489370782,50.79555474080637],[5.916790753489699,50.795558299957],[5.916784765847667,50.79566872952179],[5.916708810663157,50.795804945637954],[5.91664052286556,50.79578650787246],[5.91633019600888,50.79569630624152],[5.9162554037349615,50.79567956101033],[5.915999140954968,50.79561159207519],[5.916007432080743,50.79547490094257],[5.916039174717092,50.79518698323404],[5.916050319654853,50.79515858614225],[5.916038786768712,50.79505799323489],[5.916031615598707,50.794926087058315],[5.916029683034201,50.79485704740787]]]}},{"type":"Feature","id":"functioneel_gebied_vlak/129021900","properties":{"id":"functioneel_gebied_vlak/129021900","name":"'t Vossenveld","kind":"camping, kampeerterrein","source":"PDOK TOP10NL","sourceUrl":"https://api.pdok.nl/kadaster/brt-top10nl/ogc/v1/collections/functioneel_gebied_vlak/items/dd4f49a5-21a7-51ea-b759-d1e5cbe7ee2d","sourceDate":"2015-01-01"},"geometry":{"type":"Polygon","coordinates":[[[5.968325170194882,51.300182397960135],[5.968215115707118,51.30006705284043],[5.9680482372418995,51.299917878108054],[5.9678589304381156,51.29977971858879],[5.967687118031364,51.29966188542067],[5.967465905503832,51.29953017660729],[5.967170389900132,51.299371241509],[5.967169335831364,51.299370662478914],[5.966959137682518,51.29925586895867],[5.966889890112649,51.29921805573246],[5.966622199472062,51.29906962362023],[5.968630345272271,51.29779834682883],[5.969170927896106,51.2980893143553],[5.969705155464258,51.29837498974044],[5.970507989918061,51.298807724573265],[5.969727599597126,51.29936699573168],[5.969079278690023,51.29983376164079],[5.968915349320921,51.29995263261402],[5.96880728881464,51.30000315101347],[5.968677403344934,51.30005359854134],[5.968522473712558,51.30011017558978],[5.96846794179147,51.30013040331619],[5.968325170194882,51.300182397960135]]]}},{"type":"Feature","id":"functioneel_gebied_vlak/129020831","properties":{"id":"functioneel_gebied_vlak/129020831","name":"De Linde","kind":"camping, kampeerterrein","source":"PDOK TOP10NL","sourceUrl":"https://api.pdok.nl/kadaster/brt-top10nl/ogc/v1/collections/functioneel_gebied_vlak/items/b3859af1-451a-547d-9b58-1f7984b19899","sourceDate":"2015-01-01"},"geometry":{"type":"Polygon","coordinates":[[[5.911678712184552,51.51473228839668],[5.91112836689756,51.51549548044811],[5.911106137929422,51.51548928808031],[5.911078206836325,51.51552833485901],[5.910832897952515,51.51546038381902],[5.91028691378884,51.51530914179555],[5.910301235106808,51.51528921241271],[5.908911746046447,51.51487817227593],[5.909672499332872,51.51457256666639],[5.91069106906358,51.514638025379604],[5.911378487345175,51.51455927271773],[5.911519930140969,51.514543068856995],[5.911516733007033,51.51467800480294],[5.91166109698733,51.51472639001036],[5.911678712184552,51.51473228839668]]]}},{"type":"Feature","id":"functioneel_gebied_vlak/129020292","properties":{"id":"functioneel_gebied_vlak/129020292","name":"De Stille Hoek","kind":"camping, kampeerterrein","source":"PDOK TOP10NL","sourceUrl":"https://api.pdok.nl/kadaster/brt-top10nl/ogc/v1/collections/functioneel_gebied_vlak/items/3ec82e65-f860-5cf5-a9ee-3ede10ebfefb","sourceDate":"2015-01-01"},"geometry":{"type":"Polygon","coordinates":[[[5.997551159090715,51.56741087723728],[5.997936187779548,51.567713864688315],[5.9981559735943275,51.56818197652819],[5.998158433489515,51.568237181926186],[5.998407803281992,51.56824359017367],[5.998360686240692,51.5688638487837],[5.997892374609204,51.56874070565476],[5.997217566940173,51.56855365878202],[5.997095739481259,51.56850395740616],[5.997013942936553,51.56842886933959],[5.996900079609832,51.568267682944615],[5.996744009289506,51.568014922909036],[5.996693537515441,51.56786971130656],[5.997551159090715,51.56741087723728]]]}},{"type":"Feature","id":"functioneel_gebied_vlak/131597780","properties":{"id":"functioneel_gebied_vlak/131597780","name":"Bos en Heide","kind":"camping, kampeerterrein","source":"PDOK TOP10NL","sourceUrl":"https://api.pdok.nl/kadaster/brt-top10nl/ogc/v1/collections/functioneel_gebied_vlak/items/ec6fa659-0959-5e43-b921-863e8c404816","sourceDate":"2023-01-01"},"geometry":{"type":"Polygon","coordinates":[[[6.072664767758248,51.58949662235577],[6.072709672964083,51.589314150284096],[6.072926382573087,51.589185135096606],[6.072988725701944,51.58921758993971],[6.073055455925474,51.58923717617116],[6.0731631161523225,51.5892365444321],[6.073274795393303,51.5891987874724],[6.073468418463901,51.58912630121181],[6.073593796617008,51.589236870216034],[6.073708760768704,51.58926473472709],[6.0733791420357885,51.589736148325066],[6.073248952737494,51.589870603837774],[6.073145150376703,51.59002332591133],[6.073132116650233,51.590052649343214],[6.073022239064041,51.590052783373324],[6.072746456036412,51.5900584275314],[6.072796732314934,51.589832111660044],[6.07290007939781,51.5898395437579],[6.07302710895485,51.58956416124968],[6.072664767758248,51.58949662235577]]]}},{"type":"Feature","id":"functioneel_gebied_vlak/129019657","properties":{"id":"functioneel_gebied_vlak/129019657","name":"'t Vosseven","kind":"bungalowpark","source":"PDOK TOP10NL","sourceUrl":"https://api.pdok.nl/kadaster/brt-top10nl/ogc/v1/collections/functioneel_gebied_vlak/items/0e0b01ea-6263-5ced-8d7b-94221bc27362","sourceDate":"2014-01-01"},"geometry":{"type":"Polygon","coordinates":[[[5.660362199203637,51.193107949620654],[5.6586696708291155,51.19291259230457],[5.658665963216064,51.192912160521274],[5.658596463937175,51.19290416114946],[5.658214405984522,51.19285923757797],[5.658129289144686,51.19284942268414],[5.657745162435003,51.192805275433265],[5.6576584855423295,51.19279529304236],[5.657271964506057,51.19275008013899],[5.657181137097578,51.192739720527285],[5.656788906247667,51.192693997943294],[5.65642368694901,51.19265115973787],[5.656018518294309,51.19260416117558],[5.655618831625787,51.19255755302557],[5.6553114933843265,51.19252211911391],[5.654901002324685,51.19247457164145],[5.654581824874703,51.19243741926893],[5.654284536234306,51.19240298422433],[5.653946007196519,51.19236374427125],[5.653514936150288,51.192314099846925],[5.653367195004292,51.19229709022209],[5.653395997717381,51.19226618366908],[5.653804688490757,51.19182725840968],[5.653985036747391,51.19163399875454],[5.654205558274294,51.191397689033586],[5.654418941008652,51.19116900882166],[5.6546374109050115,51.190934878281325],[5.654951051062048,51.19059853214201],[5.6550696083341965,51.19047136398807],[5.6552495581396665,51.19027783360744],[5.655628421438321,51.190365246311856],[5.656056732239145,51.190464093899735],[5.6566081298561475,51.190591265721686],[5.657605149031657,51.19082086804306],[5.658175870649436,51.19084943435299],[5.6597839515652915,51.190929059680265],[5.659784781487992,51.190929102675966],[5.660550533600931,51.19096715887323],[5.660712595819318,51.190975226720006],[5.660985709216023,51.19098881234994],[5.660931681678325,51.19160278415463],[5.660498133996599,51.19156242096717],[5.660494399632108,51.1916223220592],[5.660470196187083,51.191896168552205],[5.660466365303365,51.19192306303601],[5.6604436957086985,51.19218069013577],[5.6604344996217675,51.19228431655816],[5.660421370649207,51.192433759102485],[5.660418490480687,51.19246657495933],[5.660362199203637,51.193107949620654]]]}},{"type":"Feature","id":"functioneel_gebied_vlak/129022444","properties":{"id":"functioneel_gebied_vlak/129022444","name":"Hubertus Hoeve","kind":"camping, kampeerterrein","source":"PDOK TOP10NL","sourceUrl":"https://api.pdok.nl/kadaster/brt-top10nl/ogc/v1/collections/functioneel_gebied_vlak/items/80cc7458-1821-57a3-807d-694d2425fbab","sourceDate":"2019-01-01"},"geometry":{"type":"Polygon","coordinates":[[[5.86623799791,50.869717295978155],[5.866281075457814,50.869634587972435],[5.866413346743702,50.869371408792475],[5.866540173818066,50.869112144277175],[5.866747849860346,50.8686876954205],[5.8668994396302425,50.86871580338961],[5.867087550088802,50.868750680867834],[5.867179523250422,50.868558258538094],[5.867183394409032,50.86855897055029],[5.867257183513195,50.86835138747333],[5.867238728867512,50.86833060084089],[5.8673534893558115,50.868350987006934],[5.867359500060005,50.868368993852485],[5.867394577283413,50.86837496045888],[5.8674039549472825,50.868376557446076],[5.867508290216252,50.868394308110055],[5.867799178014671,50.86843486144926],[5.867795938417652,50.86844325151627],[5.867715651220849,50.86863220091932],[5.867603158969274,50.86861830468606],[5.867493925181551,50.86885427873487],[5.867281526563075,50.86931315830819],[5.867148692607817,50.869603802092875],[5.867058658302968,50.869792989302766],[5.8670494368036685,50.86979140961553],[5.867047990540516,50.86979475502271],[5.8667868516905335,50.869749224413674],[5.866742168900748,50.86976230128751],[5.86672225198219,50.86980621302396],[5.86623799791,50.869717295978155]]]}},{"type":"Feature","id":"functioneel_gebied_vlak/131401306","properties":{"id":"functioneel_gebied_vlak/131401306","name":"Colmont","kind":"camping, kampeerterrein","source":"PDOK TOP10NL","sourceUrl":"https://api.pdok.nl/kadaster/brt-top10nl/ogc/v1/collections/functioneel_gebied_vlak/items/26298c72-f6b2-560e-9d4b-8fa63d82185a","sourceDate":"2019-01-01"},"geometry":{"type":"Polygon","coordinates":[[[5.934075853111342,50.852457020581866],[5.934149942672699,50.852239837668336],[5.9340853314415325,50.85223505233257],[5.934135477111661,50.852028440302526],[5.934163656884073,50.85202901705148],[5.9341786210514575,50.85191328497166],[5.934193028537747,50.8519140167929],[5.934224727870328,50.85191562857762],[5.934253557151626,50.851917101128116],[5.93514644104258,50.851962651657715],[5.935544445829878,50.85199911070575],[5.935799165493598,50.85203019014168],[5.936376883784593,50.85211543916449],[5.93666679307174,50.85215374738417],[5.936668983391022,50.8521540425947],[5.936723391301738,50.85216183800314],[5.937117277356111,50.85221832970186],[5.937124273138766,50.85221911440731],[5.937074126287154,50.85234785058282],[5.937339108219337,50.85239385345116],[5.936202304118359,50.85401387036281],[5.936200653309966,50.85401357258008],[5.9360227109703505,50.853981751844856],[5.935925586205718,50.85397642417125],[5.935807101397625,50.85397450576959],[5.9351448104094455,50.85400937017368],[5.935647811022045,50.853264053420276],[5.936056660451179,50.8526588794805],[5.934075853111342,50.852457020581866]]]}},{"type":"Feature","id":"functioneel_gebied_vlak/131216910","properties":{"id":"functioneel_gebied_vlak/131216910","name":"De Waufsberg","kind":"bungalowpark","source":"PDOK TOP10NL","sourceUrl":"https://api.pdok.nl/kadaster/brt-top10nl/ogc/v1/collections/functioneel_gebied_vlak/items/6f1b5ecc-f34f-5134-876b-3bcc2d141057","sourceDate":"2019-01-01"},"geometry":{"type":"Polygon","coordinates":[[[5.834947188123714,50.77545675494529],[5.835341513025394,50.77542979859145],[5.835950978303723,50.77538131117248],[5.835976847223057,50.77544635506377],[5.836275449483204,50.77541795913152],[5.836294612500558,50.775340125860744],[5.8367099008736165,50.77529035140743],[5.837173992874422,50.775247248294896],[5.837364998194862,50.77524022094968],[5.836898378555038,50.77642704549663],[5.836592266220991,50.77674724953945],[5.836431494881728,50.776915419912285],[5.836318666649459,50.77703345207866],[5.836302357724977,50.777050504600886],[5.835959046973338,50.7774096085742],[5.834408972766277,50.777258719683424],[5.833251165810671,50.77713062579307],[5.834135921889758,50.7755162130728],[5.834192305502185,50.77552095778598],[5.83427115809079,50.77552707054308],[5.834314811111412,50.77552887005934],[5.834358008409378,50.77552898140564],[5.834443040767668,50.775526126124696],[5.834482885039845,50.77552400318199],[5.834569862109406,50.775515522192514],[5.834655899990975,50.775502262667665],[5.834789018537345,50.77547871699663],[5.834866870648861,50.77546633401073],[5.834947188123714,50.77545675494529]]]}},{"type":"Feature","id":"functioneel_gebied_vlak/129021371","properties":{"id":"functioneel_gebied_vlak/129021371","name":"De Plaats","kind":"camping, kampeerterrein","source":"PDOK TOP10NL","sourceUrl":"https://api.pdok.nl/kadaster/brt-top10nl/ogc/v1/collections/functioneel_gebied_vlak/items/edbc5cea-976d-502c-95e2-5190b6ea6f90","sourceDate":"2020-01-01"},"geometry":{"type":"Polygon","coordinates":[[[6.075813256615082,51.364222322482846],[6.076029185525423,51.36357106346227],[6.075293863472264,51.362752074998255],[6.075642458013757,51.3623059429121],[6.076029056425032,51.36242437012602],[6.076640285976449,51.362615149236554],[6.076827465478466,51.36267781788024],[6.077069670607869,51.36277959490779],[6.077413008143177,51.36296223915062],[6.077813224024653,51.36318759329648],[6.078245880098502,51.3634252303007],[6.078484588658452,51.36353268818248],[6.078722967477124,51.363626834889956],[6.079098552242174,51.36375439617625],[6.079196935611448,51.364027813137575],[6.07913825314456,51.364049834101515],[6.0784489106646085,51.36416736739902],[6.078353322167589,51.36418354840832],[6.077811595654796,51.36427589584998],[6.077509299429703,51.36431829077203],[6.077282284736302,51.36433669688449],[6.077058538752975,51.36434241775827],[6.0768022903378185,51.364335296634785],[6.076563534159206,51.36431693411612],[6.076324645767045,51.36429075149965],[6.075813256615082,51.364222322482846]]]}},{"type":"Feature","id":"functioneel_gebied_vlak/131216896","properties":{"id":"functioneel_gebied_vlak/131216896","name":"'t Posterbos","kind":"bungalowpark","source":"PDOK TOP10NL","sourceUrl":"https://api.pdok.nl/kadaster/brt-top10nl/ogc/v1/collections/functioneel_gebied_vlak/items/ad2fd4f2-9f57-50a9-aa38-ac4aad250246","sourceDate":"2019-01-01"},"geometry":{"type":"Polygon","coordinates":[[[6.008374760655609,51.12010458197297],[6.008455232263552,51.1200982364238],[6.008489619048582,51.120348697455],[6.008506662598983,51.12047283716587],[6.0085192531517055,51.12056187839747],[6.008496619026623,51.12056485359092],[6.008545246849975,51.12086294810529],[6.008641184802149,51.12084828006547],[6.0086577902669855,51.120950600711566],[6.008665208773858,51.12099631056211],[6.008671209418475,51.12103328394355],[6.008707673718337,51.12103112006564],[6.0087357311718845,51.12102939671922],[6.008763851463776,51.12102809551308],[6.0087920062736595,51.12102723457682],[6.008820181198486,51.12102680499856],[6.008842436685809,51.121026973430695],[6.008864671266527,51.12102770827838],[6.008905040723694,51.1210312584084],[6.008921745865205,51.121032912780386],[6.008940315468459,51.12103513245768],[6.008983984549935,51.12104186497048],[6.0089990485291995,51.12104467871834],[6.00901387554932,51.12104792520649],[6.009028465489096,51.121051595446794],[6.009047365191739,51.121058155031236],[6.009065715798483,51.12106530184086],[6.009083488259223,51.12107300007558],[6.00910063972764,51.121081249965314],[6.009117112710571,51.12109002485138],[6.009126672925936,51.12109565467213],[6.009132878279042,51.12109929792204],[6.009142187012892,51.12110534258391],[6.00914789346501,51.121109060418945],[6.009162129096051,51.121119267553574],[6.00917554220394,51.12112991056753],[6.0091880894554,51.12114095373736],[6.009199770606951,51.12115237908654],[6.009210528042928,51.121164150968106],[6.009220347115863,51.12117624249387],[6.009229213299792,51.1211886357638],[6.009237083017729,51.1212012770777],[6.009244147167531,51.12121455193997],[6.009250114388182,51.12122803942903],[6.009254984192246,51.121241703591515],[6.00925874181003,51.121255508550824],[6.009310836292001,51.121252595512125],[6.009320991791043,51.12131909571972],[6.00941461306954,51.12193179726586],[6.009436866914062,51.12207743478609],[6.0093937862105165,51.12207203864917],[6.009312017338313,51.122061798077],[6.00919479390313,51.122047118140046],[6.00919409777894,51.12204845224498],[6.0091792700181035,51.12207473468906],[6.009172258729077,51.12208543323576],[6.0091603656776424,51.12209531297863],[6.00914900712751,51.12210141447046],[6.009136643977852,51.12210399765222],[6.009117177608849,51.12210309520691],[6.009091894189198,51.12210086659058],[6.0090667858564535,51.12209574256843],[6.009045546858364,51.12208839549917],[6.009029992895072,51.12207895049078],[6.009021212780697,51.122068705118195],[6.009016148059003,51.12205858366127],[6.009014512827987,51.12204645725646],[6.009013684846233,51.12203909969177],[6.009011546410442,51.122034122248046],[6.009008913867207,51.12203063063886],[6.009004288773366,51.122028722783234],[6.008993966979464,51.1220259375605],[6.008982747579934,51.12202331894845],[6.008970392149573,51.12202119182864],[6.008942378337603,51.122017737325166],[6.008805773589533,51.122005255271816],[6.008691612306385,51.12199201464527],[6.008633358488963,51.12197996671438],[6.008576072492071,51.12196026392279],[6.008524276614269,51.121929322410814],[6.008485307205918,51.12189202888822],[6.008461712609402,51.121854104715275],[6.008443395195557,51.12180186874687],[6.008433040863407,51.12175227786237],[6.008430992838979,51.121712764139396],[6.008431285246766,51.12170480729829],[6.00831488519072,51.12166852147205],[6.008272872203128,51.12165542461152],[6.008079526249316,51.12166978092771],[6.008060605447084,51.12167118556293],[6.0078914827748475,51.12168333550591],[6.007851613657821,51.121686200500626],[6.0076418037863375,51.121701992490486],[6.007380955439978,51.1217217423654],[6.006731258799194,51.12177036444489],[6.00671224746868,51.121677088087665],[6.006691095939552,51.121573377921294],[6.0066636003419545,51.12143981315353],[6.006636501174928,51.121305976593064],[6.006609517635719,51.12117222929936],[6.007207129597647,51.12112362548255],[6.007193563539266,51.121081485562826],[6.007176034347369,51.12104626138642],[6.00714730487435,51.12100133497558],[6.007108932711954,51.12095628927704],[6.007050262982529,51.1208931402473],[6.006989908471438,51.1208215505156],[6.006960833245437,51.12077426179592],[6.006940266968264,51.120729867034626],[6.006926001976558,51.120682472245285],[6.006907949426731,51.120597802271725],[6.006897495322221,51.12054596453449],[6.006360362539028,51.120588023713196],[6.006277245272219,51.12059811966413],[6.0059712221121915,51.12043564561855],[6.006005759230576,51.120406791568804],[6.005789079509401,51.120295835284516],[6.005592381387942,51.12019546960572],[6.005556154037976,51.12017698348595],[6.005509146872702,51.12021505971385],[6.005289083920019,51.12010195698535],[6.00522072857743,51.11993162984234],[6.005176154900324,51.11982056079364],[6.005150794660503,51.11979510974632],[6.00662426046801,51.11909077366606],[6.006913270107455,51.11900075627948],[6.0081887050420395,51.11858438685475],[6.008854511739758,51.11835820853716],[6.008944702664512,51.11830319518211],[6.008909923996079,51.118118083690376],[6.012405152566265,51.118087599220736],[6.012671867568223,51.118360983652884],[6.012936913385006,51.118630205015734],[6.012972106198237,51.11866594433559],[6.012993946236166,51.11868813729574],[6.013147825485002,51.11884443534982],[6.013408606885249,51.119109498759286],[6.013459673213589,51.11916236623846],[6.013120933339469,51.119224330330375],[6.012196953996095,51.11939295539678],[6.010899854427554,51.11963170680358],[6.010198237173808,51.1197599015286],[6.009218742081294,51.11993549766985],[6.00911225282393,51.119954774551125],[6.009111406272629,51.11994815418556],[6.009107995209461,51.119920890812374],[6.008941944935413,51.119948504918405],[6.008858749062302,51.11995292602034],[6.008499705963561,51.119982535583304],[6.008350603661702,51.11999483183927],[6.008374760655609,51.12010458197297]]]}},{"type":"Feature","id":"functioneel_gebied_vlak/129021362","properties":{"id":"functioneel_gebied_vlak/129021362","name":"De Lommerbergen","kind":"bungalowpark","source":"PDOK TOP10NL","sourceUrl":"https://api.pdok.nl/kadaster/brt-top10nl/ogc/v1/collections/functioneel_gebied_vlak/items/7b3a1e3b-d7e7-5296-8182-0bba58f4e254","sourceDate":"2014-01-01"},"geometry":{"type":"Polygon","coordinates":[[[6.056058620799513,51.28348108718591],[6.0547536460019025,51.28302897065445],[6.054082567677646,51.28372437003752],[6.054020431088491,51.28369789382575],[6.0532422894512665,51.283347750564566],[6.05312093707792,51.28328950395423],[6.053134778094265,51.283277307563594],[6.051958957808926,51.282731564243356],[6.051338126529429,51.28243151346924],[6.051136313428986,51.282310243478186],[6.05096013849367,51.282170803947906],[6.0508449304916025,51.282064374772595],[6.050962793148144,51.281958540130766],[6.0506266739059535,51.28178548536775],[6.050560670289659,51.281751972994066],[6.050483014209819,51.28171255828479],[6.050479060881641,51.28171076503357],[6.050378172353423,51.28168037279269],[6.049745620004548,51.281377872483965],[6.049725853524456,51.281368897112465],[6.048764194176417,51.28090888927647],[6.048585624990277,51.280823079292745],[6.048350371996639,51.28071066896232],[6.04834996057622,51.280709970156316],[6.048325337471915,51.28069813666516],[6.048309803978891,51.28025884183563],[6.048307399686799,51.2801896400747],[6.048306541532282,51.28016496111319],[6.048307007290834,51.28015751556266],[6.04833108020105,51.27976815444216],[6.048339374199171,51.27963389233359],[6.048347962033355,51.27949517000251],[6.048358091283306,51.279331197756754],[6.048361751404328,51.27927203822873],[6.048387168570615,51.27921983843827],[6.048437334954249,51.27911683593226],[6.048481334935196,51.27902650699799],[6.048549542157662,51.278961955818346],[6.04870518503739,51.2788146491516],[6.048797046090423,51.27872770656572],[6.048888680615528,51.27864098092968],[6.048901278446424,51.27862906177795],[6.048959374311932,51.27849273661043],[6.04899053719067,51.278473215040684],[6.04917427553259,51.27835811740754],[6.049175997637765,51.27835728062239],[6.049334882358356,51.27827979032313],[6.04969318242292,51.278105054199585],[6.049755730412055,51.27807451299774],[6.049775073187065,51.278064218317],[6.050050494565614,51.27791968857698],[6.050074018362798,51.277907149744266],[6.050178101762134,51.277937056581685],[6.0502414126622135,51.27795525821436],[6.050356348087737,51.27798829416612],[6.050412520340836,51.27800442396556],[6.050474737579893,51.278022308100184],[6.050537329167275,51.27804030692513],[6.050746360946304,51.27810037543391],[6.050906114276603,51.278146279266],[6.051074373959682,51.278194642292156],[6.05119018868795,51.27822794208038],[6.051252996583251,51.27824599322307],[6.051431173254125,51.27829720260261],[6.051558876354548,51.27833390393342],[6.051567382441248,51.27833636331102],[6.05162213608846,51.278351466891664],[6.051685509214584,51.27836893927817],[6.051727369529243,51.27838048486292],[6.051748628865877,51.27838671870447],[6.051920216107488,51.27843710202179],[6.052035883946041,51.2784710580115],[6.052098122522725,51.2784893366789],[6.052190429408248,51.27851642353523],[6.052400823387625,51.278578207200106],[6.052483803646198,51.27860256952766],[6.052616154965027,51.27864143645487],[6.052689678548096,51.27866301217649],[6.052717545578147,51.278671230586504],[6.052799030627392,51.27869525066946],[6.052880486968546,51.27871926187099],[6.053006176397831,51.278756296747154],[6.053086121635794,51.278779866999805],[6.053165951782508,51.27880340190044],[6.0534530440088865,51.27888800833582],[6.053532558588156,51.27891149984814],[6.053590761934914,51.2788966762845],[6.053610467517686,51.27887786628362],[6.053659816606396,51.2788307868448],[6.053713646685023,51.27877942991433],[6.0537592775020626,51.278735877445385],[6.053802134725625,51.27871248524155],[6.05386775707337,51.278676665633355],[6.05395537683948,51.27862885445307],[6.054041176044678,51.27858201546283],[6.054132335880643,51.27853226021218],[6.054221206281236,51.27848375849601],[6.054302625672179,51.27843932650384],[6.054391325049832,51.27839091552635],[6.054456562421213,51.27835529554662],[6.054560584910886,51.27830507068882],[6.054650474721431,51.278261668558734],[6.054748163380811,51.27821449117937],[6.054862375065412,51.27815932656251],[6.054940124252831,51.278121773798205],[6.055083225977262,51.27805263605558],[6.0552628028171895,51.277965832070905],[6.055410755522012,51.277894274992676],[6.0555079430033585,51.27784723468007],[6.055687629339205,51.27776018669872],[6.055771394509269,51.277719542546436],[6.05613021124568,51.27754583520166],[6.056189075991211,51.27751760388839],[6.056283663906162,51.277472258810455],[6.057180810660373,51.27815011039272],[6.057346750190691,51.27827545974684],[6.057486661829247,51.27838114697079],[6.057592719512812,51.27846128448287],[6.057761835243021,51.278589033005964],[6.057928995467192,51.278715309368465],[6.058038576180849,51.2787980869277],[6.058174693914814,51.27890090973014],[6.058364422401434,51.27904425136432],[6.058553745916754,51.27918726243649],[6.05865373469878,51.27926281364776],[6.058709562414912,51.27930497366959],[6.058849089291587,51.27941038284278],[6.058982254189099,51.27951098349015],[6.059086955024467,51.279590111735075],[6.059236107454877,51.27970279992612],[6.059424886390037,51.27984544419904],[6.059445365940807,51.27986092186566],[6.0600953230019226,51.28027283621366],[6.060029652301454,51.28030519885724],[6.059958507858663,51.28034156625563],[6.059839492335012,51.280402390783735],[6.059611788760757,51.28051877515403],[6.059040675920251,51.28081068410525],[6.058835249987353,51.2809139221925],[6.058817334169252,51.280896380125235],[6.058687287346518,51.28076920770532],[6.058558492107862,51.280643277397616],[6.058464888016059,51.280551751727316],[6.058413730734907,51.28050171722883],[6.058283758731451,51.280374606858736],[6.0581847462008955,51.28027778166212],[6.058119062677408,51.280213538235806],[6.057923554337191,51.28040959214791],[6.057858153683455,51.28047516643836],[6.057795097940488,51.280538408011274],[6.057782526109891,51.28055100216098],[6.0576964595666825,51.28063730726429],[6.0576564704401425,51.28067742194251],[6.057588328671462,51.280745744531295],[6.057485706135658,51.280848648687616],[6.057436294824493,51.28089821108322],[6.057296337167094,51.28103854463035],[6.056996530119782,51.28133916445952],[6.056548903322751,51.28178802673609],[6.056385107600737,51.28195018676134],[6.056172549225335,51.28187217948254],[6.055859390630648,51.28250182631121],[6.055839617897859,51.28254159048308],[6.056051079337552,51.2825590815988],[6.056266878778173,51.28259288044687],[6.056633832843778,51.282650610293466],[6.056771468658478,51.28267734294344],[6.056873777254523,51.28280629512537],[6.056809339776153,51.28283810947365],[6.056744774396718,51.282868045815775],[6.05674018983682,51.282870157642755],[6.056401983356282,51.28316797642344],[6.056211074764867,51.28332312780686],[6.056058620799513,51.28348108718591]]]}},{"type":"Feature","id":"functioneel_gebied_vlak/129020897","properties":{"id":"functioneel_gebied_vlak/129020897","name":"Looierheide","kind":"camping, kampeerterrein","source":"PDOK TOP10NL","sourceUrl":"https://api.pdok.nl/kadaster/brt-top10nl/ogc/v1/collections/functioneel_gebied_vlak/items/30c9c7f0-a58f-5f67-9887-50f01a3bc14d","sourceDate":"2015-01-01"},"geometry":{"type":"Polygon","coordinates":[[[6.0000258725133095,51.69491518196631],[5.999296087398587,51.694297205177904],[5.998973504707635,51.69418195696786],[5.9989696311785945,51.69416933009443],[5.998961324446648,51.694142263552415],[5.998801499137456,51.69397641189341],[6.000534104751512,51.69352206666111],[6.000741183333303,51.693725978336516],[6.001840832817893,51.69416403796143],[6.0017095305064005,51.69421404814396],[6.001593680283276,51.694261235547266],[6.0014232458931085,51.69433416518961],[6.001232626465977,51.69441826553016],[6.000607252721973,51.694695483068585],[6.000219310318781,51.69486261922191],[6.0001963572475105,51.694844573201784],[6.000040962082285,51.69490904460596],[6.0000258725133095,51.69491518196631]]]}},{"type":"Feature","id":"functioneel_gebied_vlak/132002777","properties":{"id":"functioneel_gebied_vlak/132002777","name":"Boebadoe","kind":"camping, kampeerterrein","source":"PDOK TOP10NL","sourceUrl":"https://api.pdok.nl/kadaster/brt-top10nl/ogc/v1/collections/functioneel_gebied_vlak/items/f3abd359-ac2b-59db-a25f-949f1eb65f11","sourceDate":"2023-01-01"},"geometry":{"type":"Polygon","coordinates":[[[5.909253393862876,51.31942353843238],[5.90927688700264,51.319387962862194],[5.909358790584275,51.319242826416236],[5.909407972191171,51.319155672993624],[5.9093669816375325,51.31914623872243],[5.909372527587145,51.31913665470865],[5.909612067790361,51.318722709524074],[5.909613175564105,51.318720796096045],[5.909774302286229,51.31844235060144],[5.909796296834766,51.31844233164849],[5.909817547291054,51.31844113960863],[5.909812410810363,51.318522976878185],[5.9097667138136325,51.31904070420328],[5.910375628201964,51.3190522393092],[5.910375492471985,51.319173058678345],[5.910454433427432,51.319172703902815],[5.910469330790443,51.31914790228546],[5.910487329956924,51.319128795241156],[5.910520510516331,51.31910961939138],[5.910559838426773,51.31909707499106],[5.910582609645539,51.31909697262226],[5.910641901974994,51.319104316844935],[5.91066627904146,51.31911181803387],[5.910683174362522,51.31912886593119],[5.910689344455659,51.319137400120084],[5.910695547239109,51.319148788139366],[5.910710848527942,51.319159184106496],[5.910730735861862,51.31917241286456],[5.910850741371251,51.31917853280549],[5.91087811047853,51.31918221481419],[5.910881592946502,51.31922120369793],[5.910877202187624,51.31923549333655],[5.910867633152971,51.31932781536395],[5.9106857089287965,51.31948274831976],[5.910331960038212,51.31948148443639],[5.909639511560599,51.31946747000254],[5.909599540655152,51.31942388856544],[5.909253393862876,51.31942353843238]]]}},{"type":"Feature","id":"functioneel_gebied_vlak/129021370","properties":{"id":"functioneel_gebied_vlak/129021370","name":"De Merel","kind":"camping, kampeerterrein","source":"PDOK TOP10NL","sourceUrl":"https://api.pdok.nl/kadaster/brt-top10nl/ogc/v1/collections/functioneel_gebied_vlak/items/d90dcb58-a8b2-5853-af6b-5c4f24d553a9","sourceDate":"2014-01-01"},"geometry":{"type":"Polygon","coordinates":[[[6.105328683240182,51.46625447824234],[6.1054920637234344,51.4655473899982],[6.105700460633394,51.464743159203195],[6.106284824361832,51.464824476427154],[6.106462859170881,51.46536930471857],[6.106122221781849,51.46636434258032],[6.105328683240182,51.46625447824234]]]}},{"type":"Feature","id":"functioneel_gebied_vlak/129020821","properties":{"id":"functioneel_gebied_vlak/129020821","name":"De Eendenkooi","kind":"camping, kampeerterrein","source":"PDOK TOP10NL","sourceUrl":"https://api.pdok.nl/kadaster/brt-top10nl/ogc/v1/collections/functioneel_gebied_vlak/items/4650eb1d-098b-5520-8802-d600ba0b2b4b","sourceDate":"2014-01-01"},"geometry":{"type":"Polygon","coordinates":[[[6.074908999722532,51.46305382259566],[6.074938153224386,51.46279943479133],[6.075023324843962,51.46195920473276],[6.0750432020136245,51.46170239064403],[6.075613474775288,51.461719412675016],[6.075843202754472,51.4617531311959],[6.076028843053434,51.461780385955606],[6.0760216846914945,51.46179897239877],[6.076285706458557,51.461840406741764],[6.076615575688577,51.46189217504733],[6.076627646048007,51.46189768581919],[6.076630405910663,51.461899386389774],[6.076635142015463,51.461903304532335],[6.076638915436594,51.461907318255015],[6.07664106805104,51.461913579803124],[6.076640888295626,51.46192831372296],[6.076430328826506,51.46249443165703],[6.076428093942417,51.46250174387599],[6.076388113482175,51.462622153150754],[6.0762004711954525,51.46312739699301],[6.076187169389914,51.46316318859344],[6.076191781126093,51.463163637762015],[6.074908999722532,51.46305382259566]]]}},{"type":"Feature","id":"functioneel_gebied_vlak/129019166","properties":{"id":"functioneel_gebied_vlak/129019166","name":"Limburgse Peel","kind":"bungalowpark","source":"PDOK TOP10NL","sourceUrl":"https://api.pdok.nl/kadaster/brt-top10nl/ogc/v1/collections/functioneel_gebied_vlak/items/af58b5f5-2491-5b63-a332-84cf29824ac8","sourceDate":"2014-01-01"},"geometry":{"type":"Polygon","coordinates":[[[5.968821879841661,51.44697924478358],[5.967458571821235,51.448427714676995],[5.967291486181025,51.44860524893262],[5.96639640022087,51.44955442697893],[5.966228508956827,51.44973146929289],[5.966130744923951,51.449835820918814],[5.96423932766868,51.44999938109809],[5.964175613419541,51.45000292334624],[5.964068066852346,51.45000890263874],[5.96399564081109,51.45000725636823],[5.963937878517402,51.45000595102087],[5.963711306833141,51.44999758807758],[5.96353568892645,51.45004022734307],[5.963333100522371,51.45008430297399],[5.962948583843868,51.45011465171536],[5.962868483791019,51.45012162698822],[5.962637753671231,51.450140545684064],[5.961144032932003,51.45026308989492],[5.961112071124791,51.45026571013897],[5.958480284564286,51.45048157346485],[5.958377571005095,51.450491074414046],[5.958276694781637,51.450500251665716],[5.956929111053993,51.450624686652375],[5.956848750576097,51.450264868963174],[5.956740324846911,51.449779739865136],[5.956618747259861,51.449233200116666],[5.9563729858144745,51.44813341826487],[5.956188847444074,51.44730415136047],[5.955981519129938,51.446376335597876],[5.955808483272027,51.44559756720106],[5.9556749051591344,51.445008558640325],[5.955877714278763,51.444987992066004],[5.956612897836895,51.44490799027275],[5.956812728865003,51.444880551149446],[5.957026546180917,51.444850050051365],[5.957083751662824,51.44484073670394],[5.957153020850361,51.44482873962111],[5.957225853281551,51.44481526888466],[5.957284971992281,51.44480367190573],[5.957352992249351,51.44478958640619],[5.957422193018421,51.444774434409524],[5.957480588439705,51.44475907453766],[5.957533542592894,51.444744550246014],[5.957586876624547,51.444729349908],[5.957641435557059,51.44471318174595],[5.957699941107123,51.4446951425463],[5.9577683075277355,51.444673117951076],[5.957772733677138,51.44467163111101],[5.957822925262592,51.444654765124255],[5.957897897846288,51.44462845639776],[5.957944459741612,51.44461121261233],[5.957984750474004,51.44459630065093],[5.958044514123557,51.44457307753872],[5.958120479647945,51.44454223342444],[5.958192434338152,51.44451158867659],[5.958267803315101,51.44447792488606],[5.958338775921164,51.44444468707746],[5.959880272171312,51.44368514614682],[5.960123080783453,51.44356549825637],[5.960289945294405,51.44346909077707],[5.960294684979573,51.443466244981565],[5.9602936407982465,51.44346556696028],[5.96031598304269,51.443470445967485],[5.961288229071777,51.443678222908446],[5.961976494039708,51.44382530585699],[5.9625595492059364,51.443951231786286],[5.962770940662019,51.44399688567985],[5.962906861249513,51.44403364431072],[5.963414003439427,51.44418244885156],[5.964887391007166,51.444683236184815],[5.967313612514241,51.445431037708744],[5.968050573873045,51.445728208343674],[5.968425355137616,51.4458793313347],[5.9694493311064045,51.44631320307751],[5.968821879841661,51.44697924478358]]]}},{"type":"Feature","id":"functioneel_gebied_vlak/129021368","properties":{"id":"functioneel_gebied_vlak/129021368","name":"De Krosselt","kind":"caravanpark","source":"PDOK TOP10NL","sourceUrl":"https://api.pdok.nl/kadaster/brt-top10nl/ogc/v1/collections/functioneel_gebied_vlak/items/3d22f328-3f5c-5677-ad68-5af9aa2f1cb6","sourceDate":"2014-01-01"},"geometry":{"type":"Polygon","coordinates":[[[6.174932174035501,51.40194038581155],[6.174404163027013,51.40162087899728],[6.174005051894876,51.40137125226596],[6.173626721864131,51.40111390621014],[6.173547882195615,51.40106720986543],[6.173211145565147,51.40088151199313],[6.173185355194611,51.40086681808842],[6.1737726215199995,51.400490072114636],[6.17443279874234,51.40006607871331],[6.1744557761206496,51.40007182928695],[6.176494136217156,51.40059048885692],[6.176046941855072,51.40103654085976],[6.17601826705983,51.401060367099525],[6.174936222661365,51.40193598978039],[6.174932174035501,51.40194038581155]]]}},{"type":"Feature","id":"functioneel_gebied_vlak/129021904","properties":{"id":"functioneel_gebied_vlak/129021904","name":"De Waterval","kind":"caravanpark","source":"PDOK TOP10NL","sourceUrl":"https://api.pdok.nl/kadaster/brt-top10nl/ogc/v1/collections/functioneel_gebied_vlak/items/aacbcab1-8802-5bda-9434-d5fb43c35f48","sourceDate":"2014-01-01"},"geometry":{"type":"Polygon","coordinates":[[[6.007114203078298,51.27784632681484],[6.005511178905032,51.27630723175105],[6.00625057762283,51.275984470833244],[6.006317143967702,51.27593867743223],[6.006389163257867,51.275860575562135],[6.006384438411793,51.275843962105235],[6.008469266999723,51.276757798583525],[6.0082511779514185,51.277353143118894],[6.008105649572598,51.27742373704925],[6.007114203078298,51.27784632681484]]]}},{"type":"Feature","id":"functioneel_gebied_vlak/129019684","properties":{"id":"functioneel_gebied_vlak/129019684","name":"Scheyvenhof","kind":"camping, kampeerterrein","source":"PDOK TOP10NL","sourceUrl":"https://api.pdok.nl/kadaster/brt-top10nl/ogc/v1/collections/functioneel_gebied_vlak/items/0cdaa065-7719-50e0-9e4b-0f306814d0c5","sourceDate":"2014-01-01"},"geometry":{"type":"Polygon","coordinates":[[[5.857570801790224,51.25025911427615],[5.857733254778488,51.25027853850161],[5.857754163770243,51.25028104273016],[5.857993148205773,51.250309047022554],[5.8580375194662375,51.25031441359311],[5.8582057830397,51.25033473949728],[5.858421487690628,51.25036085960461],[5.858508067515341,51.250371583186066],[5.858691424395304,51.25039431918343],[5.858967846915097,51.250428875445564],[5.859149578122057,51.250448093671785],[5.859311841495657,51.250462887188824],[5.859516042030279,51.250481699047384],[5.859636150112446,51.25049351714532],[5.859608238940022,51.25059813522757],[5.859569402117161,51.25075860963216],[5.859521754317871,51.250853635790136],[5.859499953840858,51.250874443668046],[5.859409474929352,51.250960771628954],[5.859187119390854,51.25109017000996],[5.858997764375535,51.251198750721606],[5.858971312123389,51.251218534654924],[5.858957109070484,51.25123718125708],[5.858900847630323,51.25135690757822],[5.858868597401248,51.25142567743386],[5.8588428810894415,51.25147660482844],[5.858686093349137,51.251456970422076],[5.858441836202746,51.25142247196597],[5.858219212021837,51.251389755101286],[5.857935643581169,51.25134749553148],[5.857719094986094,51.251316335169776],[5.857536480203805,51.25128806647434],[5.857450660345234,51.251273383988625],[5.857391804150976,51.2512733072653],[5.857312542358518,51.251275155691786],[5.85731656458526,51.25118419892669],[5.857317797971822,51.25115644526615],[5.857319053369457,51.25107781444862],[5.857320642384882,51.250984242761845],[5.857322525036799,51.25089834639292],[5.857431882478435,51.25088282108467],[5.857446156438732,51.25088079482422],[5.857584429760213,51.2508593996048],[5.857679470667236,51.25084595444641],[5.857658628179738,51.25073979914316],[5.857626165509427,51.25056771243389],[5.857580711489753,51.25032725487614],[5.857565467035053,51.25025847965693],[5.857570801790224,51.25025911427615]]]}},{"type":"Feature","id":"functioneel_gebied_vlak/131597729","properties":{"id":"functioneel_gebied_vlak/131597729","name":"De Geuldert","kind":"camping, kampeerterrein","source":"PDOK TOP10NL","sourceUrl":"https://api.pdok.nl/kadaster/brt-top10nl/ogc/v1/collections/functioneel_gebied_vlak/items/aaba830c-b411-540f-8a2d-688ecafa918c","sourceDate":"2020-01-01"},"geometry":{"type":"Polygon","coordinates":[[[5.929088414193432,51.73684556212779],[5.929095018599142,51.73686343467309],[5.929064920713598,51.736863168866364],[5.9286789535154965,51.73687746597057],[5.928665732964391,51.73686757667628],[5.928650784591638,51.73686692668869],[5.9286359442714875,51.73686562901843],[5.928621284387117,51.73686368333105],[5.928606877537166,51.73686110726828],[5.928592810688969,51.73685790941686],[5.928579127488064,51.73685410755245],[5.928565914901688,51.7368497102618],[5.928553231267137,51.73684475323004],[5.92854113481405,51.736839263154074],[5.92852969803282,51.73683324868763],[5.928518964891836,51.73682675457086],[5.928510426722809,51.73681858741296],[5.928502839802655,51.7368100653018],[5.9284962480992345,51.73680123297758],[5.928490680995982,51.73679212625907],[5.92848616819958,51.73678280792966],[5.928482738985655,51.73677330481993],[5.928480408584156,51.73676367978014],[5.928479177425426,51.73675396876279],[5.928479007858647,51.73674586180393],[5.928479620128549,51.73673776022069],[5.9284810001893,51.7367297000324],[5.928568978492419,51.736693473747216],[5.928843405762564,51.7365724944721],[5.929090830972518,51.7364562776046],[5.929385961237464,51.73630664438543],[5.929690028414128,51.73615875776118],[5.929784311156796,51.736089540050244],[5.929976789860259,51.73597442973476],[5.930086890754075,51.73593134032983],[5.930193441232052,51.73587111697417],[5.93038901890038,51.735746616466066],[5.931023817860891,51.73531498503542],[5.931371520418157,51.73507819158003],[5.93137531762875,51.73508455586635],[5.931457398823289,51.73522253648701],[5.932664991931319,51.73440496676445],[5.932899908180503,51.736582240429506],[5.932901958035469,51.73660600917718],[5.932904570301938,51.7366345370314],[5.932326234686849,51.73666264542381],[5.932293491516338,51.73666540451083],[5.931137502276511,51.73679096212853],[5.930956629138884,51.73681197580285],[5.930907978474338,51.736602194123016],[5.930538587140508,51.73664125487319],[5.930535911283264,51.736609874498754],[5.930488868267653,51.73661580049146],[5.930477993994198,51.73658909739908],[5.930457809867174,51.73659081290311],[5.930239983426842,51.73665548272436],[5.930164204349421,51.73668304148759],[5.930126714774855,51.73669667574048],[5.9301224787847735,51.73672666121682],[5.9301517605395375,51.736872769351116],[5.929590227447837,51.73686780256531],[5.929559059851515,51.73683060812667],[5.929514071098272,51.736776920619604],[5.9296605917599825,51.736727191182496],[5.929569525248266,51.736619542623075],[5.92945986976793,51.73665529474867],[5.929249351431306,51.73664162670033],[5.9292293055858565,51.73670235563072],[5.929226771040605,51.7367100340979],[5.929219080091112,51.73673333394391],[5.929216548599924,51.736772926521645],[5.929152684511797,51.736779158463776],[5.929128349567274,51.736781533383834],[5.929152473083889,51.73683956976547],[5.929088414193432,51.73684556212779]]]}},{"type":"Feature","id":"functioneel_gebied_vlak/131216895","properties":{"id":"functioneel_gebied_vlak/131216895","name":"Resort Limburg","kind":"bungalowpark","source":"PDOK TOP10NL","sourceUrl":"https://api.pdok.nl/kadaster/brt-top10nl/ogc/v1/collections/functioneel_gebied_vlak/items/48e235bf-9dec-56a9-9e8b-7d03c0ea1bf5","sourceDate":"2019-01-01"},"geometry":{"type":"Polygon","coordinates":[[[5.877391594663777,51.06751527952275],[5.877613021373279,51.067348502846016],[5.876902826033975,51.06691543765545],[5.8773224470013155,51.066455250634434],[5.877712728267542,51.06602722939813],[5.87775632705569,51.06600332319392],[5.8796117084001365,51.065161331408504],[5.879763542713174,51.065092424568356],[5.880204633299686,51.06489223615608],[5.880437783740861,51.06478642466867],[5.880986175325576,51.06443740581819],[5.881168707301923,51.06448578833224],[5.881238793168442,51.0645043663061],[5.88125704783792,51.06450920542347],[5.88133810682871,51.064530711888864],[5.881929785802366,51.06468773186903],[5.88223844356778,51.06476948041812],[5.882908796320996,51.06494703160974],[5.883084860428899,51.06492166687513],[5.883312073929889,51.064893017734875],[5.883465326963211,51.06499075417968],[5.883465989763801,51.06499004121862],[5.883540101441838,51.06493726465131],[5.883927712174263,51.06475078335814],[5.884763765055416,51.06433677307859],[5.885060705397079,51.064192142967485],[5.885158518888233,51.06425638894074],[5.88516295838133,51.06425930024963],[5.885246634524019,51.06431425842818],[5.886224728953932,51.06495663221703],[5.886267990727029,51.064985048640054],[5.886490593299821,51.06513123830037],[5.887252148240035,51.065631369845136],[5.887216803245071,51.065651603535855],[5.887313820248141,51.06572995473939],[5.887889901249826,51.0661022690342],[5.888225674029636,51.0663246418476],[5.889073504943558,51.066886115423884],[5.889582869007224,51.067225028834315],[5.889943545489677,51.06745585522171],[5.889945786743677,51.06745729271456],[5.889953271889829,51.06746208729158],[5.890030967587801,51.06751180948921],[5.888968573871748,51.06788992925343],[5.888956437356276,51.0678942515193],[5.888840230512323,51.06793560905867],[5.888700786653035,51.06797597037152],[5.888756868719057,51.06803361626586],[5.88840494061433,51.068160722500046],[5.888241426764733,51.06822588884034],[5.888041275583009,51.06832383398953],[5.887794176669512,51.068461586661314],[5.887703343132219,51.06851825843077],[5.887666154705809,51.06856071179193],[5.887628122052587,51.068612130722855],[5.887597036912178,51.06866089488932],[5.887566132995431,51.06873027881038],[5.88754881305701,51.068781473469414],[5.887536298008481,51.06884026997647],[5.88752824471624,51.06892498021135],[5.887524736232364,51.069015675416715],[5.887563327112908,51.06919543074084],[5.887629297473159,51.06939888845023],[5.88767287019074,51.06947907012222],[5.887805923063783,51.069755803276486],[5.887820188236567,51.06979892436426],[5.887846912222562,51.06992765589671],[5.887862110315982,51.07006967786107],[5.887856956937185,51.070120577315514],[5.8878018201268985,51.07026152774337],[5.8877246973017705,51.0703815030881],[5.887663043991048,51.07044279495188],[5.887611341369033,51.07048237157954],[5.887550641851758,51.070523802776634],[5.887455447609766,51.07056690193518],[5.887376455477212,51.070609499638735],[5.887337286903292,51.070624832919705],[5.887286624861946,51.07064466527893],[5.887256861256301,51.070656317452254],[5.887018924865744,51.07074049997069],[5.887009842862278,51.0707437122127],[5.886909726628504,51.07076852174581],[5.8867724750776675,51.07080806225013],[5.886745010511391,51.070815973988374],[5.886667625780321,51.0708345549181],[5.886665960858405,51.07083495760351],[5.8865610972042655,51.070860137856734],[5.886552743953956,51.07086214241049],[5.886445475228868,51.07088789922002],[5.886296212440859,51.07092374251501],[5.886210558693439,51.07094423742126],[5.885998195779503,51.07099505779147],[5.885860116236706,51.07102810179709],[5.885622848907699,51.07108488038269],[5.8855261800306655,51.071108010946546],[5.885405508502758,51.07114522233429],[5.885211111591065,51.071195182006086],[5.885042794245133,51.071238440484564],[5.88495032443155,51.07126599305003],[5.88494729520045,51.07126689595847],[5.884723714576285,51.07133351070725],[5.8844787151389095,51.07140650014968],[5.884245732479164,51.07147591389749],[5.8840256768835,51.071541478455],[5.883949945066138,51.07156404155086],[5.883817169174779,51.07160759537734],[5.883800866666816,51.07161339114774],[5.883473663695663,51.071729652584615],[5.883417435974697,51.071749632915164],[5.883318937766605,51.071784625820996],[5.88319214852772,51.071833052256494],[5.882903443685618,51.07194331354939],[5.88281364056061,51.07197761265121],[5.882675023863081,51.072031491413306],[5.882465023903485,51.072113127109375],[5.882285855529405,51.072182774390484],[5.882144111854765,51.07223787936976],[5.882076054642445,51.07226978388917],[5.881785525889164,51.072406001118864],[5.8816332406395,51.07247739338576],[5.881582367368709,51.07250055901959],[5.88141888514632,51.072574983069124],[5.8813728523604505,51.07255065759673],[5.881289902002556,51.07250180594647],[5.881153379555772,51.07242139777716],[5.881110174388136,51.07239595451824],[5.88074320882572,51.07220081339588],[5.880405538506291,51.07202701197597],[5.880165113486367,51.07190325975359],[5.880124115248123,51.07188928556905],[5.880132808147054,51.071845670425084],[5.8801356112001235,51.0718316268352],[5.880138620925664,51.071795577543064],[5.880141147989109,51.07166914692994],[5.880142925274433,51.07158062568957],[5.880142941233044,51.071482179206335],[5.88014293768531,51.07146985544168],[5.8801418860201595,51.07136097738726],[5.880140088252204,51.0713463151499],[5.880132958975641,51.071288106393496],[5.880118667219141,51.07121522225573],[5.880099807675083,51.071164784840605],[5.88009203742277,51.071143981613666],[5.880028588048086,51.070983889437684],[5.8800216960683445,51.07096648926478],[5.880014509096952,51.07093086085967],[5.880009783549358,51.070851940444285],[5.880010338747118,51.07080650819165],[5.88001242444138,51.070636150711614],[5.8800142180546775,51.0704891566201],[5.8800144390404725,51.070472481274045],[5.880016036156242,51.07035111536693],[5.880016758950207,51.07029734969268],[5.880016887247503,51.070288009681846],[5.880018228475206,51.07018805641844],[5.880020288854933,51.07003266556095],[5.880022152760067,51.06989224205436],[5.880023606552862,51.069782814013074],[5.880023730517948,51.06977306952009],[5.880025080816778,51.06967130046006],[5.8800221701305695,51.069644624795565],[5.88002093611881,51.06963330402994],[5.880007107538734,51.06959962748597],[5.879990870940958,51.06956623983338],[5.8799781211193265,51.069548037583004],[5.879939187246691,51.06949213034271],[5.8799001675698594,51.06944952702391],[5.87987949556257,51.06942694488689],[5.879851422445761,51.06938735125054],[5.879825300658425,51.06934478297829],[5.879823252981916,51.06931208107963],[5.879839009143051,51.06927658886899],[5.8798462489208045,51.06926785684625],[5.879695389851544,51.06924248403533],[5.878973791651555,51.068486003696876],[5.878514941318936,51.06800425683433],[5.8784477611526595,51.06794952950303],[5.8783917671072246,51.06792297987161],[5.878058576519584,51.06781229071989],[5.877802719814859,51.0677291389193],[5.87762999157557,51.067640349410816],[5.877391594663777,51.06751527952275]]]}},{"type":"Feature","id":"functioneel_gebied_vlak/129022627","properties":{"id":"functioneel_gebied_vlak/129022627","name":"Heide-Hof","kind":"camping, kampeerterrein","source":"PDOK TOP10NL","sourceUrl":"https://api.pdok.nl/kadaster/brt-top10nl/ogc/v1/collections/functioneel_gebied_vlak/items/649411fa-a685-5b9c-a9fa-c367bb684c9d","sourceDate":"2023-01-01"},"geometry":{"type":"Polygon","coordinates":[[[6.197079223848462,51.516909647631365],[6.197524143369457,51.517337582534495],[6.1974516128617765,51.51737529987621],[6.197294843947111,51.51749839738945],[6.197212933240439,51.51752251127746],[6.19677156337975,51.517877351145444],[6.196661571061246,51.51777395333584],[6.196455561355233,51.51758028341749],[6.1963771403601156,51.51750751238216],[6.196125647472721,51.51727416489163],[6.195398766200218,51.51660037392634],[6.195357954148901,51.51654432216915],[6.195685043733258,51.515913309007466],[6.19579551337344,51.51594174265621],[6.196239030285902,51.516087537715435],[6.196651919665771,51.5162250780113],[6.196401597752338,51.5164675021931],[6.196505305353099,51.51655430679241],[6.197079223848462,51.516909647631365]]]}},{"type":"Feature","id":"functioneel_gebied_vlak/129023067","properties":{"id":"functioneel_gebied_vlak/129023067","name":"Stille Wille","kind":"bungalowpark","source":"PDOK TOP10NL","sourceUrl":"https://api.pdok.nl/kadaster/brt-top10nl/ogc/v1/collections/functioneel_gebied_vlak/items/8034c0b8-3dd5-5234-8600-57db4ed32e33","sourceDate":"2019-01-01"},"geometry":{"type":"Polygon","coordinates":[[[5.868245380481236,51.34028939969249],[5.868120692445204,51.34037228003599],[5.867999352566104,51.34045288121678],[5.867797032031845,51.34058718363548],[5.867639774574804,51.34069150157321],[5.867583492878684,51.340728830968885],[5.867561102571709,51.34074366513456],[5.867309407282823,51.34091048546895],[5.867060421247985,51.34080395123533],[5.866811883421869,51.34069762136954],[5.866750945910978,51.34067157097501],[5.866476320385257,51.34085539205131],[5.866398088917511,51.340907292330755],[5.866120366572815,51.341091682617254],[5.865843752897386,51.341008190087024],[5.865510959250429,51.340907417432085],[5.865537777788869,51.34088915868029],[5.865489109019835,51.34087247755452],[5.86522624847061,51.34078230224756],[5.865081134966718,51.34073247048818],[5.864865733840705,51.34056929858755],[5.8648178799620565,51.3405330450493],[5.864626667245754,51.34038813773596],[5.864409011484786,51.34022314051308],[5.864757853841094,51.33982395192781],[5.864523916398549,51.33972395738261],[5.864311531108143,51.33963315954275],[5.864241903697022,51.33960337712071],[5.864079907271275,51.33953189618371],[5.864015683492067,51.33950556119572],[5.863992896832275,51.33949622520313],[5.863954659682171,51.33948056139767],[5.864316790687498,51.33902928306324],[5.864247578067787,51.33898416391803],[5.863949459748311,51.33878983228967],[5.863830773861303,51.338712474659935],[5.863609239364273,51.33856806738602],[5.863436587338246,51.338455523032444],[5.863235442735192,51.338324398088304],[5.862995590836322,51.33816804643651],[5.862294824682181,51.33804482187235],[5.861989026024266,51.33799104873089],[5.864591139027974,51.33671129237145],[5.86465990149267,51.33667794022965],[5.8670730470791606,51.33734875322385],[5.86739813489977,51.33743941370323],[5.867726356642477,51.337530473828835],[5.867979961292199,51.33760016008428],[5.868335713739938,51.33769840374984],[5.868791975087124,51.33782343986383],[5.869135634857142,51.337917740063716],[5.869686879569477,51.338069148260814],[5.870453158085289,51.33882810977101],[5.8700114554295375,51.33911923196267],[5.868245380481236,51.34028939969249]]]}},{"type":"Feature","id":"functioneel_gebied_vlak/129019175","properties":{"id":"functioneel_gebied_vlak/129019175","name":"De Walnoot","kind":"bungalowpark","source":"PDOK TOP10NL","sourceUrl":"https://api.pdok.nl/kadaster/brt-top10nl/ogc/v1/collections/functioneel_gebied_vlak/items/adb46e0f-0b48-5d50-9584-3f93e50de713","sourceDate":"2014-01-01"},"geometry":{"type":"Polygon","coordinates":[[[6.0073563321264976,51.50327553234699],[6.008012735620843,51.50369736817462],[6.008098877114049,51.50365387128074],[6.008348352456805,51.50385190760107],[6.008462297787168,51.50393737838114],[6.009146153325343,51.504450325618855],[6.009348393613219,51.50460201330596],[6.009544563356343,51.50494560015017],[6.008684804675031,51.50501428109675],[6.007023239240511,51.50374802122848],[6.007068983495104,51.50332558974059],[6.007170513950261,51.503307899696715],[6.0073563321264976,51.50327553234699]]]}},{"type":"Feature","id":"functioneel_gebied_vlak/129019734","properties":{"id":"functioneel_gebied_vlak/129019734","name":"Op den Boender","kind":"camping, kampeerterrein","source":"PDOK TOP10NL","sourceUrl":"https://api.pdok.nl/kadaster/brt-top10nl/ogc/v1/collections/functioneel_gebied_vlak/items/8f012d08-85c1-58e0-b2ba-4dafce4a8423","sourceDate":"2014-01-01"},"geometry":{"type":"Polygon","coordinates":[[[6.056083167530766,51.490721892351964],[6.056085788476692,51.4907219132823],[6.05692673523092,51.49072845125375],[6.0576384929623845,51.49073398172411],[6.057744047522319,51.491616310200364],[6.0562373347025265,51.4916836030161],[6.056241002517691,51.49171953759242],[6.055622007743207,51.49174651035893],[6.055594638632394,51.491492110447204],[6.056083167530766,51.490721892351964]]]}},{"type":"Feature","id":"functioneel_gebied_vlak/129020840","properties":{"id":"functioneel_gebied_vlak/129020840","name":"Den Buizerd","kind":"camping, kampeerterrein","source":"PDOK TOP10NL","sourceUrl":"https://api.pdok.nl/kadaster/brt-top10nl/ogc/v1/collections/functioneel_gebied_vlak/items/39f5b7b0-b8a1-5bf0-a0c7-899622a4e15d","sourceDate":"2014-01-01"},"geometry":{"type":"Polygon","coordinates":[[[6.043777848511442,51.541903010705965],[6.045651938899007,51.540449916252406],[6.046478566500375,51.540767063163926],[6.044638208109954,51.542230183389684],[6.043777848511442,51.541903010705965]]]}},{"type":"Feature","id":"functioneel_gebied_vlak/129023156","properties":{"id":"functioneel_gebied_vlak/129023156","name":"De Bosrand","kind":"camping, kampeerterrein","source":"PDOK TOP10NL","sourceUrl":"https://api.pdok.nl/kadaster/brt-top10nl/ogc/v1/collections/functioneel_gebied_vlak/items/299a8773-c577-5e5a-832a-ed69e8efc65b","sourceDate":"2015-01-01"},"geometry":{"type":"Polygon","coordinates":[[[6.011119249586695,51.67530171125361],[6.010181310297143,51.67569601750637],[6.009997456302505,51.675785795468855],[6.009747643723659,51.67588287221885],[6.008768508609202,51.67543971736707],[6.009932624279497,51.674948309707325],[6.01041616306789,51.67528445880034],[6.010789283244586,51.67508684999807],[6.010919526467716,51.675018237253255],[6.010936039927263,51.675026832381384],[6.011020888764929,51.675108402434894],[6.01104305681181,51.67520205475551],[6.011011581150235,51.675232379688175],[6.011119249586695,51.67530171125361]]]}},{"type":"Feature","id":"functioneel_gebied_vlak/129019651","properties":{"id":"functioneel_gebied_vlak/129019651","name":"Hommerter Allee","kind":"caravanpark","source":"PDOK TOP10NL","sourceUrl":"https://api.pdok.nl/kadaster/brt-top10nl/ogc/v1/collections/functioneel_gebied_vlak/items/937a7247-92c2-5cf2-a3f7-79650d3e895d","sourceDate":"2019-01-01"},"geometry":{"type":"Polygon","coordinates":[[[5.917136649812038,50.93504589991461],[5.917201749241216,50.93497794109877],[5.917008308914293,50.93488998178124],[5.917161624114043,50.93474027758205],[5.917327814003295,50.93485829449816],[5.917386069036824,50.934803005544126],[5.9174728140183985,50.93476314599712],[5.917535111368755,50.934734976367736],[5.917609112534564,50.9348131204287],[5.9177444005523965,50.93488657872655],[5.917946907113553,50.934997428527666],[5.918051021234082,50.93505295253098],[5.918582801582118,50.93534137843426],[5.918592521242247,50.93534663732157],[5.918799540468065,50.93545864248372],[5.918827568804567,50.93547381303027],[5.919003243754666,50.93556920629927],[5.919207377971708,50.93568004643932],[5.919329701565309,50.935746470173164],[5.919616042447366,50.9359024969462],[5.919669654627338,50.93593170730848],[5.919948092016923,50.93608311338392],[5.919882978250931,50.9361385071029],[5.919774100993152,50.936233033833595],[5.919724266931093,50.93627620392555],[5.919711908029638,50.93627032804306],[5.918963580417167,50.93595736494723],[5.9179255779545015,50.93544184600362],[5.917136649812038,50.93504589991461]]]}},{"type":"Feature","id":"functioneel_gebied_vlak/129021910","properties":{"id":"functioneel_gebied_vlak/129021910","name":"Petrushoeve","kind":"camping, kampeerterrein","source":"PDOK TOP10NL","sourceUrl":"https://api.pdok.nl/kadaster/brt-top10nl/ogc/v1/collections/functioneel_gebied_vlak/items/24f3ddc6-63d4-5acb-8e5b-a267336bf3b1","sourceDate":"2019-01-01"},"geometry":{"type":"Polygon","coordinates":[[[6.071072423490533,51.25403126236025],[6.070517745018879,51.25364646479516],[6.070522605809261,51.25364390132615],[6.070508588172145,51.253631830475186],[6.070502863775521,51.25361971090341],[6.070505706739536,51.253612475992114],[6.070615417637631,51.25355284526049],[6.070926878415729,51.253380132916156],[6.071132603415621,51.25326662317119],[6.071401213113029,51.25311866565505],[6.071734344191989,51.25293563004728],[6.072161761142453,51.25269835561966],[6.072155844412072,51.25269447123468],[6.07259858547352,51.25244676751521],[6.073175503524323,51.252122043610754],[6.07394408047585,51.25169293699639],[6.073975532870416,51.25171757007315],[6.074044517952195,51.25167842886496],[6.075227206224938,51.25251470239484],[6.075097893045489,51.25258668757213],[6.072866661359632,51.253820045698404],[6.071759414818005,51.25450766034408],[6.071072423490533,51.25403126236025]]]}},{"type":"Feature","id":"functioneel_gebied_vlak/129021848","properties":{"id":"functioneel_gebied_vlak/129021848","name":"Het Busschelke","kind":"bungalowpark","source":"PDOK TOP10NL","sourceUrl":"https://api.pdok.nl/kadaster/brt-top10nl/ogc/v1/collections/functioneel_gebied_vlak/items/dcfc2ead-2d17-5fc1-b683-4dc883fdbf8e","sourceDate":"2025-01-01"},"geometry":{"type":"Polygon","coordinates":[[[5.8157959134524155,50.76681664955503],[5.8161865519348845,50.76678935568317],[5.817354726145044,50.76680579190305],[5.81753652126654,50.76682561820419],[5.8176153549343015,50.766872803835355],[5.817695586380803,50.76699890692634],[5.817698601693079,50.76700920597598],[5.817737397459798,50.76713780064407],[5.817756169522298,50.767175097588755],[5.817413171461095,50.76731754712576],[5.817262276020996,50.76738059125913],[5.817183389126428,50.76740713608483],[5.81713072475048,50.76750023494329],[5.817497307109511,50.76776531558627],[5.817464021767204,50.76777892975149],[5.8173773193867495,50.767812790478146],[5.817277445528034,50.7678539362839],[5.817180601642497,50.7678794299969],[5.816945501645389,50.76793407700156],[5.816701837457251,50.76799000484567],[5.816646746616998,50.76800739658095],[5.816646246874504,50.76800700292714],[5.816383247049601,50.7677989794224],[5.816381257411784,50.767781539322236],[5.816296691317799,50.76769844543328],[5.816095947262046,50.76756095967019],[5.815774743505081,50.76734880033799],[5.815656003677451,50.76729711033643],[5.815354430950384,50.76716582896283],[5.81531320936685,50.76714788430713],[5.815628654320548,50.76683406160968],[5.8157959134524155,50.76681664955503]]]}},{"type":"Feature","id":"functioneel_gebied_vlak/129021925","properties":{"id":"functioneel_gebied_vlak/129021925","name":"Heide","kind":"camping, kampeerterrein","source":"PDOK TOP10NL","sourceUrl":"https://api.pdok.nl/kadaster/brt-top10nl/ogc/v1/collections/functioneel_gebied_vlak/items/08ef33f6-e20d-50e9-931c-057180f3642a","sourceDate":"2019-01-01"},"geometry":{"type":"Polygon","coordinates":[[[5.9460795040751515,51.51156779117922],[5.946148039939136,51.51150232787367],[5.946187901086399,51.51146150028142],[5.947114124194112,51.5117676050204],[5.9470644425871395,51.511802440115645],[5.9469804480356085,51.51188306299232],[5.946756401807138,51.512098115745836],[5.945598388971296,51.5132137650603],[5.945426375123894,51.51319221469086],[5.944582836622996,51.51309305430954],[5.944488984675796,51.513075704601135],[5.944782192350909,51.512797629014614],[5.945009039307791,51.512582611664854],[5.9460795040751515,51.51156779117922]]]}},{"type":"Feature","id":"functioneel_gebied_vlak/129019237","properties":{"id":"functioneel_gebied_vlak/129019237","name":"De Riethorst","kind":"bungalowpark","source":"PDOK TOP10NL","sourceUrl":"https://api.pdok.nl/kadaster/brt-top10nl/ogc/v1/collections/functioneel_gebied_vlak/items/3680474a-16ef-5a3b-a278-f0552532c510","sourceDate":"2014-01-01"},"geometry":{"type":"Polygon","coordinates":[[[5.9166127671816735,51.7375918886615],[5.916454627706067,51.737586823726176],[5.916448110426008,51.73758661947386],[5.916490061269298,51.737376221986906],[5.916603737904064,51.7373737216994],[5.91663947898313,51.7370585359015],[5.9166757846217655,51.736738448729426],[5.9167677814918544,51.735905857065504],[5.9167742986357315,51.73590607028881],[5.9171492216908295,51.73588370049923],[5.917127282818551,51.73602134369135],[5.91710934503374,51.736137252259],[5.917094819503911,51.73623182436873],[5.917094417275891,51.73623455873012],[5.917077835226313,51.73632783679108],[5.917064621036131,51.73642560291149],[5.917035674381174,51.736611339947714],[5.917001630440985,51.73681672218907],[5.916956344766309,51.73709925067857],[5.9169553059899425,51.737105727185266],[5.9169126881279075,51.7373294040618],[5.9169083484473415,51.73736056027616],[5.916874717861358,51.737600043422425],[5.9166127671816735,51.7375918886615]]]}},{"type":"Feature","id":"functioneel_gebied_vlak/129019238","properties":{"id":"functioneel_gebied_vlak/129019238","name":"Mookerplas","kind":"bungalowpark","source":"PDOK TOP10NL","sourceUrl":"https://api.pdok.nl/kadaster/brt-top10nl/ogc/v1/collections/functioneel_gebied_vlak/items/e8ebc074-0d05-530c-a35e-bbad3d79d4f7","sourceDate":"2014-01-01"},"geometry":{"type":"Polygon","coordinates":[[[5.917001630440985,51.73681672218907],[5.917035674381174,51.736611339947714],[5.917064621036131,51.73642560291149],[5.917077835226313,51.73632783679108],[5.917094417275891,51.73623455873012],[5.917094819503911,51.73623182436873],[5.91710934503374,51.736137252259],[5.917127282818551,51.73602134369135],[5.9171492216908295,51.73588370049923],[5.917296365638438,51.73587506165998],[5.917347933115033,51.7358714035714],[5.917513849167614,51.73585991997271],[5.917594555730193,51.7359583125013],[5.917597335970033,51.73596206614327],[5.917637035274777,51.73601535067722],[5.917707471235963,51.73610945712852],[5.917713986966508,51.73611817354413],[5.917781600446846,51.73620120976296],[5.917857206011545,51.736294142159124],[5.917861392921801,51.7362993276009],[5.917932680673254,51.736380836994826],[5.917989565135965,51.73644520739947],[5.91804529460836,51.73650860325169],[5.9180634262372225,51.736532529678726],[5.918062851593969,51.73656985304796],[5.91806067314954,51.73660251859023],[5.918061600165981,51.73662718815861],[5.918044072337028,51.736666943390006],[5.9180187153294295,51.73672296755727],[5.9180167893183295,51.73672784812046],[5.918008611225594,51.73676123297797],[5.9180001627328815,51.73678393158768],[5.917989706971825,51.73680213599402],[5.91781879124693,51.736802389153524],[5.917667710514068,51.7368064353089],[5.917394530337922,51.73681187902235],[5.917344985061678,51.73681276846739],[5.917215242670634,51.736814254562425],[5.917100670597381,51.73681558198869],[5.917001630440985,51.73681672218907]]]}},{"type":"Feature","id":"functioneel_gebied_vlak/129019165","properties":{"id":"functioneel_gebied_vlak/129019165","name":"De Rozenhorst","kind":"camping, kampeerterrein","source":"PDOK TOP10NL","sourceUrl":"https://api.pdok.nl/kadaster/brt-top10nl/ogc/v1/collections/functioneel_gebied_vlak/items/f28af967-b7be-526b-9f0d-8e9ac942dab5","sourceDate":"2019-01-01"},"geometry":{"type":"Polygon","coordinates":[[[6.159315194626725,51.45675278771409],[6.159023492436399,51.45688669496513],[6.158924696093136,51.456818519942765],[6.158871320908138,51.45684860871622],[6.158841319548637,51.4568655177629],[6.158183224058564,51.45723652221925],[6.158058917178226,51.45715645186184],[6.15833075128112,51.457000340743555],[6.1582403115609985,51.456937880832065],[6.158331850975124,51.456887709168306],[6.158265651455435,51.456844193439615],[6.158354941485929,51.456792531531775],[6.15823716581846,51.456679890361876],[6.158221180380463,51.4566646068709],[6.157988828649067,51.45644239746589],[6.157934978528206,51.45639088680835],[6.157945382563155,51.45636885792758],[6.157948795349728,51.456348619113456],[6.157698223734124,51.45610982798113],[6.159351490575997,51.4553603365056],[6.15967642481557,51.45569215670152],[6.159878673501324,51.45589867877296],[6.159886459143815,51.4559504937386],[6.160025556727518,51.4560898815374],[6.159902132033797,51.45616158707396],[6.160161299420221,51.45640171956487],[6.159940353938036,51.45650560195595],[6.160029518652822,51.45660014519085],[6.159447878281089,51.45686083740792],[6.159315194626725,51.45675278771409]]]}},{"type":"Feature","id":"functioneel_gebied_vlak/129019733","properties":{"id":"functioneel_gebied_vlak/129019733","name":"De Beukenhof","kind":"camping, kampeerterrein","source":"PDOK TOP10NL","sourceUrl":"https://api.pdok.nl/kadaster/brt-top10nl/ogc/v1/collections/functioneel_gebied_vlak/items/212436ea-cd6f-55a4-b641-3464f8a1ec2a","sourceDate":"2019-01-01"},"geometry":{"type":"Polygon","coordinates":[[[6.06855175109904,51.5793667192064],[6.068738532033467,51.57883236547804],[6.069250680098206,51.578792127790045],[6.069422319233933,51.578772959458554],[6.06955350233659,51.5787507551423],[6.069720557706162,51.5786992801688],[6.069861059616132,51.57864348360729],[6.0698958965901175,51.5786326552635],[6.069972492036547,51.57860885471172],[6.0700650971449654,51.57859435393446],[6.0701532011625545,51.578585614286645],[6.07027549630516,51.578594059210374],[6.071397709379025,51.578780081209636],[6.071837750316175,51.578853711840885],[6.072201640515535,51.57891358477206],[6.072139936903508,51.578975753906384],[6.0718349100550295,51.5792848437674],[6.071722992881545,51.57940016138623],[6.0700520141576,51.57920869381626],[6.0699270487427714,51.579195482171265],[6.06991376897989,51.57919407658499],[6.0697542957651835,51.57917937923663],[6.069765536330291,51.57928350189085],[6.069358949831412,51.57987175457712],[6.069020690030945,51.57977753971226],[6.0693103737693415,51.57948334704794],[6.06855175109904,51.5793667192064]]]}},{"type":"Feature","id":"functioneel_gebied_vlak/129020296","properties":{"id":"functioneel_gebied_vlak/129020296","name":"Landgoed Geijsteren","kind":"camping, kampeerterrein","source":"PDOK TOP10NL","sourceUrl":"https://api.pdok.nl/kadaster/brt-top10nl/ogc/v1/collections/functioneel_gebied_vlak/items/82ab0290-3e33-546e-a4fe-3136034dadb5","sourceDate":"2019-01-01"},"geometry":{"type":"Polygon","coordinates":[[[6.04465367474849,51.55902823511422],[6.044682437794977,51.55900391118652],[6.044756774117456,51.55895689736273],[6.0451328447389585,51.55916327324796],[6.045092634830477,51.559203725404046],[6.044921954680754,51.55932740236473],[6.0448373914803994,51.55939212179996],[6.04468122822296,51.5595145571175],[6.044625491461879,51.55955636335759],[6.044463614229195,51.559694579012124],[6.044374415533187,51.55977388613389],[6.044317753337009,51.55981954466047],[6.044174465169809,51.55993600118254],[6.044069429334689,51.56002115898185],[6.0438801640564845,51.55993027595929],[6.043799683295775,51.55989162677942],[6.043666198579147,51.5600418796096],[6.043529966827146,51.56013986851807],[6.043490745685522,51.56016808015641],[6.043101567438107,51.56044272700696],[6.042991058859265,51.56039291989088],[6.041868199855099,51.55988847066098],[6.0419047000451505,51.5598495331359],[6.042099527190505,51.55963966596806],[6.0423937878698615,51.559322174575506],[6.042615390045726,51.559081369512356],[6.042958217772692,51.55871136990873],[6.043768239342404,51.55886275899308],[6.044513702784319,51.559002074149575],[6.044580449774549,51.559014552647525],[6.04465367474849,51.55902823511422]]]}},{"type":"Feature","id":"functioneel_gebied_vlak/129023086","properties":{"id":"functioneel_gebied_vlak/129023086","name":"De Kasteelse Bossen","kind":"camping, kampeerterrein","source":"PDOK TOP10NL","sourceUrl":"https://api.pdok.nl/kadaster/brt-top10nl/ogc/v1/collections/functioneel_gebied_vlak/items/2c3b757e-11de-5a32-935e-7f577c210859","sourceDate":"2019-01-01"},"geometry":{"type":"Polygon","coordinates":[[[6.071894280131237,51.46144920324052],[6.0717217270882315,51.46097201438083],[6.071773330868888,51.46092353926686],[6.071791703316457,51.460906281111825],[6.0718160191804404,51.460889832460765],[6.071847017838216,51.46087665249658],[6.071912537442918,51.460851997736754],[6.072019550836077,51.46081355297912],[6.072170981604338,51.46075958405247],[6.072359527545344,51.4606887134334],[6.072422042227354,51.460665217632645],[6.072622366298115,51.46059680326891],[6.072741136192801,51.46054889531913],[6.072899537075515,51.4604801246497],[6.072975727146476,51.46044173439124],[6.07292888755727,51.46082374252911],[6.074480107660528,51.46088648657549],[6.0744208282914975,51.46154842090856],[6.074162068111608,51.461535023794056],[6.073645995217029,51.46150780583488],[6.073060396214472,51.46147615845882],[6.072893508439283,51.461467971106416],[6.072850247271135,51.46146571754627],[6.072688459229627,51.46145790441995],[6.072496138344889,51.4614473850452],[6.072407236327054,51.461444428702436],[6.072350451401549,51.46144235329239],[6.072295240570601,51.461439693316656],[6.071894280131237,51.46144920324052]]]}},{"type":"Feature","id":"functioneel_gebied_vlak/129019052","properties":{"id":"functioneel_gebied_vlak/129019052","name":"Het Bovenste Bos","kind":"camping, kampeerterrein","source":"PDOK TOP10NL","sourceUrl":"https://api.pdok.nl/kadaster/brt-top10nl/ogc/v1/collections/functioneel_gebied_vlak/items/71d60b5c-4f2a-5295-9475-461c32b09833","sourceDate":"2016-01-01"},"geometry":{"type":"Polygon","coordinates":[[[5.908259209639505,50.757613246448045],[5.90829820911587,50.75758802725344],[5.908378763560064,50.7575329659678],[5.908460896271143,50.75747586600171],[5.90862218961042,50.75736332429221],[5.908698046361079,50.757310225610865],[5.908757281163456,50.757263512208915],[5.9089450191748,50.75712853105751],[5.909039914205991,50.75706095482821],[5.909044666085977,50.75705758047692],[5.909055139714383,50.757050126252935],[5.909102419331261,50.75706951734582],[5.909240677656459,50.75713817879997],[5.90932171906097,50.7571846086125],[5.909625203125609,50.757345710342136],[5.909734265184834,50.757435303715425],[5.909916195632467,50.757609287668416],[5.9100694339556785,50.75776718528308],[5.910394051144975,50.75804255538978],[5.910502612694297,50.758140276302974],[5.910355310365249,50.758182535745156],[5.909859649749614,50.75846044445667],[5.909827758611982,50.75847507000854],[5.909773210649861,50.75850006347562],[5.909689931284175,50.75843003918216],[5.909685086142672,50.75839867178195],[5.9096591758204875,50.75836168276823],[5.909625915635018,50.75833900142768],[5.909556633507217,50.75831268077225],[5.909512919187313,50.758292896195016],[5.909499136560369,50.75826823002147],[5.909479341714953,50.75824072358129],[5.909468595322984,50.75821889315636],[5.909467739769033,50.7581427967784],[5.909438964650831,50.75811818943993],[5.909390797878295,50.758103189091266],[5.909338277989567,50.75810056818636],[5.909296194442446,50.75809220107631],[5.909271997074366,50.7580751866121],[5.909265842513378,50.75806094003252],[5.909267141443459,50.758042857427576],[5.909272793531407,50.75801239536145],[5.909259046600377,50.75798962566189],[5.909243772729722,50.75796591004008],[5.909227128546895,50.75795266372314],[5.909184809678737,50.75794604148859],[5.909153344106517,50.757948080433295],[5.909126359980826,50.757949155269756],[5.909098576747423,50.75794595498406],[5.908330421466724,50.75772205053695],[5.908322909125475,50.75771685289692],[5.90829981502785,50.75770086697577],[5.908326097965801,50.75766003747986],[5.908259209639505,50.757613246448045]]]}},{"type":"Feature","id":"functioneel_gebied_vlak/129019626","properties":{"id":"functioneel_gebied_vlak/129019626","name":"Riva Rekreatie","kind":"camping, kampeerterrein","source":"PDOK TOP10NL","sourceUrl":"https://api.pdok.nl/kadaster/brt-top10nl/ogc/v1/collections/functioneel_gebied_vlak/items/837a9f43-425b-509b-9ad9-db677a200e24","sourceDate":"2016-01-01"},"geometry":{"type":"Polygon","coordinates":[[[5.754858287733383,50.77820052531294],[5.754301655022065,50.77758232877545],[5.754326224209023,50.77757336064455],[5.7554820385406185,50.77715131886084],[5.756046016268399,50.777771904276655],[5.756219704986211,50.77796302959678],[5.755786719736342,50.77811742149462],[5.755651523475047,50.77816562894709],[5.755131602622386,50.77835101081156],[5.755101091027867,50.77836154413478],[5.755035577518324,50.7783974298276],[5.754873206082507,50.77821709837101],[5.754858287733383,50.77820052531294]]]}},{"type":"Feature","id":"functioneel_gebied_vlak/129019070","properties":{"id":"functioneel_gebied_vlak/129019070","name":"Maastricht","kind":"camping, kampeerterrein","source":"PDOK TOP10NL","sourceUrl":"https://api.pdok.nl/kadaster/brt-top10nl/ogc/v1/collections/functioneel_gebied_vlak/items/21f3e0e0-a3a7-5d91-9bd8-ef2d2222c325","sourceDate":"2016-01-01"},"geometry":{"type":"Polygon","coordinates":[[[5.743789299424202,50.84186315633591],[5.743395515421544,50.840870600460235],[5.743398257674166,50.84086905490163],[5.743511693380525,50.84080510855783],[5.744279262482228,50.84080941802716],[5.744300908595436,50.84101713008621],[5.744737927005499,50.84104161292294],[5.74471698557283,50.841378178042724],[5.744695663576689,50.84172065905019],[5.744354957945104,50.84177089097517],[5.744356875738673,50.84180052152681],[5.744334931617602,50.84180290849032],[5.743789299424202,50.84186315633591]]]}},{"type":"Feature","id":"functioneel_gebied_vlak/129019064","properties":{"id":"functioneel_gebied_vlak/129019064","name":"Op d'r Lubosch","kind":"camping, kampeerterrein","source":"PDOK TOP10NL","sourceUrl":"https://api.pdok.nl/kadaster/brt-top10nl/ogc/v1/collections/functioneel_gebied_vlak/items/578a3aa4-fd44-58e1-a36e-26d44d42b05e","sourceDate":"2016-01-01"},"geometry":{"type":"Polygon","coordinates":[[[5.887358298897908,50.86037809878761],[5.887484147157476,50.860005734230874],[5.887679815595841,50.85957187908159],[5.887685505795414,50.859558272098596],[5.887835425196756,50.859307144806245],[5.889119600882698,50.860013235089326],[5.8888532341144995,50.860172041002016],[5.8888146373276395,50.860194869846346],[5.888350771404981,50.8599627125255],[5.887358298897908,50.86037809878761]]]}},{"type":"Feature","id":"functioneel_gebied_vlak/129019630","properties":{"id":"functioneel_gebied_vlak/129019630","name":"Waalheimer Farm","kind":"camping, kampeerterrein","source":"PDOK TOP10NL","sourceUrl":"https://api.pdok.nl/kadaster/brt-top10nl/ogc/v1/collections/functioneel_gebied_vlak/items/235b1fbf-f7e2-53be-b4bc-9313384aadb2","sourceDate":"2016-01-01"},"geometry":{"type":"Polygon","coordinates":[[[5.8677596247403505,50.86696114205573],[5.8685944722957,50.86719637483492],[5.868680724747817,50.866998375020266],[5.868725640900362,50.867012156535004],[5.8691888228360005,50.867153966217614],[5.869046350900432,50.86737390039669],[5.869097275580606,50.86738762972582],[5.869129454290622,50.86739630458859],[5.869309906216846,50.86744497249647],[5.869312199254351,50.86744555619249],[5.869332465977365,50.86745068515714],[5.869303289186144,50.86749160786076],[5.869184818059802,50.86765783186028],[5.869045708226535,50.86785290652799],[5.868953234690069,50.86783379537274],[5.868860193320518,50.868027832619006],[5.868811242699935,50.868105665435564],[5.868797226954422,50.868127962574064],[5.868534983408669,50.8680658637916],[5.868455898979845,50.86819795356458],[5.868419099452753,50.86826275551231],[5.868413617603485,50.86826151091739],[5.868345471533109,50.86841696226193],[5.868150437931176,50.868384273019814],[5.867920378898566,50.86835606196289],[5.867977136085179,50.86818028932723],[5.868135332946978,50.867735252504346],[5.868163362012545,50.86765755207776],[5.86834323268524,50.867688551630394],[5.868392956032133,50.8675551640524],[5.867368609779325,50.86735394123375],[5.867713376608086,50.866949010689154],[5.8677596247403505,50.86696114205573]]]}},{"type":"Feature","id":"functioneel_gebied_vlak/129019642","properties":{"id":"functioneel_gebied_vlak/129019642","name":"Atlanta","kind":"camping, kampeerterrein","source":"PDOK TOP10NL","sourceUrl":"https://api.pdok.nl/kadaster/brt-top10nl/ogc/v1/collections/functioneel_gebied_vlak/items/2daea3d5-a30e-51c9-a84d-303a4235e95c","sourceDate":"2016-01-01"},"geometry":{"type":"Polygon","coordinates":[[[5.800741278610243,51.00830530721458],[5.800687855625887,51.00777037896422],[5.801171103234866,51.007808609657374],[5.801530924726399,51.00782944188705],[5.801760590999219,51.007839322850735],[5.801897589566841,51.00785666992351],[5.802226813604199,51.007870474582425],[5.802280867352133,51.00842284106861],[5.802308577797631,51.00903959468662],[5.802034920638928,51.00904342860695],[5.8021140161039915,51.010167608509654],[5.801568912653152,51.01017098592521],[5.80041650900529,51.010178668352616],[5.800375164273187,51.00935045179234],[5.800318877063019,51.00836888806726],[5.800750933181895,51.00837305490558],[5.800741278610243,51.00830530721458]]]}},{"type":"Feature","id":"functioneel_gebied_vlak/129021455","properties":{"id":"functioneel_gebied_vlak/129021455","name":"Molendal","kind":"bungalowpark","source":"PDOK TOP10NL","sourceUrl":"https://api.pdok.nl/kadaster/brt-top10nl/ogc/v1/collections/functioneel_gebied_vlak/items/748cd917-5b56-5f13-b967-377c79caa3c1","sourceDate":"2025-01-01"},"geometry":{"type":"Polygon","coordinates":[[[5.915887717066924,51.73756582508129],[5.915884923533528,51.73724561805659],[5.915881176163239,51.73693667807001],[5.915878378365921,51.73670636625227],[5.91586583934398,51.73595310436985],[5.916052892862737,51.735918165991094],[5.916536098072071,51.73589774505978],[5.9167677814918544,51.735905857065504],[5.9166757846217655,51.736738448729426],[5.91663947898313,51.7370585359015],[5.916603737904064,51.7373737216994],[5.916490061269298,51.737376221986906],[5.916448110426008,51.73758661947386],[5.916195956449709,51.7375780599648],[5.915890947066454,51.73756595431824],[5.915887717066924,51.73756582508129]]]}},{"type":"Feature","id":"functioneel_gebied_vlak/131401317","properties":{"id":"functioneel_gebied_vlak/131401317","name":"Tergracht","kind":"camping, kampeerterrein","source":"PDOK TOP10NL","sourceUrl":"https://api.pdok.nl/kadaster/brt-top10nl/ogc/v1/collections/functioneel_gebied_vlak/items/5e924191-4860-58a3-be00-d770eef76b6c","sourceDate":"2020-01-01"},"geometry":{"type":"Polygon","coordinates":[[[5.925390461143151,50.762775581605815],[5.925166377246986,50.7626569473923],[5.925463975732229,50.76243560109349],[5.9253795443719275,50.76239303043769],[5.925503461866043,50.76229872230799],[5.925042219955237,50.76208304161583],[5.924819196781207,50.762252941983995],[5.9247688049162255,50.76222947901082],[5.9247680915424805,50.76222906884177],[5.923601718712188,50.76159814072992],[5.923869716403629,50.76136985274671],[5.92403691975362,50.76123730658619],[5.924051097797666,50.761225546054135],[5.924235273226322,50.761329131849486],[5.924320664010735,50.761377175950024],[5.924695043824159,50.761579662059226],[5.924897332070938,50.76168182312173],[5.924950950463195,50.761712800922766],[5.925016753606419,50.76175081420208],[5.925102788699448,50.76180051766656],[5.925130739683228,50.76181546186676],[5.925194670317901,50.76184962751921],[5.925255563532006,50.7618821713077],[5.92526235162203,50.76188579816531],[5.925583362702057,50.76205867784735],[5.925670386519342,50.76210554476785],[5.925703016818936,50.76221602833254],[5.925706896327444,50.76222915205381],[5.925713667289176,50.76225207820046],[5.925660807154308,50.76229150751201],[5.925687743067002,50.762352111095005],[5.925688528974994,50.76235388723763],[5.925951390258063,50.762494623042315],[5.925977659332246,50.76250868498413],[5.925985431684184,50.76251284654209],[5.926001675192605,50.762521543930255],[5.925899267905138,50.76259768166597],[5.925898647572863,50.762597963217445],[5.925835630399109,50.76262071160209],[5.925662767099593,50.76269658455984],[5.925589676235178,50.76272206748513],[5.925554915979159,50.762732315166176],[5.925390461143151,50.762775581605815]]]}},{"type":"Feature","id":"functioneel_gebied_vlak/129023470","properties":{"id":"functioneel_gebied_vlak/129023470","name":"De Waterhoeven","kind":"camping, kampeerterrein","source":"PDOK TOP10NL","sourceUrl":"https://api.pdok.nl/kadaster/brt-top10nl/ogc/v1/collections/functioneel_gebied_vlak/items/76a7d374-2f9c-5471-96f8-7a857391b72b","sourceDate":"2020-01-01"},"geometry":{"type":"Polygon","coordinates":[[[5.77866986543782,51.16730487480206],[5.778391314336091,51.167033496579315],[5.778108753894903,51.16674255349578],[5.777867169563438,51.16650502739757],[5.7792527731021615,51.166041396067904],[5.7793211512436145,51.16620989474079],[5.779402411253699,51.166410143400554],[5.779579778887145,51.166645770992375],[5.779772239450789,51.16686224604473],[5.779695912185505,51.16689289531551],[5.77866986543782,51.16730487480206]]]}},{"type":"Feature","id":"functioneel_gebied_vlak/129019154","properties":{"id":"functioneel_gebied_vlak/129019154","name":"Hanssenhof","kind":"camping, kampeerterrein","source":"PDOK TOP10NL","sourceUrl":"https://api.pdok.nl/kadaster/brt-top10nl/ogc/v1/collections/functioneel_gebied_vlak/items/ec7cd0bf-6718-5d88-b331-0cfa06be079a","sourceDate":"2016-01-01"},"geometry":{"type":"Polygon","coordinates":[[[6.003751447321628,51.31303073348546],[6.003929995138047,51.313476177399735],[6.004958865706225,51.313217573728664],[6.0050254698426695,51.31393369320486],[6.005075540179808,51.31414468829314],[6.005159568711151,51.314542911707],[6.005200689022725,51.314734742583646],[6.004430458511811,51.31482757577017],[6.003607602597468,51.31492180605465],[6.003168647273345,51.31497206693886],[6.003107674617596,51.31480736960819],[6.003100577091774,51.314788198869714],[6.002678717194974,51.31484796432326],[6.002638457939064,51.314853667674264],[6.001960400631956,51.314947625998094],[6.001847349427452,51.31444282710943],[6.001732228115305,51.31392495785243],[6.001612520219202,51.313489165564626],[6.002617541710703,51.313441048386274],[6.00283624497737,51.31340719049027],[6.003751447321628,51.31303073348546]]]}},{"type":"Feature","id":"functioneel_gebied_vlak/129020780","properties":{"id":"functioneel_gebied_vlak/129020780","name":"Terweierhof","kind":"camping, kampeerterrein","source":"PDOK TOP10NL","sourceUrl":"https://api.pdok.nl/kadaster/brt-top10nl/ogc/v1/collections/functioneel_gebied_vlak/items/271a9c60-2c13-5232-9086-4b9ff2b2e403","sourceDate":"2016-01-01"},"geometry":{"type":"Polygon","coordinates":[[[5.971846446443559,51.07119843142057],[5.972292531048914,51.071043638782605],[5.972360648800028,51.071104371158775],[5.972836083669928,51.07089762433873],[5.973256021192497,51.07130147595845],[5.9732259753412995,51.0713145213507],[5.973407515304521,51.071500912487664],[5.972436606563773,51.07184055211864],[5.971846446443559,51.07119843142057]]]}},{"type":"Feature","id":"functioneel_gebied_vlak/129019160","properties":{"id":"functioneel_gebied_vlak/129019160","name":"De Breukerheide","kind":"camping, kampeerterrein","source":"PDOK TOP10NL","sourceUrl":"https://api.pdok.nl/kadaster/brt-top10nl/ogc/v1/collections/functioneel_gebied_vlak/items/bdce46cf-8578-510e-af88-83a4bc231f8e","sourceDate":"2016-01-01"},"geometry":{"type":"Polygon","coordinates":[[[6.0583232614163745,51.345813833649615],[6.058636027648274,51.34542461582864],[6.058803774657725,51.34521572502871],[6.058927874305975,51.34507139274705],[6.059208141122331,51.34475770626608],[6.059247076804614,51.344771072931344],[6.059355212555014,51.3446569273424],[6.059475272569683,51.34455430858735],[6.059641483674638,51.34444629055003],[6.060267485819959,51.34469436566319],[6.060093391911265,51.34554646457261],[6.060012514186809,51.34594228435075],[6.059942613495567,51.34628436756646],[6.0583232614163745,51.345813833649615]]]}},{"type":"Feature","id":"functioneel_gebied_vlak/129020818","properties":{"id":"functioneel_gebied_vlak/129020818","name":"In 't Niet","kind":"camping, kampeerterrein","source":"PDOK TOP10NL","sourceUrl":"https://api.pdok.nl/kadaster/brt-top10nl/ogc/v1/collections/functioneel_gebied_vlak/items/13e1e3d1-1cb2-56b0-993f-435db1073aca","sourceDate":"2016-01-01"},"geometry":{"type":"Polygon","coordinates":[[[6.081310741601408,51.35709618272881],[6.08133502942817,51.35707984887083],[6.0805394864824205,51.35679294030168],[6.080260742387995,51.35669238575016],[6.079712494260804,51.356518105696566],[6.079998843912203,51.356358367924386],[6.080951383333577,51.35590073335701],[6.08114505612178,51.355998143607856],[6.0814870075117025,51.35611832872349],[6.0816473310302746,51.356124132659836],[6.081779643107974,51.35616381202551],[6.081845513235826,51.356191275996764],[6.082095122226228,51.356334850963385],[6.082380708987613,51.356519784619984],[6.082387944380493,51.35652446962964],[6.081341350384469,51.35710371284892],[6.081310741601408,51.35709618272881]]]}},{"type":"Feature","id":"functioneel_gebied_vlak/129020819","properties":{"id":"functioneel_gebied_vlak/129020819","name":"Natuurplezier","kind":"camping, kampeerterrein","source":"PDOK TOP10NL","sourceUrl":"https://api.pdok.nl/kadaster/brt-top10nl/ogc/v1/collections/functioneel_gebied_vlak/items/79e0d2ac-aa9e-5512-98dd-6b657525f765","sourceDate":"2016-01-01"},"geometry":{"type":"Polygon","coordinates":[[[6.121099681564643,51.27534405940656],[6.119800758807081,51.27559198582644],[6.1193109534536285,51.27521928707252],[6.120654324494361,51.27443262328179],[6.121374064808103,51.27401044173366],[6.1222290294183415,51.273509390912366],[6.122344081574802,51.27358995513589],[6.122350209765938,51.27359424634574],[6.122472636072224,51.27353247991627],[6.12247507945223,51.273533090900834],[6.123591980282368,51.27430075153612],[6.1238112834355665,51.27445178218261],[6.123942914247777,51.27454254748606],[6.124042999559398,51.27461175884849],[6.124090002990267,51.27464362409787],[6.124190662516303,51.27471286765421],[6.123950949810015,51.27477385782649],[6.123845886252585,51.27480053757441],[6.123725251867078,51.27483124404022],[6.123694423828432,51.27480888558048],[6.123512493378629,51.274851237011156],[6.123130459997806,51.274564882630145],[6.122397102603434,51.27481452894378],[6.122537720213941,51.27507050401342],[6.121099681564643,51.27534405940656]]]}},{"type":"Feature","id":"functioneel_gebied_vlak/129019164","properties":{"id":"functioneel_gebied_vlak/129019164","name":"Hovershof","kind":"camping, kampeerterrein","source":"PDOK TOP10NL","sourceUrl":"https://api.pdok.nl/kadaster/brt-top10nl/ogc/v1/collections/functioneel_gebied_vlak/items/0a97a96d-17d9-5df1-af6b-6c4187ddabb8","sourceDate":"2016-01-01"},"geometry":{"type":"Polygon","coordinates":[[[6.1548049703876355,51.4070077327811],[6.155694343506514,51.406976810124554],[6.156376204986991,51.406956365301426],[6.156375752367006,51.40696446738145],[6.1563935551465425,51.40715417067981],[6.156500977147336,51.40750170463042],[6.156504210703969,51.40752042535863],[6.156472916619067,51.40752423146405],[6.156223762162752,51.40755457715096],[6.156266422488901,51.40778154664221],[6.156260051407702,51.407781747116196],[6.156260138727374,51.40778266341834],[6.156173478610418,51.407785788131385],[6.156173355425623,51.4077844495827],[6.155816655951296,51.4077945241773],[6.155241237405507,51.40781376983761],[6.155156978397907,51.40781609592735],[6.155131830816932,51.4081927839808],[6.154811373564987,51.4081958119941],[6.154724717094847,51.40819664340659],[6.15452750504837,51.40819851732821],[6.15452621704042,51.40810916614131],[6.1542273406723975,51.40811597865346],[6.154205245848389,51.40810980480053],[6.154183237438728,51.408101077498266],[6.15416557236647,51.40808481579228],[6.1541634685798,51.408025538182955],[6.154168305668354,51.40780211168161],[6.154169612295082,51.40767727281574],[6.15416946128338,51.40745039140391],[6.15416455132204,51.40723111004783],[6.154177548537358,51.40720828233665],[6.15428428199227,51.40720573711122],[6.1546756141872665,51.407196418919746],[6.154753037842795,51.40719452471842],[6.154771270874632,51.407005455797865],[6.1548049703876355,51.4070077327811]]]}},{"type":"Feature","id":"functioneel_gebied_vlak/129022515","properties":{"id":"functioneel_gebied_vlak/129022515","name":"'t Haldert","kind":"camping, kampeerterrein","source":"PDOK TOP10NL","sourceUrl":"https://api.pdok.nl/kadaster/brt-top10nl/ogc/v1/collections/functioneel_gebied_vlak/items/4874ad0e-f50d-50f2-afc5-416a993e2c80","sourceDate":"2016-01-01"},"geometry":{"type":"Polygon","coordinates":[[[6.067091535075287,51.16408472435337],[6.066627415163596,51.164743120957205],[6.06660387527,51.164776446299626],[6.066473257025236,51.16473964511014],[6.066135629868504,51.16464458258596],[6.0659412385866265,51.16458972605083],[6.065643079028571,51.164505712689355],[6.065641528458156,51.16450527229498],[6.0656485767955575,51.16449656566084],[6.065662195199927,51.16447387860576],[6.0656679579332735,51.16446428057511],[6.0652116741242414,51.16434136828946],[6.0652977233373475,51.16420662320316],[6.064781703822614,51.164062861830296],[6.065131149115592,51.16353270595806],[6.066875226400463,51.164023957052734],[6.067091535075287,51.16408472435337]]]}},{"type":"Feature","id":"functioneel_gebied_vlak/129019139","properties":{"id":"functioneel_gebied_vlak/129019139","name":"Klein Schoor","kind":"camping, kampeerterrein","source":"PDOK TOP10NL","sourceUrl":"https://api.pdok.nl/kadaster/brt-top10nl/ogc/v1/collections/functioneel_gebied_vlak/items/386eebe7-9100-5158-9449-e830df64e831","sourceDate":"2025-01-01"},"geometry":{"type":"Polygon","coordinates":[[[5.770065283018167,51.25965832807193],[5.770631326446756,51.259815753442176],[5.771782715604114,51.2601359636215],[5.772058798363814,51.260212735875626],[5.771977839103667,51.26032349091752],[5.771938874011785,51.260376645124026],[5.771909866168702,51.26041622016489],[5.771861675615347,51.26048312186466],[5.771819497039299,51.2604709736094],[5.771729269542253,51.260445375102954],[5.7716732195625875,51.260429389476464],[5.771569721960649,51.26056544541811],[5.771526786767242,51.26062189354107],[5.77134992231004,51.26085526242762],[5.769908623807617,51.26052991697368],[5.769493352987153,51.260436163962666],[5.770065283018167,51.25965832807193]]]}},{"type":"Feature","id":"functioneel_gebied_vlak/129021888","properties":{"id":"functioneel_gebied_vlak/129021888","name":"Straoterhof","kind":"camping, kampeerterrein","source":"PDOK TOP10NL","sourceUrl":"https://api.pdok.nl/kadaster/brt-top10nl/ogc/v1/collections/functioneel_gebied_vlak/items/997a91c2-7ead-575f-80d9-f4d60bdbb5d8","sourceDate":"2016-01-01"},"geometry":{"type":"Polygon","coordinates":[[[5.787226647982856,51.19131741478702],[5.787344099004368,51.191357819663075],[5.788704578467623,51.19200632702013],[5.788846058358733,51.1918744931568],[5.788901126135465,51.191823174281545],[5.7889979716941165,51.19186906001145],[5.789467179168242,51.192129128473574],[5.789444254851652,51.19215107767886],[5.789148081973436,51.192366225717684],[5.789047150968654,51.192430512428786],[5.787583334704366,51.1932653162797],[5.7875742785893465,51.193260304749124],[5.786976512920768,51.19292520078961],[5.786747554635203,51.19276886350532],[5.786470789168337,51.192513830862026],[5.786339684239173,51.19242358397042],[5.786214624455109,51.19237205804962],[5.787226647982856,51.19131741478702]]]}},{"type":"Feature","id":"functioneel_gebied_vlak/130482533","properties":{"id":"functioneel_gebied_vlak/130482533","name":"De Linde","kind":"camping, kampeerterrein","source":"PDOK TOP10NL","sourceUrl":"https://api.pdok.nl/kadaster/brt-top10nl/ogc/v1/collections/functioneel_gebied_vlak/items/c5410993-e861-5482-ae03-d11c578650c0","sourceDate":"2016-01-01"},"geometry":{"type":"Polygon","coordinates":[[[5.829010228220958,50.84231422788309],[5.8294063725747725,50.84218234415059],[5.829837008277267,50.84204064400841],[5.829995649279678,50.84225051766107],[5.829872277441057,50.84228222299306],[5.8312175552305385,50.8443098770252],[5.831164981075629,50.8443083623851],[5.830964679760589,50.84432160036436],[5.830322327058159,50.84422560354123],[5.829796452804033,50.84413840615367],[5.829663087852415,50.84409601330156],[5.829354942313268,50.84399760576426],[5.829163470829791,50.84396894530547],[5.828916546480506,50.843977791883034],[5.8287321557661045,50.84398298292238],[5.828415037845303,50.84398876204579],[5.828143274244534,50.84400428183001],[5.828119822755015,50.84381648462035],[5.828137655148572,50.84362395431938],[5.828189936994452,50.84333810406147],[5.828308794578024,50.84331993265168],[5.828464213979451,50.84332751847051],[5.828744019404843,50.843281764326576],[5.828745473025789,50.84325252673557],[5.828750968041448,50.84314228334229],[5.828758930057025,50.842982501456746],[5.8289319275043265,50.842956122103566],[5.828766870921722,50.84262970016676],[5.829154213564052,50.842497419506635],[5.829092233950477,50.84241600130867],[5.8290878671439526,50.8424106606205],[5.829010228220958,50.84231422788309]]]}},{"type":"Feature","id":"functioneel_gebied_vlak/130482479","properties":{"id":"functioneel_gebied_vlak/130482479","name":"Wega","kind":"camping, kampeerterrein","source":"PDOK TOP10NL","sourceUrl":"https://api.pdok.nl/kadaster/brt-top10nl/ogc/v1/collections/functioneel_gebied_vlak/items/c8e3255b-974e-5bd3-8fea-094e0a2d8ad5","sourceDate":"2016-01-01"},"geometry":{"type":"Polygon","coordinates":[[[5.672085396012608,51.23930026859983],[5.672069199332444,51.23937143946666],[5.670482211817702,51.23914700307378],[5.668638343624785,51.23873409324608],[5.668688328862533,51.238696050690535],[5.669251867696991,51.23819189589948],[5.6699983379146515,51.23754162083834],[5.670468971304633,51.23711571787781],[5.670669703601474,51.23693392431992],[5.671081100579444,51.23715578820618],[5.671129322101347,51.23713646132755],[5.671288040792098,51.237072738325146],[5.671699780483228,51.23691738430645],[5.672292930792084,51.236675570061344],[5.672262574890375,51.237191808275476],[5.672213138527425,51.237849891555356],[5.672185003826872,51.23838510861783],[5.672332038215887,51.23841083341287],[5.672316520037112,51.23846679079876],[5.672085396012608,51.23930026859983]]]}},{"type":"Feature","id":"functioneel_gebied_vlak/129021294","properties":{"id":"functioneel_gebied_vlak/129021294","name":"De Heerkuil","kind":"camping, kampeerterrein","source":"PDOK TOP10NL","sourceUrl":"https://api.pdok.nl/kadaster/brt-top10nl/ogc/v1/collections/functioneel_gebied_vlak/items/659ee882-fcf0-5d86-841a-fd2daf76199e","sourceDate":"2016-01-01"},"geometry":{"type":"Polygon","coordinates":[[[5.777185464824869,50.79054484629243],[5.777411058383163,50.7905446776729],[5.777493368300465,50.79096326649852],[5.777244941160981,50.79101749999751],[5.776732738188105,50.79121015369369],[5.77533143861897,50.79168629619868],[5.775294670961217,50.79169878853162],[5.775210305552288,50.79163610439144],[5.77499232948466,50.79147416344433],[5.775218033789075,50.79136115150142],[5.775212454804721,50.79135708027191],[5.7750819989591955,50.791261974915244],[5.775028492705145,50.7912229717639],[5.775111769646769,50.791175877688566],[5.775069574613803,50.79112092613363],[5.7750126552662895,50.79104680563361],[5.774969112665897,50.79099008774428],[5.7749130301503016,50.790948207736726],[5.774850880003969,50.79092693275266],[5.774787839613019,50.79091962055615],[5.774909918608843,50.79087958757568],[5.7751059357667955,50.79081713045365],[5.77535729501619,50.79072161446063],[5.77550307962515,50.790665788511276],[5.7757055989701955,50.790612863763236],[5.775918052940247,50.79058124498587],[5.776095474428197,50.79057278244154],[5.776245623793698,50.79056244290548],[5.776370340400388,50.79053280869799],[5.776509646749865,50.790497794737895],[5.7766720797025055,50.790447241645346],[5.776761263659144,50.79040649063847],[5.776878476031498,50.79035300655035],[5.776977121146424,50.79027879356741],[5.777042707752714,50.790275273284365],[5.777060936490109,50.79027429488743],[5.777185464824869,50.79054484629243]]]}},{"type":"Feature","id":"functioneel_gebied_vlak/129019083","properties":{"id":"functioneel_gebied_vlak/129019083","name":"De Gronselenput","kind":"camping, kampeerterrein","source":"PDOK TOP10NL","sourceUrl":"https://api.pdok.nl/kadaster/brt-top10nl/ogc/v1/collections/functioneel_gebied_vlak/items/4c38b2c2-adff-5b01-a14a-df79f335a1e0","sourceDate":"2016-01-01"},"geometry":{"type":"Polygon","coordinates":[[[5.877619907234317,50.842176241280214],[5.877586418517805,50.84220730555434],[5.877547345631153,50.842241953166095],[5.877527167731182,50.84228722633956],[5.877529444027702,50.842325266897994],[5.8775655363054735,50.84236317278727],[5.877635656638225,50.84242232778867],[5.877819033307573,50.842535708154564],[5.877845702704932,50.84257127193741],[5.877870472997918,50.84260446171529],[5.8779045140137995,50.84262691522427],[5.877964997990421,50.84266352176048],[5.877982371773752,50.842707448803566],[5.877992499937494,50.84277637795898],[5.87798564283246,50.8428394286506],[5.8779691139774,50.84287398953481],[5.877929940163825,50.84289912739514],[5.877872248466785,50.84294931526913],[5.877856447155406,50.84299360807821],[5.87784123886243,50.84303625338641],[5.877841483343225,50.84304191538632],[5.8778461696771265,50.84314801902099],[5.877871206378874,50.84350819873946],[5.877868966311809,50.8435648386538],[5.877944749171794,50.8436799076445],[5.878027805050451,50.84380603802517],[5.878105425844847,50.84386398330073],[5.878113099693978,50.843879411659756],[5.878011129559486,50.84391931578526],[5.877538566199281,50.843791946272006],[5.877276855556153,50.843487622183936],[5.8772552166014425,50.84346996087948],[5.877223868186361,50.843444385570336],[5.877146098455976,50.84337217487337],[5.87702522893733,50.843309666332914],[5.8768688843201815,50.84326632878867],[5.876820278586697,50.84325075937111],[5.876736970827095,50.84322407396072],[5.876700991671352,50.84319688216123],[5.876687406085864,50.84315531194468],[5.876726215732551,50.84308349643013],[5.8767324624843695,50.84305525362079],[5.876735500343021,50.84303773924984],[5.876744954986093,50.84302691240986],[5.876756899151192,50.843009836678426],[5.876773600688904,50.84300229602203],[5.876800952220359,50.84299091685193],[5.877098297952332,50.84286715378495],[5.877152158021121,50.84285063719442],[5.877186627888317,50.842841142363355],[5.877209506269854,50.842832370902954],[5.87723590376401,50.84282074398927],[5.877257734974182,50.84280692517474],[5.877273316591728,50.842791496902045],[5.87728349210844,50.84277501290713],[5.877289244851373,50.842759167928],[5.877288705237396,50.84274169569897],[5.8772797590719525,50.842711962279004],[5.877171732460978,50.84256414815664],[5.877113485770919,50.842497355803275],[5.87680490579247,50.84243629081957],[5.876761567866031,50.84244759397377],[5.876660800492479,50.84250306965928],[5.8766382479328545,50.84252252749158],[5.876619071223009,50.842536316955446],[5.87660553160536,50.84255960181318],[5.87654220516003,50.84268670439551],[5.876427862393452,50.842688159903375],[5.876665352498985,50.84230756765032],[5.876687809545213,50.84225755677523],[5.8767312954768105,50.84220515553934],[5.877010716908399,50.841913132636634],[5.8770147189810125,50.84190896275828],[5.877327770569809,50.841630504516985],[5.87735466199576,50.84160657859391],[5.87737284748557,50.841590402156164],[5.8781185150118365,50.842089931180865],[5.878052684829135,50.84210747892346],[5.877966768248972,50.84212122880783],[5.877812893912211,50.84213260677496],[5.87773218125922,50.84213771396165],[5.877634788654697,50.842163099127106],[5.877619907234317,50.842176241280214]]]}},{"type":"Feature","id":"functioneel_gebied_vlak/129020832","properties":{"id":"functioneel_gebied_vlak/129020832","name":"De Ossendijk","kind":"camping, kampeerterrein","source":"PDOK TOP10NL","sourceUrl":"https://api.pdok.nl/kadaster/brt-top10nl/ogc/v1/collections/functioneel_gebied_vlak/items/f71474da-7964-5e59-97d4-ad457688ad82","sourceDate":"2016-01-01"},"geometry":{"type":"Polygon","coordinates":[[[5.893390989452913,51.51934329053066],[5.8937726372315025,51.51754530051901],[5.894055614355534,51.51759947486352],[5.895300267494155,51.51782514264258],[5.895043762803399,51.519483338254226],[5.893390989452913,51.51934329053066]]]}},{"type":"Feature","id":"functioneel_gebied_vlak/129019098","properties":{"id":"functioneel_gebied_vlak/129019098","name":"Diergaard","kind":"camping, kampeerterrein","source":"PDOK TOP10NL","sourceUrl":"https://api.pdok.nl/kadaster/brt-top10nl/ogc/v1/collections/functioneel_gebied_vlak/items/7f23e2ec-f04c-569b-9d02-528bbb6541d1","sourceDate":"2024-01-01"},"geometry":{"type":"Polygon","coordinates":[[[5.978548540113524,51.072209748026815],[5.978832445611757,51.0724052342059],[5.978896415066508,51.0724387097222],[5.9790474406367204,51.0725578069428],[5.9793209015262905,51.07278663645777],[5.9794160709665976,51.0728623269445],[5.979374459033242,51.07288655572418],[5.979337623237739,51.072908002734465],[5.978855270760067,51.073188835124775],[5.978152050846546,51.07360408864756],[5.9780740045224166,51.073548655850686],[5.977221111568332,51.07294198225396],[5.977531527801149,51.07276923451647],[5.977795883253777,51.07261643334224],[5.977820183967166,51.07260769814597],[5.978467853593606,51.07225411551479],[5.978548540113524,51.072209748026815]]]}},{"type":"Feature","id":"functioneel_gebied_vlak/129022453","properties":{"id":"functioneel_gebied_vlak/129022453","name":"Buitengewoon Berghof","kind":"camping, kampeerterrein","source":"PDOK TOP10NL","sourceUrl":"https://api.pdok.nl/kadaster/brt-top10nl/ogc/v1/collections/functioneel_gebied_vlak/items/8dd030ae-9319-5aef-966d-321367692d56","sourceDate":"2024-01-01"},"geometry":{"type":"Polygon","coordinates":[[[5.869796750899153,50.83240945671387],[5.869816287452433,50.83238134748906],[5.869306024735163,50.83224316260292],[5.869314988091737,50.83222334948055],[5.8695035656336705,50.83139581230028],[5.8695062261630655,50.831384133530825],[5.870048565476051,50.83141124176879],[5.870062759315285,50.83135126207508],[5.870082295208619,50.83135450625133],[5.870251593066769,50.83136771269814],[5.8703786875387785,50.831377652819405],[5.870484546508387,50.831387421043594],[5.870482104462765,50.83141187221266],[5.870811429430729,50.831417576046825],[5.870995755937024,50.83143458367706],[5.870973934513413,50.831495278617524],[5.8709547951028025,50.831554560036984],[5.870948711787705,50.831591862692754],[5.870962040203125,50.83169942248741],[5.870946576978358,50.83174646353089],[5.870925514323221,50.83179827420392],[5.870892104709014,50.831835277890605],[5.8708453971924195,50.83185747856506],[5.8707966654846775,50.831866599796896],[5.870727183481402,50.831866297637184],[5.870654891221063,50.83186600720738],[5.870372957917441,50.831903463840966],[5.8703457774607175,50.83223773269999],[5.870347587968972,50.83228337155027],[5.870365344370534,50.83232218171297],[5.870384145286975,50.83233309199172],[5.870469575974846,50.83233357983097],[5.870519379473962,50.83250158760977],[5.8703834739694685,50.832524980147014],[5.870210781961426,50.83249454898289],[5.869796750899153,50.83240945671387]]]}},{"type":"Feature","id":"functioneel_gebied_vlak/130482466","properties":{"id":"functioneel_gebied_vlak/130482466","name":"De Cokse Heide","kind":"camping, kampeerterrein","source":"PDOK TOP10NL","sourceUrl":"https://api.pdok.nl/kadaster/brt-top10nl/ogc/v1/collections/functioneel_gebied_vlak/items/efbbb17d-3a50-57e2-8840-8aa7dced103c","sourceDate":"2016-01-01"},"geometry":{"type":"Polygon","coordinates":[[[6.037425185311795,51.64052814680802],[6.038855746879112,51.63995926613165],[6.0381745649224134,51.63933270291681],[6.037751208997923,51.63922424457966],[6.03786606143121,51.63906321901433],[6.0393598464345,51.63975879727616],[6.041786351856343,51.641255560308906],[6.03922898606247,51.64223513652615],[6.037425185311795,51.64052814680802]]]}},{"type":"Feature","id":"functioneel_gebied_vlak/129019226","properties":{"id":"functioneel_gebied_vlak/129019226","name":"De Hei","kind":"camping, kampeerterrein","source":"PDOK TOP10NL","sourceUrl":"https://api.pdok.nl/kadaster/brt-top10nl/ogc/v1/collections/functioneel_gebied_vlak/items/90fb8ac6-ea13-5268-bc03-c66ff4966217","sourceDate":"2016-01-01"},"geometry":{"type":"Polygon","coordinates":[[[6.086932555003101,51.6428367441884],[6.086986877849993,51.64284610925242],[6.087616429926345,51.64311807445276],[6.087948056610024,51.643262579652266],[6.087760831971527,51.64349248437526],[6.087352388025947,51.64391815900048],[6.08670513479234,51.64369247376605],[6.086076290847956,51.64347404585339],[6.086329121601547,51.64325852949631],[6.086483470918208,51.643308456890935],[6.086822626037175,51.64288364007512],[6.086875243947798,51.64281911826162],[6.086908080031874,51.64282920511285],[6.086932555003101,51.6428367441884]]]}},{"type":"Feature","id":"functioneel_gebied_vlak/129021998","properties":{"id":"functioneel_gebied_vlak/129021998","name":"Herrendal","kind":"camping, kampeerterrein","source":"PDOK TOP10NL","sourceUrl":"https://api.pdok.nl/kadaster/brt-top10nl/ogc/v1/collections/functioneel_gebied_vlak/items/2802a0a3-f489-5f20-b1c5-f8c4c87a331c","sourceDate":"2016-01-01"},"geometry":{"type":"Polygon","coordinates":[[[5.89494089798432,51.756081570747966],[5.894931338858263,51.756076416779905],[5.8944816997241585,51.75583412703201],[5.894223864638874,51.755778498471706],[5.894114407873301,51.75581534908086],[5.894060703805908,51.755833423853396],[5.893975242612627,51.75589450260782],[5.8926737307877435,51.75519311103828],[5.892717287908103,51.75516005176841],[5.892744690544501,51.7551381181796],[5.8927687912599325,51.75511620782573],[5.89286813908963,51.75499800141882],[5.892886944635001,51.75497531391635],[5.892927228319355,51.75492675438897],[5.8929463569065685,51.75490188125371],[5.892958901618749,51.75487624554942],[5.892964150265937,51.75479404916909],[5.8929509505977515,51.754714709925906],[5.892921431721797,51.75463305916833],[5.892896993869325,51.75458090500456],[5.892852847611573,51.754505735239285],[5.892833638074159,51.75448071302964],[5.8927905598694705,51.75443493132926],[5.892756207610039,51.75441564627539],[5.89255147519855,51.754311992473866],[5.89238766502247,51.75422839513593],[5.8922678469760355,51.7541208510193],[5.892168502327173,51.7540309080636],[5.892140486753695,51.75401096630772],[5.8921128349662535,51.753991175782915],[5.8918128937192815,51.75383546467948],[5.891579532509851,51.75371613956741],[5.891543004059506,51.75369901180425],[5.891507939241981,51.75368714504325],[5.89146667099451,51.7536774352772],[5.8913444287093375,51.753658519197295],[5.891263858127336,51.75364653363028],[5.891087049115739,51.75364741128969],[5.890956673192913,51.75364843953209],[5.890910789973021,51.75364954472047],[5.8901935785936885,51.75320112104597],[5.8902751999532885,51.753163252095234],[5.890491419773203,51.753062891338914],[5.890630089063947,51.75287069450744],[5.890700161367018,51.75279467337515],[5.890969835242603,51.75256736970455],[5.890984139583818,51.75255531739186],[5.890650334887769,51.75243180230178],[5.890502933324969,51.75237716495998],[5.890781108422751,51.75215390599894],[5.890840865449469,51.752194457265425],[5.8910070650267246,51.75210121386178],[5.891057766838937,51.75206227288437],[5.891189338456003,51.75196122327916],[5.891521862303803,51.75172013796929],[5.891737202923435,51.75156401341673],[5.891737632539668,51.7515635801134],[5.891945693314963,51.75135749196276],[5.8920057930267244,51.75138077406938],[5.892761966885659,51.75169104359371],[5.893001560561837,51.751644778497536],[5.893012202882544,51.75163684953762],[5.893100501005407,51.751571067140574],[5.8925498175893845,51.751148904154725],[5.89247770777714,51.751055347364066],[5.89255332280042,51.75098856842575],[5.8927185606851475,51.75089809520229],[5.892876200328221,51.75102009104335],[5.892940603442194,51.75107200973671],[5.893111479974806,51.75121331852712],[5.893179461336891,51.7512717563421],[5.893217575890837,51.75130905614299],[5.893258707419632,51.75135452251817],[5.893297834295944,51.75140459970282],[5.893313835294513,51.75143029187511],[5.893334444264199,51.7514678470562],[5.893351420350709,51.751504294359194],[5.893370278594089,51.75155489955296],[5.893381587212788,51.75159864311936],[5.893398790182072,51.75169276026748],[5.893407545587625,51.75183682759769],[5.893413073807582,51.75205211652951],[5.893421040259252,51.75236212572578],[5.893434338674853,51.75270462361366],[5.893446343534226,51.75288142233216],[5.893567884860752,51.75293090946075],[5.893708049701816,51.75292996181592],[5.893925634073483,51.75291837814392],[5.89408161926009,51.75289600470224],[5.894111491853168,51.75289172268401],[5.894237148246317,51.75284979527269],[5.894443869032943,51.752747895316276],[5.894705058874965,51.75256115831786],[5.894955986235272,51.75240341748841],[5.89513915542721,51.75228222999141],[5.895545021000865,51.752049596994006],[5.895556588460234,51.75204283230477],[5.895986439675756,51.75179160410723],[5.8962918841060725,51.75184965549103],[5.8964670370929255,51.75188617871767],[5.896669276694073,51.75194365313279],[5.896868159964141,51.75202960869316],[5.896883464907668,51.75203706554651],[5.8970331223679215,51.752110048764756],[5.897162250200243,51.75219506702922],[5.897267230745875,51.75231288184475],[5.897399361615243,51.75257763174698],[5.897506310271462,51.75282967347988],[5.897682165373661,51.75309686619754],[5.897785252911422,51.75322882785849],[5.898029784597136,51.753532843544804],[5.898201706846255,51.75377962154936],[5.898380121599937,51.75396650691332],[5.898074035939384,51.75406058674181],[5.897745798811138,51.754160541995056],[5.897539738219179,51.75421187504713],[5.897266209902259,51.75426138925218],[5.897138530715352,51.754294870440994],[5.897028162559161,51.7543723112659],[5.896886952890401,51.754469652122275],[5.896596866837569,51.754684564033916],[5.896263511228292,51.75492591897224],[5.895882959789107,51.755209131076555],[5.895888922970954,51.75530387192166],[5.895597112065155,51.755564558724764],[5.895387176314609,51.75573299918727],[5.894944645215328,51.756078642199704],[5.89494089798432,51.756081570747966]]]}},{"type":"Feature","id":"functioneel_gebied_vlak/129019718","properties":{"id":"functioneel_gebied_vlak/129019718","name":"Landgoed De Gortmeule","kind":"camping, kampeerterrein","source":"PDOK TOP10NL","sourceUrl":"https://api.pdok.nl/kadaster/brt-top10nl/ogc/v1/collections/functioneel_gebied_vlak/items/f9046396-d183-56ed-800c-5aae9fd12de6","sourceDate":"2016-01-01"},"geometry":{"type":"Polygon","coordinates":[[[6.036626491259189,51.47091651153682],[6.03662375678571,51.47090845473422],[6.036743322057922,51.470655659481686],[6.036849280810852,51.470448634365106],[6.036998730177823,51.47021129677249],[6.037016816302191,51.47021482696737],[6.0374306993045685,51.46963582103783],[6.037450967943159,51.46960746662143],[6.03858354698231,51.46999474458891],[6.0382599882997186,51.470366868837466],[6.038284535420101,51.47037909885616],[6.038022794785489,51.470716377962006],[6.037671700741681,51.47117740657277],[6.036626491259189,51.47091651153682]]]}},{"type":"Feature","id":"functioneel_gebied_vlak/129019719","properties":{"id":"functioneel_gebied_vlak/129019719","name":"De Spekberg","kind":"camping, kampeerterrein","source":"PDOK TOP10NL","sourceUrl":"https://api.pdok.nl/kadaster/brt-top10nl/ogc/v1/collections/functioneel_gebied_vlak/items/76aa7b0a-de4e-5d40-b264-6b0361014b66","sourceDate":"2016-01-01"},"geometry":{"type":"Polygon","coordinates":[[[6.103256028756102,51.36589669053134],[6.103233366043224,51.36455716826815],[6.103831572919961,51.364543996978675],[6.104456355819678,51.36453064098993],[6.10505848311268,51.36451752914716],[6.105592999316328,51.36450581100935],[6.105588942047407,51.36589774166258],[6.104438152091738,51.365897228840275],[6.103854693995115,51.365896963842566],[6.103256028756102,51.36589669053134]]]}},{"type":"Feature","id":"functioneel_gebied_vlak/129022539","properties":{"id":"functioneel_gebied_vlak/129022539","name":"Halve Maan","kind":"camping, kampeerterrein","source":"PDOK TOP10NL","sourceUrl":"https://api.pdok.nl/kadaster/brt-top10nl/ogc/v1/collections/functioneel_gebied_vlak/items/647a2d65-0dfe-524e-8f65-93bf04c926e4","sourceDate":"2016-01-01"},"geometry":{"type":"Polygon","coordinates":[[[6.07318203280477,51.578949650511206],[6.0733068831758095,51.578953628341964],[6.073769935652143,51.57902451041366],[6.073970455201002,51.57906381532551],[6.074041837317478,51.57915681832452],[6.074055639294666,51.57922502400051],[6.073951725985895,51.57940161209987],[6.073585293869934,51.579572656708784],[6.073522931886334,51.579669428614714],[6.0733665403898724,51.58004328627362],[6.073312269076463,51.58025816928663],[6.0731630937196455,51.58020607352442],[6.072764475179041,51.58006194781134],[6.072417006663923,51.57993610985368],[6.072416517734374,51.579925712595504],[6.0726320584255005,51.57970963260542],[6.0726948273765124,51.57965492672098],[6.072732945013031,51.57959579006764],[6.072767478595525,51.57953816657827],[6.072801251361352,51.57947889358868],[6.072823516445404,51.57943715347947],[6.072856315240314,51.579386946970274],[6.072902470307314,51.579314576426725],[6.0726238922685445,51.57922469487391],[6.07236387474094,51.57914094212687],[6.072615325457775,51.57888792306576],[6.072709209660002,51.57890079279801],[6.072991374556979,51.57893986595897],[6.07318203280477,51.578949650511206]]]}},{"type":"Feature","id":"functioneel_gebied_vlak/129020839","properties":{"id":"functioneel_gebied_vlak/129020839","name":"Valkenberg","kind":"camping, kampeerterrein","source":"PDOK TOP10NL","sourceUrl":"https://api.pdok.nl/kadaster/brt-top10nl/ogc/v1/collections/functioneel_gebied_vlak/items/28af60bd-cd9a-589b-a6f8-fd2fbb0db313","sourceDate":"2016-01-01"},"geometry":{"type":"Polygon","coordinates":[[[6.060377623436219,51.493393003338966],[6.060368016270048,51.49341156467329],[6.060316965754644,51.493430719595935],[6.060209847477968,51.49343579599636],[6.058823030613224,51.49333213732233],[6.058773880654963,51.493328463415764],[6.058770502576499,51.493329228937384],[6.058770423483137,51.49332923613433],[6.058770348632157,51.4933292258908],[6.057955805519071,51.49314597345618],[6.058351226965738,51.492318221175765],[6.059927785733131,51.492326627708934],[6.060403020219991,51.49232614291732],[6.060429778803082,51.49232611436917],[6.060514683267067,51.4923346071685],[6.0605161452589735,51.49233475772305],[6.060486291365061,51.49263020878807],[6.060418761899222,51.493083584748895],[6.060377623436219,51.493393003338966]]]}},{"type":"Feature","id":"functioneel_gebied_vlak/129019740","properties":{"id":"functioneel_gebied_vlak/129019740","name":"Van Ass","kind":"camping, kampeerterrein","source":"PDOK TOP10NL","sourceUrl":"https://api.pdok.nl/kadaster/brt-top10nl/ogc/v1/collections/functioneel_gebied_vlak/items/7d3301fa-6f5a-536a-a640-9cbf2f753a2a","sourceDate":"2016-01-01"},"geometry":{"type":"Polygon","coordinates":[[[5.974955228867876,51.20808190668655],[5.974836127841652,51.208263007595235],[5.9747854603748785,51.208303606314885],[5.974740181948741,51.20828343928448],[5.9744125949751465,51.20852504676231],[5.97364809866893,51.208179569167555],[5.973795643726467,51.2080413920702],[5.973919679144775,51.20790902350608],[5.974019710726291,51.207787436948394],[5.974046081034267,51.2077525254456],[5.97413738778718,51.20759778657567],[5.9742177451089935,51.20746415511553],[5.974267029923992,51.20735359347431],[5.974426061562183,51.20698635448358],[5.974493925363691,51.20685949173113],[5.9745450904548205,51.20677293899259],[5.974636140565466,51.20662525734944],[5.974742483928125,51.206487377183656],[5.974753760513249,51.206472901853225],[5.975475048010466,51.20662972355506],[5.975631947978323,51.206663815314585],[5.97536494397099,51.20718047794367],[5.975373248015199,51.20738497997389],[5.975406191584858,51.20744426627959],[5.975543904072347,51.207554160421175],[5.975647348940258,51.20764877589761],[5.975754236021351,51.20771720695022],[5.975806035065341,51.20777045593058],[5.975808213811095,51.20779303418221],[5.975828213351344,51.207876179748496],[5.975786802530919,51.207894223633446],[5.975804256891735,51.2079262438312],[5.975850024358813,51.20795216990185],[5.975889794475982,51.207969065453874],[5.9758389108733025,51.20800053293805],[5.975764274639432,51.2080466738564],[5.975735638215478,51.208064374360575],[5.975708182440059,51.20804695795207],[5.975549147066697,51.20794607104413],[5.975374891732935,51.20804864544375],[5.975293437841171,51.20809659139317],[5.975180557996098,51.208049628938085],[5.9750138281461735,51.20798025062729],[5.974955228867876,51.20808190668655]]]}},{"type":"Feature","id":"functioneel_gebied_vlak/129020122","properties":{"id":"functioneel_gebied_vlak/129020122","name":"Diepven","kind":"camping, kampeerterrein","source":"PDOK TOP10NL","sourceUrl":"https://api.pdok.nl/kadaster/brt-top10nl/ogc/v1/collections/functioneel_gebied_vlak/items/81fb6f09-3321-58f2-84c9-0b6136fdc84e","sourceDate":"2015-01-01"},"geometry":{"type":"Polygon","coordinates":[[[5.780434731229113,51.159088312359394],[5.780291848355974,51.159254235904676],[5.7792315765681606,51.15892261751868],[5.779282355660779,51.15886294886868],[5.77935337257714,51.158779499262934],[5.779388470980838,51.15873831066502],[5.7794729132779485,51.15863684692827],[5.779796152965105,51.15824738229776],[5.780006539794517,51.15799216950503],[5.780161777922131,51.15780380427511],[5.780250974963759,51.157698791276154],[5.7805750834189675,51.15731715977382],[5.780811521085533,51.15703878285572],[5.7808174898786,51.15704306827934],[5.781057044419241,51.157178023485805],[5.7813563973349815,51.15735344975838],[5.781631403032503,51.15751481851863],[5.781014256785235,51.15832631419485],[5.780434731229113,51.159088312359394]]]}},{"type":"Feature","id":"functioneel_gebied_vlak/129019613","properties":{"id":"functioneel_gebied_vlak/129019613","name":"Voncken","kind":"camping, kampeerterrein","source":"PDOK TOP10NL","sourceUrl":"https://api.pdok.nl/kadaster/brt-top10nl/ogc/v1/collections/functioneel_gebied_vlak/items/7f54500c-01cf-5cfa-865b-37f9c47c0c51","sourceDate":"2022-01-01"},"geometry":{"type":"Polygon","coordinates":[[[5.9268462353009035,50.77339030784632],[5.926735197328956,50.77338806717038],[5.926416120963105,50.773380407018344],[5.92626082778235,50.77336002614038],[5.926061898280649,50.77334672525346],[5.9259849105663145,50.77334199680079],[5.925963990574081,50.77333498417308],[5.925934941189078,50.7733188497488],[5.925929612132115,50.77331283404962],[5.925908956420976,50.773289496272504],[5.925876232039877,50.77323273101517],[5.925838296864541,50.77315324805239],[5.925809154362447,50.77308629059204],[5.925800091123471,50.77306509201737],[5.925789519270241,50.773031154169495],[5.9257763450317835,50.77297572692722],[5.925772548592889,50.77295395545763],[5.925772366609109,50.77295293156795],[5.925764833257025,50.772909631052045],[5.925754863897497,50.77286529918206],[5.925721281167811,50.77279314882991],[5.925705421753433,50.772734749778145],[5.925646995388823,50.77259100155197],[5.925635424919894,50.77256994949183],[5.926665590472369,50.77242251332838],[5.926881387341557,50.77239429083908],[5.927094008268975,50.772367715974234],[5.92715618757789,50.77239214308811],[5.927204503187581,50.77241855414847],[5.927230238769191,50.77243841168816],[5.927240938823042,50.77245548556276],[5.927247226848789,50.7724801908927],[5.9272462136917685,50.7725220542954],[5.9272560776135235,50.77259621182048],[5.92725842929071,50.77266945334202],[5.927256579981152,50.77276840039745],[5.927247648890378,50.77290353126801],[5.927243834160235,50.77296253169792],[5.92725616787271,50.77299101387883],[5.927265666850951,50.77303377925361],[5.927270809066248,50.773088932097146],[5.927272707230084,50.7731231716254],[5.927292973757242,50.77318871852826],[5.927296582039931,50.77324102455938],[5.927292889042337,50.773310489229026],[5.92729392898192,50.7733999096691],[5.927073955058244,50.77339737826869],[5.9268462353009035,50.77339030784632]]]}},{"type":"Feature","id":"functioneel_gebied_vlak/129563491","properties":{"id":"functioneel_gebied_vlak/129563491","name":"Park Maasvallei-Oost","kind":"caravanpark","source":"PDOK TOP10NL","sourceUrl":"https://api.pdok.nl/kadaster/brt-top10nl/ogc/v1/collections/functioneel_gebied_vlak/items/ebc70b19-430f-5784-9724-9937e32fcd0b","sourceDate":"2020-01-01"},"geometry":{"type":"Polygon","coordinates":[[[6.210473274399058,51.491397290815456],[6.2101952189488765,51.49077023437285],[6.210677035112621,51.49073359492214],[6.21065814619415,51.49064230062728],[6.210637756592896,51.49054923708483],[6.2105751502189985,51.490253444825754],[6.210699759288914,51.490290733280084],[6.210843509626151,51.49032066609555],[6.211058957272071,51.49030080131598],[6.211358335936367,51.490213341504045],[6.211835819357872,51.489951107326455],[6.211862623678798,51.489902287237875],[6.2118751206342,51.48984979282485],[6.211859681332679,51.489773360193375],[6.21145512459248,51.48915672865968],[6.210774697601603,51.48906716443204],[6.210780224321091,51.48894138670358],[6.2109204033076155,51.488954135079716],[6.211744715726088,51.48903681568174],[6.211918061581563,51.489032711200686],[6.212009633297266,51.489040388597616],[6.21205772297187,51.48906621027086],[6.212089275081554,51.489125446460626],[6.212107451596952,51.4891823984413],[6.212183357028298,51.489481534824876],[6.212266795123187,51.4897758615879],[6.212337215906597,51.49001568310216],[6.212348991040869,51.4900800355804],[6.211992270824229,51.490082556653505],[6.211873566479044,51.49018691316401],[6.211888287444613,51.49030601174375],[6.212039242899226,51.490317492738605],[6.212388574350354,51.4902934820826],[6.212418136627074,51.49042774189039],[6.212434345522548,51.490515327222404],[6.212505337206014,51.490665532258234],[6.2126424498731065,51.4911601944859],[6.2125614129267905,51.491161621452314],[6.211642344609801,51.49124150273407],[6.210473274399058,51.491397290815456]]]}},{"type":"Feature","id":"functioneel_gebied_vlak/132197177","properties":{"id":"functioneel_gebied_vlak/132197177","name":"Hoeve De Maasduinen","kind":"camping, kampeerterrein","source":"PDOK TOP10NL","sourceUrl":"https://api.pdok.nl/kadaster/brt-top10nl/ogc/v1/collections/functioneel_gebied_vlak/items/018a5af1-bcb1-58cc-8fbe-b8fe7b7623f2","sourceDate":"2023-01-01"},"geometry":{"type":"Polygon","coordinates":[[[6.156416499719858,51.54741271897353],[6.1562941455904765,51.54749053386585],[6.1559332615161315,51.54719503442645],[6.155855964593963,51.547125894824916],[6.155134044601065,51.54666737784359],[6.155347851671955,51.54653313330192],[6.155700564372698,51.54631167014829],[6.155723351263172,51.546297362568524],[6.155832433564531,51.546228871212804],[6.156880131105293,51.546773082385656],[6.156917260392926,51.54678068621248],[6.156972363422091,51.546768431204136],[6.157065174946756,51.54674044803576],[6.157128949258664,51.54672572281719],[6.157183063760529,51.54671145282743],[6.15723220472611,51.54670756135972],[6.15731970126852,51.54670484398026],[6.15737298619108,51.546709130386226],[6.157496796555168,51.54672564243031],[6.156416499719858,51.54741271897353]]]}},{"type":"Feature","id":"functioneel_gebied_vlak/129020733","properties":{"id":"functioneel_gebied_vlak/129020733","name":"Hoog Vaals","kind":"bungalowpark","source":"PDOK TOP10NL","sourceUrl":"https://api.pdok.nl/kadaster/brt-top10nl/ogc/v1/collections/functioneel_gebied_vlak/items/14f42307-9c02-5830-9a18-dff2ddd39024","sourceDate":"2018-01-01"},"geometry":{"type":"Polygon","coordinates":[[[6.005685812980164,50.77500370165749],[6.005614700663024,50.77507162565779],[6.00535765066601,50.77531014904912],[6.005308404996198,50.775367960076835],[6.0052692003842445,50.775446311117605],[6.005237515715386,50.77552514326823],[6.005202259902894,50.77564030102786],[6.005182901190043,50.7757409284241],[6.005177557339219,50.77580276527628],[6.005177693284397,50.775849192656736],[6.005187841966338,50.77593212466838],[6.0051900690946844,50.775950333425286],[6.00519075259378,50.775955884961085],[6.005211561522962,50.776035559855906],[6.0052389316389565,50.776116089549916],[6.00526749355909,50.77616792900882],[6.005303141718307,50.77621959570586],[6.005473683130287,50.77646071139362],[6.00547561862499,50.77646339772899],[6.00555610088384,50.77656020974321],[6.005669580834441,50.77667246788087],[6.005792692601829,50.7767808450192],[6.005977061599233,50.77693687709323],[6.005872245239637,50.77698547569648],[6.005768768512738,50.77702929387809],[6.005407035652332,50.77715906285269],[6.004919210490905,50.777310323572166],[6.0047659350412355,50.77736005223826],[6.0040090388893415,50.77760559460305],[6.003962746372423,50.777617078025386],[6.003688765500823,50.777685175982555],[6.003426804180952,50.77769543696216],[6.00321901236661,50.77768522819797],[6.0027762002398655,50.777713378316015],[6.002543836032138,50.77774251822291],[6.002197653430095,50.7778261077269],[6.002117297649342,50.77784445057814],[6.001998245033917,50.77787943120606],[6.001883315373496,50.777919576413396],[6.0016673733990515,50.77800810725685],[6.001400052662605,50.77812460595826],[6.001223773274761,50.77820423271303],[6.001151683977674,50.77823559193642],[6.00103244336967,50.778290797771305],[6.000907861864876,50.77834847686179],[6.000824151191864,50.77838448200428],[6.000817750888091,50.77838723067724],[6.00081417453918,50.77837515949463],[6.000692140999101,50.77796264711917],[6.000780006449063,50.77753305540212],[6.00079306764614,50.777468984468825],[6.000808206548874,50.77739478090316],[6.0008109089972,50.77738149880972],[6.000941715509545,50.776738532107224],[6.00295587182605,50.776452120209726],[6.00297834482947,50.7764362696838],[6.003185039481596,50.7761184407427],[6.003221231911356,50.776062785695544],[6.003124474822249,50.77606921644046],[6.00264845117177,50.776100860162934],[6.0025738283435555,50.775204849424654],[6.002569679137157,50.77515491975426],[6.002539029065991,50.77478693027806],[6.002538792609026,50.77478406405236],[6.002534038699604,50.77472700934035],[6.002456536779663,50.7737963074866],[6.002432531141407,50.77350809579618],[6.0019405531283105,50.77329425171409],[6.001078985845999,50.772919750878486],[6.001021626541574,50.772894823663286],[6.00100950727281,50.77288954861669],[6.000994636324677,50.7728830836688],[6.001000124795511,50.77254115864073],[6.001001317424035,50.772466229153544],[6.001003425332499,50.77233506873223],[6.000975299993161,50.772024001734806],[6.000971896872233,50.771986391949845],[6.00103554138862,50.77182951062831],[6.001064631939944,50.771833967362284],[6.0011773860052005,50.77185122013331],[6.00123426025038,50.771859924735125],[6.0012876743343195,50.771753831463975],[6.001364809011098,50.77168778378498],[6.001401761252268,50.77164572560085],[6.001450395620738,50.771466613218756],[6.001524645017847,50.77095535659468],[6.001559486253066,50.77072807367729],[6.001563322668678,50.77070304592781],[6.001636545482171,50.770538634484964],[6.001674709809411,50.770485423427324],[6.001689951184017,50.77046958465425],[6.0017641854391535,50.77046413785758],[6.001998381449996,50.7703630058737],[6.002101188346034,50.770310133710865],[6.002156190437244,50.77027179050724],[6.002188030334331,50.770183142436096],[6.002176343202058,50.77009378229319],[6.00218427292347,50.77001287520343],[6.002251533543175,50.7698812329752],[6.002551693429717,50.76989009727159],[6.002728439737897,50.76987604948965],[6.002746408920025,50.76987462335091],[6.002780150883969,50.76992315479586],[6.0037033557297015,50.7698676134466],[6.0036849847186105,50.769713838129185],[6.005403741016421,50.76963183107602],[6.005283454818279,50.771476600647794],[6.005270634380955,50.77167319539434],[6.005258068214264,50.772375625836816],[6.005256845725697,50.77244353515925],[6.0052452734987405,50.77309073198554],[6.005241357446788,50.77331519887363],[6.005870485277225,50.773524366212676],[6.005839803352117,50.77355060759883],[6.00600696457805,50.77363117030465],[6.006058924852378,50.77358684588446],[6.0066225705875596,50.77377404034873],[6.006661515042391,50.773786973380474],[6.006892131576266,50.77386330223766],[6.006822340810256,50.77398856962405],[6.0067720146483214,50.77406290883424],[6.006714867631949,50.77413604412753],[6.006656590292767,50.774208412403986],[6.006611385388719,50.77425436383131],[6.0064723265696305,50.77438912628237],[6.006446227784631,50.77441463312829],[6.006144568215055,50.77467730816026],[6.006108904956101,50.77470318978534],[6.0060830031024635,50.77472222791764],[6.006026200930921,50.774726377861654],[6.005937232879062,50.77482378890132],[6.005685812980164,50.77500370165749]]]}},{"type":"Feature","id":"functioneel_gebied_vlak/131401320","properties":{"id":"functioneel_gebied_vlak/131401320","name":"De Mackay","kind":"camping, kampeerterrein","source":"PDOK TOP10NL","sourceUrl":"https://api.pdok.nl/kadaster/brt-top10nl/ogc/v1/collections/functioneel_gebied_vlak/items/91a92d89-ae1f-5c6e-9a58-bfebcdc555ee","sourceDate":"2019-01-01"},"geometry":{"type":"Polygon","coordinates":[[[6.090815304361483,51.48593159885456],[6.090526503051021,51.48588697534947],[6.090478892667795,51.48587503741383],[6.090427576655414,51.48586088355151],[6.090379674434107,51.48583565270595],[6.090314541183338,51.48579849849913],[6.0897459713402355,51.48546704111641],[6.089680493138898,51.48541867045123],[6.089644909016124,51.48537900082428],[6.089703681054657,51.48534647555947],[6.090073227793234,51.48514196283755],[6.09026534531719,51.48503662351439],[6.0911849301049905,51.48455452989842],[6.091291395847835,51.48452931166355],[6.091293454038215,51.48452927227519],[6.09227667425302,51.48450924852448],[6.092251647124066,51.48453215975597],[6.091224966698258,51.48542876757158],[6.091165602114711,51.4854927134984],[6.091115260778918,51.48555175991751],[6.090815304361483,51.48593159885456]]]}},{"type":"Feature","id":"functioneel_gebied_vlak/131597534","properties":{"id":"functioneel_gebied_vlak/131597534","name":"Kompas","kind":"camping, kampeerterrein","source":"PDOK TOP10NL","sourceUrl":"https://api.pdok.nl/kadaster/brt-top10nl/ogc/v1/collections/functioneel_gebied_vlak/items/933845dd-7d62-5512-bd64-c3b2c7482325","sourceDate":"2020-01-01"},"geometry":{"type":"Polygon","coordinates":[[[6.128757338665865,51.42863358876089],[6.126952693936879,51.429038195151676],[6.1266179103149465,51.428631921700216],[6.127411970314851,51.42839505363471],[6.12765444823683,51.42875946297277],[6.127972072603108,51.428680698787716],[6.128026696621378,51.42872527634183],[6.128077733119307,51.428733375226805],[6.128734136555685,51.42858787569248],[6.128757338665865,51.42863358876089]]]}},{"type":"Feature","id":"functioneel_gebied_vlak/131597488","properties":{"id":"functioneel_gebied_vlak/131597488","name":"Hoeve Bellet","kind":"camping, kampeerterrein","source":"PDOK TOP10NL","sourceUrl":"https://api.pdok.nl/kadaster/brt-top10nl/ogc/v1/collections/functioneel_gebied_vlak/items/b8bf2723-4d60-50f7-ab2b-8a419f5c9ba3","sourceDate":"2020-01-01"},"geometry":{"type":"Polygon","coordinates":[[[5.936973042342544,50.762461422504586],[5.937187272684416,50.76255647305617],[5.936899367085203,50.762826596049926],[5.937194376501244,50.76295417661439],[5.937282450866731,50.76297574280796],[5.937372574974093,50.76297531335123],[5.937450659257778,50.76293390053409],[5.937527892590694,50.762820670117094],[5.937846568827867,50.762995039909235],[5.9379911123776905,50.76290640600755],[5.9381820998852,50.76303154821074],[5.937787701303275,50.76329286571639],[5.937519606380701,50.76323195009622],[5.937165394912385,50.76315656294134],[5.936710513925798,50.76310601561845],[5.936391716902812,50.762993059055],[5.936282385743855,50.76294363432265],[5.936191634803334,50.76287985063604],[5.936160681655701,50.76279913504207],[5.936418179362776,50.76231944163234],[5.936566471416905,50.76233313521508],[5.9367245980948535,50.762347771701954],[5.936884261396694,50.76240123286017],[5.936986555887065,50.762450041079994],[5.936973042342544,50.762461422504586]]]}},{"type":"Feature","id":"functioneel_gebied_vlak/131597772","properties":{"id":"functioneel_gebied_vlak/131597772","name":"Valkenburg - Maastricht","kind":"camping, kampeerterrein","source":"PDOK TOP10NL","sourceUrl":"https://api.pdok.nl/kadaster/brt-top10nl/ogc/v1/collections/functioneel_gebied_vlak/items/69566231-ddc6-5ffd-8651-8c11ab35d449","sourceDate":"2023-01-01"},"geometry":{"type":"Polygon","coordinates":[[[5.834692204189348,50.88177438677739],[5.834493230917548,50.881821117945144],[5.834331293859867,50.88185392535955],[5.834252890990552,50.8818586604054],[5.834249142003876,50.881858890650975],[5.834055510897429,50.88182321682212],[5.833948736632076,50.881953546917345],[5.833582126139466,50.881795860326875],[5.833431158419872,50.8819363294586],[5.833212774658047,50.882139522833334],[5.8336805116756985,50.882302869270404],[5.833382623169061,50.88268562755146],[5.832735362733597,50.88238940602752],[5.832570648104353,50.88231402191744],[5.832352062047401,50.88249822980096],[5.832326959948127,50.88248405212563],[5.832197292292656,50.882410824585726],[5.832092612798925,50.88235172113866],[5.832085855175565,50.88234790889553],[5.832066739439762,50.88233711490985],[5.832047752282506,50.882326392337255],[5.830952870045267,50.881708111879504],[5.830667963947912,50.88154496048931],[5.830291764024603,50.88132951952975],[5.830141632620843,50.88146174725934],[5.830077127295321,50.88143241207054],[5.829971278739157,50.88138426871485],[5.827807633253877,50.88040023783882],[5.828479871779791,50.879796249092315],[5.8285009894398545,50.87977727367597],[5.828664295098725,50.879630543523625],[5.828456423296939,50.87918902884642],[5.828133843708774,50.87874505741178],[5.827859116282559,50.87835711027807],[5.8277658514963075,50.87829108290604],[5.82749707575669,50.87801443108663],[5.827585713968309,50.878012394194215],[5.827659252410357,50.87801070247255],[5.827763797559791,50.878100615412016],[5.827890879611153,50.87823856896568],[5.828169253341494,50.878527560990506],[5.828440751306416,50.87865528134375],[5.8285973750418725,50.87871864800904],[5.82876909733601,50.878754657364475],[5.8289565550956794,50.878858382782234],[5.82916083005592,50.87894359826443],[5.829672787768635,50.87904688023199],[5.830009067288199,50.87910315641028],[5.830334947903204,50.87918623155591],[5.8311275104390985,50.879468712013306],[5.831528590145497,50.879569922038286],[5.8319700952735,50.87961794930544],[5.832383720421195,50.87953996767879],[5.832497880193493,50.8795320757362],[5.832609304974174,50.879554477934825],[5.833025780259797,50.87968264413513],[5.8333196073285265,50.87981937272349],[5.833504762132186,50.87989935997095],[5.833702366760112,50.87996634574292],[5.833717045404471,50.87997089132488],[5.834056679153275,50.88007611452351],[5.834229341219198,50.880131968732215],[5.834345760717262,50.88016962213155],[5.834499270948457,50.88027408133358],[5.834494223880805,50.88030906782677],[5.834442800072148,50.880707395769605],[5.834439027079951,50.881039021076994],[5.834484485130501,50.881314445699],[5.834664772039168,50.88171616387743],[5.834681567715942,50.88175297140617],[5.834685393494222,50.88176068706538],[5.834692204189348,50.88177438677739]]]}},{"type":"Feature","id":"functioneel_gebied_vlak/129019650","properties":{"id":"functioneel_gebied_vlak/129019650","name":"Brunssummerheide","kind":"bungalowpark","source":"PDOK TOP10NL","sourceUrl":"https://api.pdok.nl/kadaster/brt-top10nl/ogc/v1/collections/functioneel_gebied_vlak/items/d88b68b5-77ed-582f-98e7-7a4fa4b7fd38","sourceDate":"2023-01-01"},"geometry":{"type":"Polygon","coordinates":[[[5.980981481435627,50.931073865949585],[5.980667747681697,50.93125454631497],[5.980338066006749,50.93146629287509],[5.980027721386121,50.93167761584317],[5.979873758976487,50.931781203334204],[5.979778832785435,50.931875148726405],[5.979640500134237,50.93204407830788],[5.9795762959619605,50.9322266512795],[5.97954748844369,50.93228753784504],[5.9793703306822135,50.93231181603088],[5.978730296337972,50.93181457806483],[5.978503257667039,50.931644487630344],[5.977985669278349,50.9312973395393],[5.977382200399142,50.930997999524855],[5.977081993755689,50.93096673801584],[5.97655608578073,50.930593728455186],[5.976335028459853,50.930406353301585],[5.976209028748764,50.930287871565184],[5.976013686694237,50.9301414449466],[5.975729480667166,50.9299452750108],[5.9752637167594616,50.92977667969079],[5.975267924361594,50.92971048080756],[5.975229718171794,50.929710441232274],[5.975234154665659,50.92966223729694],[5.975235898396879,50.92964052883184],[5.975242500288966,50.92961719562717],[5.975310101751883,50.92946246489771],[5.97531504787742,50.929444272859975],[5.975318814743953,50.929401582621836],[5.975339781590429,50.92925515205473],[5.975385802588596,50.92907027656912],[5.975478557552717,50.92900310342096],[5.975739207684043,50.92898334100777],[5.97574425799276,50.928912796664854],[5.975743803555185,50.92887709328341],[5.9757630278517855,50.92885090306459],[5.975817052095565,50.92882728256596],[5.975914743873541,50.928819919111646],[5.976038631993866,50.92882203496714],[5.976171177066173,50.92882136047237],[5.976438327917431,50.92885510564611],[5.976620255346235,50.928882124507865],[5.976779122794346,50.92890935888585],[5.97695499151303,50.92893987842968],[5.977025656354763,50.928947842727176],[5.977103749166945,50.92894803908337],[5.97718272936576,50.92894406892541],[5.977176657700178,50.928901715309934],[5.977174466972769,50.92888643551543],[5.9778679752541315,50.92882106043805],[5.978024529673793,50.9288163263105],[5.978613949661713,50.92877391989111],[5.9786211544102965,50.92877339766168],[5.978682430783586,50.928768994465315],[5.979602653895276,50.928702775367945],[5.980092226276226,50.9286677819476],[5.980113699357339,50.92866630560575],[5.9811812105387006,50.92859275766409],[5.98138115739659,50.92865620989883],[5.981757589985919,50.92865860944434],[5.982468817664958,50.9287337427307],[5.982729619795766,50.92877429009955],[5.98280628135096,50.92880266061942],[5.983484972856426,50.928912284341024],[5.983973175667592,50.92907429492891],[5.984204387805531,50.92921450051182],[5.984330000670891,50.92939307650054],[5.984398987465371,50.92949115082778],[5.984167863634997,50.92976998848718],[5.98401294203212,50.93000413464337],[5.9835892434927,50.93064448851949],[5.982671534867412,50.930727080483365],[5.981784516515954,50.93081845106653],[5.981384750009111,50.93090017928589],[5.981179809751347,50.93098947467361],[5.980981481435627,50.931073865949585]]]}},{"type":"Feature","id":"functioneel_gebied_vlak/132002762","properties":{"id":"functioneel_gebied_vlak/132002762","name":"Hitjesvijver","kind":"camping, kampeerterrein","source":"PDOK TOP10NL","sourceUrl":"https://api.pdok.nl/kadaster/brt-top10nl/ogc/v1/collections/functioneel_gebied_vlak/items/e2ee68c3-9e9e-5ced-a708-f8fedb67cec0","sourceDate":"2023-01-01"},"geometry":{"type":"Polygon","coordinates":[[[5.9568122090423135,50.92141474068618],[5.9568517699046355,50.921387929289416],[5.956915167863081,50.92139195097885],[5.957134184776565,50.92129955126337],[5.95714663747913,50.92113641030013],[5.95715310188467,50.92105165651629],[5.9571621626636535,50.92097448570182],[5.957221327377453,50.92096905247854],[5.9575565444876135,50.92095463597019],[5.957621581103752,50.92095139389435],[5.957948327070892,50.92093507637737],[5.959096585110817,50.92086519732373],[5.959264011448673,50.92097552839922],[5.959277050101075,50.92101903393131],[5.959295093090166,50.92107850626513],[5.959315486034003,50.92114629984004],[5.959335145873165,50.92121115761222],[5.9593546571387845,50.92127779595102],[5.959361480480127,50.92130170009022],[5.959374367770945,50.92134445127886],[5.959394052688025,50.921411322468316],[5.95941358867282,50.921477646058065],[5.959415781953277,50.92148479949621],[5.959431476785745,50.92153491681648],[5.959443887222773,50.921574748909826],[5.959459870437245,50.92162633001782],[5.959464009128355,50.92163784251886],[5.959433140395291,50.92166592422438],[5.959413844542264,50.92168338653344],[5.9593597679930985,50.92173230279341],[5.959298884355494,50.92178738323037],[5.959236200225271,50.92184408157984],[5.9591776229217155,50.92189708306455],[5.959175091430347,50.921899378802124],[5.959139733848267,50.92193135690759],[5.9591145893121755,50.92195429545228],[5.959057845310964,50.92200606530074],[5.959019594099669,50.92204097012872],[5.9586410572219055,50.921989175633165],[5.958599360162886,50.92198347575283],[5.958229879918985,50.921932552070444],[5.958220791941623,50.9219613169883],[5.958152844683241,50.92215398236327],[5.95812578617115,50.92223505343555],[5.958056869914376,50.922227150514594],[5.957959811541994,50.92221599750745],[5.957943675406418,50.922214135470114],[5.957959459389805,50.92214367322327],[5.958040944585867,50.921788400886726],[5.9579421602246265,50.92178251498551],[5.95774786397001,50.92177662361947],[5.957737064220175,50.9218764644914],[5.957721202842694,50.92210553015962],[5.9577154140654995,50.92217580825107],[5.957711821878841,50.922221247712095],[5.957689978730041,50.92228361368616],[5.9576273200905865,50.92242445767661],[5.957614848080477,50.92246139231293],[5.9575994484871355,50.92250887656562],[5.9575989962700655,50.92251026311118],[5.956326837498314,50.922314895850846],[5.9561695766057445,50.922277545005215],[5.956164919584474,50.922220370486244],[5.9561612013672205,50.92217476926616],[5.955948601212675,50.92212037000226],[5.9557958710695,50.92207956424103],[5.955788037676279,50.922077472329285],[5.955800782113781,50.92206952628758],[5.955880960078514,50.92201950359836],[5.956027482479532,50.921929081441455],[5.956437614292404,50.92183166337133],[5.956383323178947,50.92174092517716],[5.956314954671601,50.92161680789418],[5.956224324679612,50.92145874049274],[5.955812340169015,50.92162385457419],[5.955206315494445,50.92174884780236],[5.955187390704126,50.921678541164596],[5.9556168789818535,50.92110943093306],[5.956601045230506,50.9210960295148],[5.956602016393597,50.92112018790369],[5.956581719008651,50.921377500899894],[5.956631116708289,50.921469296826864],[5.9568122090423135,50.92141474068618]]]}},{"type":"Feature","id":"functioneel_gebied_vlak/129022529","properties":{"id":"functioneel_gebied_vlak/129022529","name":"De Flierenhof","kind":"camping, kampeerterrein","source":"PDOK TOP10NL","sourceUrl":"https://api.pdok.nl/kadaster/brt-top10nl/ogc/v1/collections/functioneel_gebied_vlak/items/1e657eb1-27b7-53a3-8aaf-b4e3fc655525","sourceDate":"2015-01-01"},"geometry":{"type":"Polygon","coordinates":[[[6.017292273797002,51.366152786100805],[6.017816619732875,51.36601004527023],[6.018131847849106,51.365924230766105],[6.018275125377522,51.3660647270427],[6.0193500865581395,51.36566219446973],[6.019492386538115,51.36563912631108],[6.019715330694864,51.365425826661316],[6.01982034044281,51.365482704735136],[6.019746784963627,51.36559212193163],[6.019568969428954,51.36607508287637],[6.019605916089921,51.3672120092743],[6.0183347540602545,51.36751368562655],[6.018304278664625,51.36748334228392],[6.018174742720476,51.36732699829242],[6.017828501106172,51.366855812503424],[6.017526581532378,51.366455371490254],[6.017292273797002,51.366152786100805]]]}},{"type":"Feature","id":"functioneel_gebied_vlak/129022997","properties":{"id":"functioneel_gebied_vlak/129022997","name":"Alleleijn","kind":"camping, kampeerterrein","source":"PDOK TOP10NL","sourceUrl":"https://api.pdok.nl/kadaster/brt-top10nl/ogc/v1/collections/functioneel_gebied_vlak/items/a0cfdfed-e5a9-56b3-84e5-ecebb1eb10ed","sourceDate":"2023-01-01"},"geometry":{"type":"Polygon","coordinates":[[[5.9050197981711445,50.75524063493769],[5.906014813338634,50.75459202975095],[5.90706720724633,50.75511381210218],[5.908210569997423,50.755692334923125],[5.908215700572073,50.755694936531775],[5.908486174142186,50.75582377615213],[5.90841727465903,50.75590734326444],[5.908307215674519,50.75604083187586],[5.908211998981182,50.7561563159912],[5.90808415637097,50.75631137211928],[5.907757268636376,50.756707836384784],[5.907412771338658,50.7566530827986],[5.907406178484887,50.7566515124814],[5.907291028332647,50.75663777492316],[5.907102695854553,50.7566261916353],[5.907022881514289,50.75662581399638],[5.906936161193284,50.7566376743566],[5.9068766443232015,50.75661239579275],[5.906754184138302,50.75662289778337],[5.9067137871395685,50.75661945706408],[5.90666968118274,50.75660875199289],[5.9065335560913965,50.75658211907331],[5.906511119035926,50.75655508245266],[5.90654830771049,50.7565402721827],[5.906566155803883,50.75652189042928],[5.9065685115711855,50.756490508483],[5.906522428053412,50.75643725868447],[5.906458636177582,50.75639459658107],[5.906410006867835,50.75637473406692],[5.906328304681842,50.75634740665541],[5.906197261035985,50.75634680039157],[5.9061100033569,50.75632067535306],[5.906534299142203,50.7559628237748],[5.906511159270556,50.75590584821026],[5.905812727516894,50.75581147639519],[5.905840309329375,50.75550102784578],[5.90583143104309,50.75549908118389],[5.905591178340339,50.75544645156559],[5.90541898228969,50.75536419406408],[5.905039955438546,50.755239987197854],[5.9050197981711445,50.75524063493769]]]}},{"type":"Feature","id":"functioneel_gebied_vlak/132018566","properties":{"id":"functioneel_gebied_vlak/132018566","name":"'t Hemelke","kind":"camping, kampeerterrein","source":"PDOK TOP10NL","sourceUrl":"https://api.pdok.nl/kadaster/brt-top10nl/ogc/v1/collections/functioneel_gebied_vlak/items/9615d609-75bb-5701-a259-261ed31efd21","sourceDate":"2022-01-01"},"geometry":{"type":"Polygon","coordinates":[[[5.859380316416808,50.88580195352401],[5.858763604268281,50.88464213203906],[5.862709982490429,50.883980528590946],[5.862886390812721,50.88428573629351],[5.862981256781902,50.884482158779534],[5.86298868189088,50.88449671727152],[5.862990407536522,50.88450009001105],[5.862976943062413,50.884540829506044],[5.863312049943987,50.88522138694722],[5.8633022458283115,50.88525325726703],[5.863348241250561,50.88534830567706],[5.8634317509060425,50.88556620431168],[5.863449542163438,50.88562145799613],[5.8634777560891695,50.885709109852975],[5.8634303883722,50.885715561489846],[5.863458555576657,50.885766898148226],[5.86345896112425,50.885767642559564],[5.8634664694667595,50.88581235863844],[5.863463202100214,50.88585666071479],[5.863454067851894,50.88588458213237],[5.863443377605742,50.88591181781528],[5.863432597070079,50.88593304025562],[5.863386892002719,50.88600168861715],[5.863360177042834,50.88604181760443],[5.863354187498443,50.88605081327862],[5.863325961074344,50.88609597331722],[5.863259401322408,50.886232978742086],[5.863147501856134,50.88649501862767],[5.863045241008469,50.88679487131468],[5.863041516515047,50.88680995216765],[5.862991133107535,50.88701393960807],[5.862996218771303,50.887234984322355],[5.862987764955895,50.88733607311343],[5.8629539431520765,50.88764580144302],[5.862956714717357,50.887692856258184],[5.8629721892192945,50.88769273858379],[5.86296941646147,50.88772438218012],[5.8629688571676235,50.88773080260639],[5.862966247984341,50.88776038705538],[5.862980038293681,50.888015347247226],[5.862984855047295,50.88810237656369],[5.862987200697363,50.888102456791074],[5.862963683742403,50.88839443441221],[5.862936546640806,50.88859553949201],[5.862893659336156,50.88859159917854],[5.862808256693677,50.88866694581835],[5.86268167139575,50.888774033991034],[5.862302434283445,50.888566811147996],[5.862299512384827,50.88856623270371],[5.862178556631875,50.88854228017079],[5.862024332407954,50.888511380973334],[5.861676639902026,50.88844190480239],[5.861688081352247,50.888406000817],[5.861735956775772,50.88825609290927],[5.861748728465124,50.88822103740421],[5.861838648659637,50.88797220392291],[5.861710520637199,50.887942949926284],[5.861340738079979,50.88785853396945],[5.861122900297293,50.88780880214097],[5.860941798521864,50.88776742279569],[5.8609418202273265,50.88776676651221],[5.860939285030634,50.887506546374205],[5.8609405226261995,50.88748592623055],[5.8608645913353925,50.887477426212776],[5.86081435575771,50.88686565619016],[5.8604160427112655,50.88700214519483],[5.86039518024315,50.8870353999474],[5.860381805591727,50.88703238950485],[5.8603247032955945,50.88701952650789],[5.860251448440035,50.88700298124193],[5.860165569264691,50.886970622105],[5.860148375034757,50.8869609574654],[5.860043409325402,50.88690199714785],[5.86002058886652,50.886892445412286],[5.8598918014838475,50.88683857135068],[5.860098310061735,50.88667989777809],[5.859930759101603,50.88635767337108],[5.859920728404332,50.88633837918039],[5.859704157081907,50.886399347568506],[5.859380316416808,50.88580195352401]]]}},{"type":"Feature","id":"functioneel_gebied_vlak/129019155","properties":{"id":"functioneel_gebied_vlak/129019155","name":"Oda Hoeve","kind":"camping, kampeerterrein","source":"PDOK TOP10NL","sourceUrl":"https://api.pdok.nl/kadaster/brt-top10nl/ogc/v1/collections/functioneel_gebied_vlak/items/eff72877-aeff-5b7f-93fd-ce56d7269f13","sourceDate":"2023-01-01"},"geometry":{"type":"Polygon","coordinates":[[[6.0362666965621665,51.299786279410434],[6.0360859333073105,51.29983143477246],[6.03603839549807,51.2998233753535],[6.035718218586527,51.2997181341801],[6.035281682825691,51.29956716180392],[6.034919629706055,51.299451449036795],[6.034803320797302,51.29940928602268],[6.03541810130418,51.29902057300124],[6.035615709250526,51.29891006866929],[6.0359444539540625,51.29873329120215],[6.036591282093296,51.298403959824434],[6.0365425512403705,51.29837205103943],[6.037113483941067,51.29811486319178],[6.037492689450344,51.29841213308982],[6.037535093558444,51.29838652422395],[6.03754722742831,51.298393449317636],[6.037574296911321,51.29840889905937],[6.037608201982961,51.29839206146508],[6.03774248528932,51.29849774199679],[6.037750846360562,51.29849345078478],[6.038318719258342,51.29820198445631],[6.037798079353645,51.29788249420377],[6.0386121982482095,51.297519127961245],[6.0390466519239165,51.29769048043323],[6.039813939264042,51.29799302111075],[6.039925942188478,51.29803661007011],[6.040186487316538,51.29813814490184],[6.0394516263706395,51.298812762569604],[6.039239608014486,51.29869359656051],[6.038933307938933,51.298843630094005],[6.038718279589339,51.29894891722316],[6.038288760369264,51.299147091423656],[6.037976505430029,51.29928213502002],[6.037414971801423,51.299447712563385],[6.03704979642805,51.29955494794161],[6.0362666965621665,51.299786279410434]]]}},{"type":"Feature","id":"functioneel_gebied_vlak/131598051","properties":{"id":"functioneel_gebied_vlak/131598051","name":"Zonnehoeve","kind":"camping, kampeerterrein","source":"PDOK TOP10NL","sourceUrl":"https://api.pdok.nl/kadaster/brt-top10nl/ogc/v1/collections/functioneel_gebied_vlak/items/a42e67b5-de51-5c45-bc6c-9acd5b7c1415","sourceDate":"2020-01-01"},"geometry":{"type":"Polygon","coordinates":[[[5.856974270705313,50.873554744817014],[5.857107605148429,50.87358057808175],[5.857820624053936,50.87378486319146],[5.857274764419569,50.87471981903681],[5.85654749961444,50.87456737650282],[5.856662852676621,50.87447278424994],[5.856708125183624,50.87443210831726],[5.856497122442656,50.87434872727095],[5.8563354340331095,50.87429978609837],[5.856351935633982,50.87425547262577],[5.856470442093214,50.87416402174915],[5.856479298132566,50.87416839146602],[5.85655564273729,50.87419616264112],[5.856629108214943,50.874142499399625],[5.856689579030195,50.87409761779071],[5.856706905729709,50.874067114129645],[5.856680843399704,50.87402664230363],[5.856585573157869,50.87396007601359],[5.856443811000533,50.873893698596696],[5.856250672894221,50.87382042845435],[5.856091491355498,50.87377542517698],[5.856175188692817,50.87364929335999],[5.856426380479516,50.87343929664546],[5.856974270705313,50.873554744817014]]]}},{"type":"Feature","id":"functioneel_gebied_vlak/129020282","properties":{"id":"functioneel_gebied_vlak/129020282","name":"De Peelweide","kind":"camping, kampeerterrein","source":"PDOK TOP10NL","sourceUrl":"https://api.pdok.nl/kadaster/brt-top10nl/ogc/v1/collections/functioneel_gebied_vlak/items/f8625e87-d77d-5dd5-a71e-a1ecd22343ba","sourceDate":"2023-01-01"},"geometry":{"type":"Polygon","coordinates":[[[5.9320530482130716,51.37607289968613],[5.933001797389451,51.375228978022804],[5.9333049842930725,51.37534616573964],[5.933568548074555,51.37501963123447],[5.934245064389019,51.37530385859365],[5.933752757228057,51.37575927187215],[5.9335032025283505,51.37603371340853],[5.933491442457937,51.37609515366116],[5.933432090113248,51.37620149181016],[5.933240541598725,51.37648784075707],[5.9330600826988364,51.3764285495462],[5.933029388165327,51.376459078028574],[5.932940171144597,51.37662449314547],[5.932936811408832,51.37666137286964],[5.932937195365128,51.37669347825226],[5.93295857939358,51.37673380954368],[5.932972305394666,51.37676941989579],[5.932986003873269,51.376802652252806],[5.93297513009961,51.3768467021041],[5.932951169322987,51.37690865057608],[5.932267135913718,51.37675012672662],[5.93232480022457,51.37664640048671],[5.932218102853346,51.376621927377265],[5.932415481380916,51.37628447237652],[5.932441328523098,51.37612334753707],[5.9320530482130716,51.37607289968613]]]}},{"type":"Feature","id":"functioneel_gebied_vlak/131597886","properties":{"id":"functioneel_gebied_vlak/131597886","name":"Oensels Fruitweike","kind":"camping, kampeerterrein","source":"PDOK TOP10NL","sourceUrl":"https://api.pdok.nl/kadaster/brt-top10nl/ogc/v1/collections/functioneel_gebied_vlak/items/fb4228e2-8e9d-579a-9a30-924f11b6415e","sourceDate":"2020-01-01"},"geometry":{"type":"Polygon","coordinates":[[[5.811001516610015,50.9087016707588],[5.811003595533008,50.90848635164423],[5.811004013177072,50.908443490964096],[5.8118490357144355,50.90709070441929],[5.811901632415545,50.90700648281663],[5.81197985488098,50.906881258474066],[5.812628329570823,50.90718316671591],[5.812573288390539,50.90729518239288],[5.812541921276944,50.9073395142867],[5.812429602184523,50.90749820432777],[5.812290066099295,50.90770586707667],[5.812165813744105,50.90791834546327],[5.811698615346272,50.90865456421563],[5.811280372194013,50.90857726635526],[5.811249858061741,50.908756340854126],[5.811155219039745,50.908738761793444],[5.811001516610015,50.9087016707588]]]}},{"type":"Feature","id":"functioneel_gebied_vlak/129021369","properties":{"id":"functioneel_gebied_vlak/129021369","name":"Boszicht","kind":"camping, kampeerterrein","source":"PDOK TOP10NL","sourceUrl":"https://api.pdok.nl/kadaster/brt-top10nl/ogc/v1/collections/functioneel_gebied_vlak/items/08c3cd4f-feb5-5316-a69a-c73283217d67","sourceDate":"2023-01-01"},"geometry":{"type":"Polygon","coordinates":[[[6.15560024064184,51.46645353608229],[6.155691883283109,51.466445687235826],[6.1568322480155615,51.4663480541201],[6.156830485279325,51.46635274901736],[6.156811630834772,51.466402879199975],[6.156559716530781,51.46707271999373],[6.15654116400188,51.46711690641036],[6.156399250824874,51.46711886703389],[6.155319440531699,51.4671212148916],[6.155270926903468,51.46647139127377],[6.1541564726075455,51.46648660686943],[6.153886487873441,51.466492042461944],[6.153651021325105,51.466496783200974],[6.1527829144689425,51.46651425505827],[6.152764015821767,51.46644736615402],[6.152710195313193,51.46633379287785],[6.153168830501089,51.46628793162036],[6.1534713290818255,51.46625818685778],[6.1534812846603195,51.46625713266889],[6.1538027656034435,51.466223136396856],[6.154135279660698,51.46618288226919],[6.154137691410223,51.466182524830614],[6.154274318446075,51.466162374836216],[6.154299733611894,51.46615862615115],[6.154379787879853,51.46614681960581],[6.155087673314006,51.46621061295871],[6.155267824119325,51.46623863213736],[6.155376717781722,51.4662757407658],[6.155448230034022,51.466311703324294],[6.155463312670421,51.466319288455395],[6.155523920202485,51.46636816693786],[6.155564680047787,51.46641352659638],[6.155580945775413,51.466431622166944],[6.15560024064184,51.46645353608229]]]}},{"type":"Feature","id":"functioneel_gebied_vlak/129020891","properties":{"id":"functioneel_gebied_vlak/129020891","name":"De Smal","kind":"camping, kampeerterrein","source":"PDOK TOP10NL","sourceUrl":"https://api.pdok.nl/kadaster/brt-top10nl/ogc/v1/collections/functioneel_gebied_vlak/items/cc1276a2-8bbb-5be3-a5f5-a52ffe9e0297","sourceDate":"2023-01-01"},"geometry":{"type":"Polygon","coordinates":[[[6.0539829313937,51.612081300724796],[6.054060241247829,51.6123035984202],[6.054085127891393,51.61237513786702],[6.054009170050572,51.612377045167214],[6.052988137102171,51.612402696434565],[6.052504666582673,51.612414839575436],[6.051484314705995,51.612440460347884],[6.051437713186269,51.61244163011406],[6.051465683316896,51.612303881621045],[6.051624095073342,51.61228031358129],[6.051627883787724,51.61222606699741],[6.0514881642757645,51.6121931616594],[6.051499879730558,51.612135488008796],[6.0516065310751594,51.61161020298648],[6.052449250068738,51.611291648188875],[6.052468816345621,51.61128826607178],[6.052466249876031,51.611285239078995],[6.052913282767554,51.61111670074458],[6.053236166551296,51.61097963433865],[6.053674011824003,51.611512064729624],[6.054080844391067,51.6119034828264],[6.054271465481741,51.61207622148471],[6.0539829313937,51.612081300724796]]]}},{"type":"Feature","id":"functioneel_gebied_vlak/131597455","properties":{"id":"functioneel_gebied_vlak/131597455","name":"Eldorado","kind":"camping, kampeerterrein","source":"PDOK TOP10NL","sourceUrl":"https://api.pdok.nl/kadaster/brt-top10nl/ogc/v1/collections/functioneel_gebied_vlak/items/5985ff92-ce53-5c37-bf77-4d952eac1185","sourceDate":"2023-01-01"},"geometry":{"type":"Polygon","coordinates":[[[5.915022988715971,51.73166739054168],[5.9151364466484955,51.731616443929525],[5.915530376007458,51.731990481311996],[5.916096047034079,51.73256979489056],[5.916186576412512,51.732664242975396],[5.916423958142891,51.733208019983756],[5.916617834531984,51.73369531033967],[5.917172183320167,51.735053191541674],[5.917296766765554,51.73534992364072],[5.917340801296093,51.735342730042845],[5.917474330235629,51.73566785921385],[5.9174591598902655,51.73572593149313],[5.917446679310473,51.73573443730775],[5.91737358731342,51.735758039765365],[5.916860504479413,51.735788030035785],[5.91686539735854,51.73574171480958],[5.9167928491008,51.73575129724822],[5.915958827758848,51.735807121123244],[5.915739276666915,51.73583240505078],[5.914945038646671,51.735944724968114],[5.914557948497517,51.73598232932859],[5.913904432169391,51.73601997420656],[5.911790932577403,51.73611853308384],[5.911578980683021,51.736125021532494],[5.9097991411566575,51.73594813529997],[5.9096705930074185,51.73594870885503],[5.909616685376056,51.73595936040698],[5.908826222651216,51.736170256334205],[5.908726754787147,51.736094449426595],[5.908749608709218,51.73607502886114],[5.908944988311058,51.73595750035969],[5.909126419452133,51.73580608929235],[5.909311015084178,51.735698721553035],[5.909549470807589,51.735674251862655],[5.909670461661695,51.73570492064394],[5.909729505495855,51.735703334206896],[5.910351992480719,51.735706892143945],[5.910719765999302,51.735677479475434],[5.911034006308683,51.735588012812414],[5.911086342326467,51.73557844458566],[5.91179846013213,51.735442629761025],[5.912295259149271,51.73537643130879],[5.912932865321849,51.73531583683448],[5.913401245408382,51.73529702287294],[5.9136586129881135,51.735294010056705],[5.913723047649159,51.73530133037752],[5.913896690624607,51.735345260668325],[5.914021285859031,51.73538750857016],[5.914098132795863,51.73540809174085],[5.914309666721543,51.73541665261781],[5.914597588383852,51.73540698571227],[5.914657886942301,51.73540496080954],[5.914830276333188,51.73538957438556],[5.915191028385081,51.735318504111994],[5.915621908889146,51.73521762577002],[5.915826412414852,51.73514916065177],[5.91602888232901,51.735037896035756],[5.916074042782906,51.734993656833154],[5.91614400306281,51.734925122836046],[5.916248777730842,51.73460418825695],[5.916251607682036,51.73459250711453],[5.916259420426318,51.73418678822018],[5.916147883786114,51.73388927417946],[5.915863966279426,51.73324926271333],[5.91540679725474,51.73261938925263],[5.9149701334808,51.732023758140215],[5.914919714049738,51.73180815045521],[5.915022988715971,51.73166739054168]]]}},{"type":"Feature","id":"functioneel_gebied_vlak/130482530","properties":{"id":"functioneel_gebied_vlak/130482530","name":"Schin op Geul","kind":"bungalowpark","source":"PDOK TOP10NL","sourceUrl":"https://api.pdok.nl/kadaster/brt-top10nl/ogc/v1/collections/functioneel_gebied_vlak/items/698fe400-78c8-532a-ad93-788118c95cea","sourceDate":"2017-07-01"},"geometry":{"type":"Polygon","coordinates":[[[5.867752612749454,50.85693200796255],[5.867794274644482,50.856991745880116],[5.868228558881578,50.857614390493964],[5.867761163479263,50.857771648267494],[5.866697929072372,50.85812944316324],[5.867225271291795,50.859001211303145],[5.8672213931991255,50.85900249487113],[5.866787988000145,50.85913577762305],[5.866694140381026,50.85916464446474],[5.866689779963995,50.85916598395196],[5.8666432878614065,50.859180280715144],[5.866574144214709,50.85920153908258],[5.866570010365426,50.85920281470176],[5.866454006398791,50.85923848809725],[5.866450297196783,50.85923962711491],[5.8663342084864185,50.85927536366421],[5.8661245959536705,50.85933977636299],[5.86610137808829,50.85934692002149],[5.86609864571699,50.859347758340036],[5.865934293917024,50.85939830173867],[5.8652633627669815,50.859604627956685],[5.865232570263931,50.859614086001606],[5.865229696307438,50.859614969830616],[5.865195421198241,50.85962551197183],[5.865082996844595,50.859660072513314],[5.865080406083021,50.8596608742658],[5.865007381955265,50.85968333429828],[5.86500892807118,50.859684523429266],[5.865510505169558,50.860073178014524],[5.865441133546906,50.86011105721475],[5.865434679373983,50.86011458065426],[5.865369615552391,50.8601501497831],[5.865369135006937,50.86015037649733],[5.8651739562156315,50.8602569937201],[5.864586734109875,50.85981268173046],[5.864420793311828,50.85986370595592],[5.864173270650883,50.85998483029009],[5.863494838947183,50.85985267133172],[5.863473948015665,50.85984860462921],[5.863347306295201,50.85965106453355],[5.862866608823385,50.85955373632739],[5.862861996344351,50.85954298657164],[5.862706042771736,50.859179181108594],[5.862704951272445,50.859176614765104],[5.86234531250989,50.85833759291921],[5.863323733376457,50.85811706271292],[5.8631272229179725,50.857724426755624],[5.863262599282681,50.857697288218965],[5.863223204559448,50.85761857264848],[5.863247254941429,50.85761509362519],[5.863657294805911,50.85753020921672],[5.864069715791832,50.85742706594699],[5.864058327043994,50.8574106002934],[5.865616891808684,50.85713582235286],[5.86581540921938,50.85710082345817],[5.8658258712348355,50.85709763394842],[5.865838809753541,50.85708122041261],[5.865930274761469,50.85706402280713],[5.866069922978652,50.85703970376793],[5.866236434549225,50.857013448329354],[5.86638525851773,50.85699205718464],[5.86654847873063,50.856970282466825],[5.866701500705107,50.856949745410446],[5.866705386546148,50.85694922588816],[5.866845643362715,50.85693712835514],[5.866990042693113,50.856928734860034],[5.867236879021667,50.85692049054622],[5.867349013100508,50.856921759058444],[5.867361041914952,50.856921771947874],[5.867401361667265,50.856920561512695],[5.867478351596733,50.85692227272376],[5.867648361793808,50.85692812720361],[5.867750759674816,50.85692997518475],[5.867752612749454,50.85693200796255]]]}},{"type":"Feature","id":"functioneel_gebied_vlak/131803671","properties":{"id":"functioneel_gebied_vlak/131803671","name":"De Oude Stokerij","kind":"camping, kampeerterrein","source":"PDOK TOP10NL","sourceUrl":"https://api.pdok.nl/kadaster/brt-top10nl/ogc/v1/collections/functioneel_gebied_vlak/items/d0f82cf4-7620-5ecd-91fb-13923f453cf9","sourceDate":"2024-01-01"},"geometry":{"type":"Polygon","coordinates":[[[6.025756981677084,51.22408899299482],[6.025874668423141,51.224054098289095],[6.025853521282537,51.22400426926137],[6.0263397375224335,51.224053581469335],[6.027029229942404,51.224118111029966],[6.027076116418548,51.224136397841555],[6.027110555612171,51.2241537772873],[6.027145131055223,51.224180916357135],[6.027168563169321,51.22420627739001],[6.027340826789042,51.22419960510932],[6.027358047074516,51.22422612113072],[6.027396412443476,51.224280473160974],[6.027422518630491,51.22431381402131],[6.02742337584866,51.22431490933071],[6.027428397040829,51.22432132174276],[6.027445607778032,51.2243433028462],[6.027446843036445,51.22434488035643],[6.027477707276398,51.22437360104952],[6.0275020688354735,51.224393997208146],[6.0275595779522755,51.22444214524929],[6.027587331160017,51.22446681271376],[6.02759183937922,51.22447127901417],[6.0277048355857605,51.224989467001436],[6.0273993235810925,51.22512189013761],[6.027159106121878,51.225293529395714],[6.0270858363771085,51.22527831657881],[6.027031394737226,51.22527568807739],[6.026977157387442,51.22528769872095],[6.027070881214113,51.22541744827499],[6.026812577842393,51.2254730960482],[6.026463866183691,51.2250754520254],[6.026359955749,51.224957581367185],[6.0262096826555585,51.224774323783805],[6.026054507160886,51.22456540628801],[6.025756981677084,51.22408899299482]]]}},{"type":"Feature","id":"functioneel_gebied_vlak/132538989","properties":{"id":"functioneel_gebied_vlak/132538989","name":"Boschmolenplas","kind":"bungalowpark","source":"PDOK TOP10NL","sourceUrl":"https://api.pdok.nl/kadaster/brt-top10nl/ogc/v1/collections/functioneel_gebied_vlak/items/2f9c52d1-cffd-545b-a67e-4dfeb4f4ba8f","sourceDate":"2024-01-01"},"geometry":{"type":"Polygon","coordinates":[[[5.8828239864045715,51.1784173087419],[5.883697420357178,51.178488304625745],[5.883611738278434,51.178803570485734],[5.883572354180303,51.178934455580524],[5.883532732617397,51.179038132221464],[5.883486554880298,51.179138600840645],[5.883429601652749,51.17925828882065],[5.883379439039498,51.1793923210523],[5.883335861997889,51.17955611441291],[5.883313226568836,51.179679377204806],[5.883303379813908,51.17977519615935],[5.8832928789469205,51.17990838483394],[5.883274580012083,51.18002006935405],[5.883254062412279,51.180121003608704],[5.8832146168631025,51.18027285098527],[5.883165627995218,51.18045210134422],[5.883154085593111,51.18049431761953],[5.883113478071233,51.18062076723812],[5.883084586367572,51.18069194792746],[5.883030117124281,51.18079958893377],[5.88292977414816,51.18096468502977],[5.882862034707381,51.181087106411766],[5.882808148201476,51.18121170690817],[5.882768516128277,51.18132798577202],[5.882742452167106,51.18144653488893],[5.882727704048312,51.181561413210545],[5.8827250453382325,51.1816753770401],[5.882737794012021,51.181793706701036],[5.882799801999848,51.18219821315039],[5.882801140246641,51.18220690871367],[5.8828268762116815,51.182366325242924],[5.88285433414566,51.182527577149564],[5.882874169957875,51.18265052383557],[5.882923020013659,51.18286826970209],[5.882983905760498,51.183103861131556],[5.883070578553669,51.183397581682755],[5.883145281108745,51.183611936185],[5.883227241783896,51.1838189157154],[5.883318012168314,51.18403369591465],[5.883415727384105,51.184241210313075],[5.883524390878153,51.18444926215213],[5.883628160788911,51.184631932120155],[5.883687820507435,51.18473259581034],[5.8837565606253674,51.18483570161193],[5.8838547945689,51.18496003000345],[5.883969144975489,51.18508668047255],[5.884003696618132,51.18512061873874],[5.884093343328456,51.18520868639848],[5.884097622485674,51.18521288390331],[5.884302883788863,51.18538833264431],[5.884501238993386,51.18554010680832],[5.884602547231816,51.18560996656592],[5.884679630744853,51.1856630936993],[5.884728973822673,51.18569713023351],[5.884963434039282,51.185838465718334],[5.885193377242978,51.18596543782454],[5.885466688438806,51.18610156303145],[5.885715587358936,51.18621022331483],[5.885973650344002,51.18631443018029],[5.886183976947069,51.18639430170677],[5.886281946556831,51.18643560757117],[5.886372562628017,51.18648331808309],[5.88645165313811,51.18653390954892],[5.886512637105864,51.18658199893865],[5.886549122011932,51.18661849898471],[5.886585311998092,51.18665944078155],[5.88661868784776,51.18668757646927],[5.88665008888675,51.18670380133901],[5.8866915182741435,51.18671492234167],[5.886744693330147,51.18671839721177],[5.886785413181844,51.18671558841919],[5.886862104264096,51.18685308568092],[5.886901583635078,51.18693333072959],[5.886921941526739,51.18700983770214],[5.8869311004235945,51.18709296372223],[5.886927455122856,51.18717848191767],[5.886918456720686,51.187220355001976],[5.886798320765624,51.18748294321179],[5.886290571953549,51.18822315933622],[5.886077038556669,51.18853171260423],[5.885767790806866,51.18897815249355],[5.8844747175220045,51.18896940008],[5.884369163126966,51.18883310341071],[5.884292502752299,51.18874424337948],[5.884216243617712,51.188691058560025],[5.884016782519654,51.188620557444196],[5.883921715100397,51.18857934516017],[5.8837597296272,51.18847301544117],[5.883587489540212,51.18829537534791],[5.8834914723513725,51.18816497882885],[5.883443063625939,51.18806410527355],[5.883383606913645,51.1878146382882],[5.883400535745648,51.1876302484533],[5.883484330593378,51.18750502572815],[5.8835401840040475,51.18742154092219],[5.883511163532295,51.18736221222316],[5.883434828913768,51.187303076567694],[5.883293058081278,51.1873155741631],[5.883227335622661,51.18736342399719],[5.8830486188183295,51.18745931626432],[5.88282220143188,51.18751974370555],[5.882453611967345,51.187556992007536],[5.882103688058686,51.18757036601589],[5.881753122946559,51.1875242980589],[5.881458736055337,51.187424470189356],[5.881220941055005,51.18730656703576],[5.881086880724776,51.187158487296635],[5.880951683501746,51.18690339930947],[5.880818279487521,51.186814778092256],[5.880666003055829,51.186732178527954],[5.879215075248283,51.18641725546708],[5.879130544924866,51.18641479976866],[5.878856431935426,51.18643974437264],[5.878583097468292,51.186536030028115],[5.8782729673267236,51.186730584397004],[5.877690720574795,51.18713735504318],[5.877276513129625,51.18777530099607],[5.877257780799385,51.187793222955705],[5.877229562217252,51.18780820059378],[5.877196577595992,51.18782023198089],[5.876435868126724,51.18790668288337],[5.8763080776820615,51.18790127008998],[5.8762180066408325,51.1878838151258],[5.876080191505354,51.18782493332876],[5.875999321555271,51.187783654857924],[5.875918180894551,51.18771561750909],[5.8758175474309775,51.187594151125424],[5.875773795490228,51.187484337868185],[5.875790533081813,51.18727914076774],[5.875850849442041,51.18716888999224],[5.87598188287152,51.18703455716023],[5.876075753126794,51.186965783759675],[5.876179327826643,51.186917787749685],[5.87627824876952,51.186878719232624],[5.876353241704239,51.186813000369405],[5.87653559392201,51.18661304763233],[5.87673575585932,51.18630897280131],[5.876814624177115,51.18616296628926],[5.876869391169684,51.18597544261759],[5.876915197485761,51.18583552598892],[5.876932373465906,51.185671945334434],[5.8769407160851515,51.185567854553476],[5.87694020805747,51.18552028738108],[5.876924940708543,51.18541928041008],[5.876880934014847,51.18528568389097],[5.87682253184311,51.185131338678744],[5.876725637344978,51.184917693943035],[5.8766676026658775,51.184799024092705],[5.876648897336017,51.18471218011231],[5.876638536149444,51.184592356631654],[5.876651298746755,51.18451238247989],[5.876686559858321,51.18441234919577],[5.876715291834314,51.18437865459389],[5.87672780110992,51.1843553565792],[5.876719621932732,51.184318024132075],[5.876743938244794,51.18425656340054],[5.876793362877934,51.18420784204012],[5.876818028467324,51.184177769096074],[5.876880793117659,51.18410187195052],[5.876955005734981,51.18403592219374],[5.877002246338567,51.18399433815241],[5.877139724642883,51.18389815258171],[5.877234434816581,51.18383781519425],[5.877555697371259,51.18372943809084],[5.877729546057477,51.18363737706278],[5.877833473973121,51.18358984542641],[5.877914231440251,51.183498177104525],[5.877992438774837,51.1833794089372],[5.877988637650005,51.183236726017164],[5.878005105517011,51.18307825386445],[5.877990544581819,51.182991275728384],[5.878015132349594,51.18295406565539],[5.878003502045418,51.182928433455096],[5.877927980493209,51.18287309305106],[5.87788663235116,51.18282760397765],[5.877855510979898,51.18267790820205],[5.8778474057618455,51.18255664604893],[5.877837623016313,51.18249247056732],[5.877829578944455,51.18237691611364],[5.877840293118187,51.18231694180294],[5.877897985645136,51.182191123105824],[5.8779757183396235,51.18202954275264],[5.8780968885374305,51.18189631865233],[5.878182358320678,51.18182032485828],[5.878254443329895,51.1817672283872],[5.8783898370692,51.18168959422446],[5.87853663141304,51.18161619940971],[5.878717155130199,51.181512692710584],[5.878822876922242,51.18142091813207],[5.878883467690316,51.18135501574621],[5.878952634614688,51.18124199310931],[5.8789815092756035,51.18118193284194],[5.878996632676092,51.18111052383494],[5.878988968503637,51.18103064483365],[5.878976879062341,51.180962200479435],[5.878937254663142,51.18086533284796],[5.878842578996336,51.18071732649493],[5.878676148839151,51.18054220738947],[5.878748720174895,51.18035725916557],[5.878754455638137,51.18034263690896],[5.878770117109217,51.180302740783404],[5.878781073136256,51.180274828804926],[5.878873355995268,51.18003966593936],[5.8789028821875196,51.17996440267775],[5.878982572065349,51.17995801590423],[5.879130354810697,51.17997737272103],[5.8793692378114955,51.1800234540938],[5.879519234428133,51.1800385133232],[5.879800804683245,51.18004302793517],[5.87992331242091,51.180033942075845],[5.880131805789409,51.17999881001792],[5.880349088255271,51.179936529716535],[5.88049608876589,51.17988310484927],[5.880584197918253,51.17984046487991],[5.880850209962048,51.179905017046025],[5.8810189981372645,51.17984033471558],[5.881068238715447,51.179801940525486],[5.88112666790247,51.179679236174735],[5.880941722100631,51.179543516539496],[5.881004466607127,51.17944571118534],[5.8810508077319215,51.179321368326015],[5.881068001312439,51.179231397106165],[5.881083811848156,51.17901299813954],[5.881084395411154,51.17885603121875],[5.881095042969882,51.178790339910854],[5.881121962296881,51.17876025643862],[5.881178475312886,51.178738613585864],[5.8812556067175645,51.178732577683355],[5.881389543081279,51.17873200810158],[5.881448436192456,51.178718912441454],[5.881470915479961,51.17869884344798],[5.8814749400683235,51.178650304160335],[5.88148592426347,51.17840624432491],[5.8814941721338565,51.17811795268332],[5.881502391493102,51.17803800625395],[5.881530984053185,51.17795226518611],[5.881620374098417,51.177820601722665],[5.881964747836097,51.17733538827793],[5.88199776329157,51.17723821232993],[5.882086781106155,51.17707230230593],[5.882086072835993,51.17700665926447],[5.882053437819836,51.17692831603345],[5.8820552804108805,51.176888352451165],[5.88207483529407,51.17682929288066],[5.882322789006007,51.176884947585314],[5.882520670752618,51.176929363356656],[5.88282232262298,51.17695846851624],[5.883418087906221,51.177159129100495],[5.883365813305721,51.17725106627202],[5.88325395992953,51.17742341197766],[5.882705221732601,51.17829628737235],[5.882694648662959,51.17836509261966],[5.8828239864045715,51.1784173087419]]]}},{"type":"Feature","id":"functioneel_gebied_vlak/129023069","properties":{"id":"functioneel_gebied_vlak/129023069","name":"Maasresidence Thorn","kind":"bungalowpark","source":"PDOK TOP10NL","sourceUrl":"https://api.pdok.nl/kadaster/brt-top10nl/ogc/v1/collections/functioneel_gebied_vlak/items/3605ab30-ff19-5385-9fae-e83231e95633","sourceDate":"2024-01-01"},"geometry":{"type":"Polygon","coordinates":[[[5.859223564882686,51.15447972786849],[5.85925728458408,51.15465191715144],[5.859010627412101,51.15479086219266],[5.858941602003175,51.15484536819412],[5.8587571481347585,51.155002135555854],[5.858662817886858,51.15509669983089],[5.858589605418014,51.15518547035283],[5.8584449664661715,51.1553896415081],[5.8583738427283585,51.155534531832295],[5.858331176050957,51.15565171858873],[5.858318392438114,51.15572074626276],[5.858341733290828,51.15606998801008],[5.858361167451383,51.156192649313375],[5.858395940745135,51.15634705169103],[5.858434395013843,51.156475101626384],[5.858492537519042,51.15659661199975],[5.858565754155852,51.156724023617215],[5.8586270171265395,51.15684154591633],[5.858563155678583,51.15685571883694],[5.858112787374583,51.1570652739106],[5.8583757631586275,51.15730619481897],[5.858314599356415,51.157401839405],[5.858314475442904,51.157410305210185],[5.858310437805807,51.15743506299182],[5.858305015203407,51.15746432533904],[5.858298767057328,51.15748279423467],[5.8582116089493335,51.157563670374714],[5.858150830768617,51.15762349026887],[5.858129457804289,51.157644526144864],[5.858098970993225,51.15767119063244],[5.858064908037669,51.15769787017279],[5.858045866572657,51.157709746435664],[5.85803078874798,51.157719150969655],[5.858001599138338,51.157732765022374],[5.857969538846109,51.15774549069004],[5.8579160505494325,51.15776145212692],[5.857878918325067,51.15776790047412],[5.857878219492653,51.15776796847594],[5.857826034815311,51.157773063180564],[5.857797425991322,51.15777362855485],[5.857756770599502,51.157773235974815],[5.857661399321914,51.15776293342274],[5.857232235915345,51.15769809424691],[5.85716845640222,51.15768710611569],[5.85718468782377,51.1576499724332],[5.8571710340751935,51.15764622257076],[5.857172439342052,51.15763575211293],[5.85715422785297,51.1576301178535],[5.857137490743915,51.15762067250934],[5.8571298389922735,51.157612140977314],[5.857123593425071,51.15759314010751],[5.856896358539499,51.15756266559599],[5.8568858961834795,51.157575074956824],[5.856861827914195,51.15758849104077],[5.856849784929183,51.15759424769727],[5.856824087336558,51.157596253891136],[5.856822672256432,51.15760577324554],[5.856804480291288,51.1576020411296],[5.856755293118781,51.15752613432351],[5.856740126092124,51.157522389967376],[5.856507634770786,51.1577174007123],[5.856252498676247,51.157917258695505],[5.85611104710324,51.157991082166006],[5.855958840779742,51.158048776147275],[5.855661592901021,51.158125130628896],[5.855453355104016,51.15817734198744],[5.854818154600895,51.15834448080393],[5.854720337627424,51.15839529505284],[5.854695649728314,51.15841718353273],[5.8545619000694735,51.158374912191064],[5.854534268723943,51.15835421294753],[5.854500879719498,51.158325213140515],[5.854468551878369,51.15830750529636],[5.854430539058925,51.15828863209372],[5.854390766495343,51.158279784089764],[5.854410282030594,51.15827091836871],[5.8544397893551885,51.1581982682049],[5.854465607679563,51.15813394761038],[5.854502387728607,51.15803153287818],[5.854533626181696,51.1579422192863],[5.854527503377668,51.15789824324481],[5.854487298634489,51.15784964920983],[5.854392069283211,51.15778224701827],[5.854287607795947,51.15773747998187],[5.85418326754813,51.15770460468298],[5.854080959379321,51.15768598651014],[5.8539769944141815,51.1576899730071],[5.853897527782781,51.157686723778106],[5.853802928544692,51.157681162223874],[5.853738538596669,51.157671910647295],[5.853666454232162,51.157649602098736],[5.853537360228611,51.157600178197704],[5.8534746275709715,51.157568321721335],[5.853419096090574,51.15749957281642],[5.853374887596946,51.157429591900176],[5.8533649803938665,51.157384444457975],[5.853549671587322,51.15695084238789],[5.853450971913752,51.15691437519662],[5.853418694811067,51.15671592195307],[5.8534748332910365,51.156657421519796],[5.853527232293895,51.156603700192434],[5.853596739207995,51.15655823385955],[5.85363244093735,51.15653668789823],[5.85372699167928,51.15653630811093],[5.853753305822059,51.156520741487626],[5.853762732649051,51.15614611807445],[5.853622069480543,51.155516426214724],[5.853578034031725,51.15546190559758],[5.853499843887418,51.15539681632846],[5.853401232165834,51.155368672479625],[5.853152807368511,51.15529951112837],[5.8527256255211375,51.15522111974495],[5.852531128780249,51.15534243593034],[5.852465712912449,51.155414294070326],[5.85238429007928,51.15540723194031],[5.852211844911161,51.15536987255948],[5.851845386134398,51.155220316843646],[5.85194297255873,51.15515159272504],[5.852021264226541,51.15503648212442],[5.852024048678077,51.15490004923631],[5.8520783649158625,51.154230112604864],[5.85203530992864,51.15418380166073],[5.852034623273077,51.15411601910494],[5.852045019976034,51.15402203448098],[5.8521008437405175,51.15393262312984],[5.852181334816709,51.153851436705175],[5.8522543832087095,51.153783367870375],[5.852295407973323,51.15372731057909],[5.852366713997588,51.15367351403703],[5.852459010522281,51.15363746733409],[5.852527083366288,51.1536383811131],[5.852602441868959,51.153610734878775],[5.852820712353029,51.153505211098],[5.852941169070216,51.15345121711041],[5.853065270324515,51.15338174746356],[5.853185521142774,51.1533075380041],[5.853237918825687,51.15325262126933],[5.853308739832753,51.15315125681423],[5.853384606397536,51.15298803739739],[5.853391224788019,51.15289526332956],[5.853473175464151,51.15277245150978],[5.853619107540262,51.15262084289187],[5.853796373310896,51.152573748006915],[5.853931127298299,51.15243764481702],[5.854062552801015,51.152346742066186],[5.854233973683297,51.152283022555956],[5.854486638885191,51.15221422973974],[5.854660478229103,51.15220282427234],[5.854853310666874,51.152199665780344],[5.854970958242695,51.15224081953489],[5.855094704225509,51.1523235582366],[5.855201343878792,51.15239804202733],[5.855309824120702,51.15246657663599],[5.855450202916255,51.15251239340419],[5.855586614544921,51.15253918750573],[5.855764327337528,51.152536097481345],[5.855941807105785,51.15251159655383],[5.856096568625004,51.152483618496696],[5.856192450679698,51.152429720335334],[5.85632450595715,51.152399460605245],[5.8565016200424225,51.152339283329646],[5.856797679536465,51.15228912386614],[5.856861802709832,51.15226207646952],[5.857089971187171,51.15220884807852],[5.857114396721958,51.15219902324038],[5.857184659595244,51.15217411208806],[5.8572381621556655,51.15208114125482],[5.8572716248987655,51.15202535323221],[5.857327440700688,51.151936653396525],[5.8573612394844465,51.151913684730864],[5.857385699688001,51.151865068068616],[5.857439567036109,51.1518077703841],[5.857562627381412,51.15163888671896],[5.857591027398008,51.1515897399995],[5.857623308647353,51.151545996736274],[5.857770955817623,51.151345923975924],[5.857798756504014,51.15132243116354],[5.857896013732893,51.15124000419928],[5.858045786616505,51.15119160296593],[5.8581983970754745,51.1511634779918],[5.858351731777981,51.15116415033698],[5.858536687163669,51.15121133757342],[5.858925212426086,51.15132980672206],[5.8591660969444925,51.151402186371634],[5.859381746284985,51.15147082987915],[5.859609028272427,51.15153648629393],[5.859836182209764,51.15160628667719],[5.860081641285797,51.151667355756615],[5.860445466689882,51.1517335061166],[5.860628674313094,51.15193916265042],[5.860634585144107,51.151970069950345],[5.860507734320596,51.15213706952487],[5.860431109576363,51.15222419052368],[5.860431199241337,51.15227091226039],[5.86042892113095,51.152290554445386],[5.86042146018865,51.15235489937121],[5.86045988302706,51.15240657283376],[5.860470839390769,51.15248055240833],[5.860474515763804,51.15250536872428],[5.860491883176156,51.15262263466423],[5.860563316686361,51.152648788865456],[5.860595037237715,51.15270329414543],[5.860411093956175,51.15287980401158],[5.8604074679250076,51.15288559697086],[5.860057204521521,51.15280661911218],[5.859789712941979,51.152488770328105],[5.857938961099049,51.15195221726862],[5.857883673669087,51.151963162341275],[5.857501304584911,51.15249270087419],[5.8575314911248855,51.15252742073774],[5.857629970055639,51.152572584344576],[5.859370029053496,51.15311763257039],[5.859307182933362,51.15322241392195],[5.859389060925195,51.15331052625093],[5.859547727570933,51.15340636622139],[5.859680025547344,51.15342458898919],[5.8598930702705605,51.153421042157895],[5.859988931030566,51.153429640259326],[5.860146199390746,51.15344372368724],[5.860173261419618,51.15344614721654],[5.86035854691013,51.15346274212655],[5.86055783299693,51.15348059092938],[5.860585444227442,51.15349260385183],[5.860669927627998,51.153541164146034],[5.8606559908550935,51.153586517766755],[5.8606613283366995,51.15358443136514],[5.8606485801709685,51.15362472668632],[5.860655155940293,51.153634515765205],[5.860792348327473,51.153838976502314],[5.860918832364795,51.15402747825981],[5.86090931969622,51.15402967608825],[5.860764704599524,51.1540630917279],[5.860639236896109,51.15409062285259],[5.860528201133167,51.15411498710292],[5.860317472043777,51.154156197043164],[5.860127157129161,51.154197772910045],[5.85990228889403,51.154249853330604],[5.859644408826723,51.15431225205348],[5.859501224155477,51.154365563419425],[5.8593052989000824,51.15444684678099],[5.859261689998336,51.1544643900684],[5.859223564882686,51.15447972786849]]]}},{"type":"Feature","id":"functioneel_gebied_vlak/131049633","properties":{"id":"functioneel_gebied_vlak/131049633","name":"De Limburgerhof","kind":"camping, kampeerterrein","source":"PDOK TOP10NL","sourceUrl":"https://api.pdok.nl/kadaster/brt-top10nl/ogc/v1/collections/functioneel_gebied_vlak/items/4c8c58ec-ea20-5f20-b246-0f58aeebaa35","sourceDate":"2018-01-01"},"geometry":{"type":"Polygon","coordinates":[[[6.049438902051315,50.908276174745716],[6.049303243787073,50.90819159357011],[6.049161221528671,50.908124622284795],[6.048985448344676,50.90806497949231],[6.048855527336217,50.90805501981744],[6.04875417384881,50.908069869455666],[6.048446509366381,50.90825714056701],[6.04772867548583,50.907776053812654],[6.048556663892427,50.90727900303574],[6.04794106201602,50.90684371186622],[6.048543193122957,50.906512823155275],[6.049875295694376,50.90742478805353],[6.049776769535,50.90762826264803],[6.049666325017778,50.90785632758859],[6.049583857000699,50.90802663028691],[6.0495612764958056,50.90807506683235],[6.049538081989523,50.9081163695616],[6.049479685162033,50.90821429819191],[6.049438902051315,50.908276174745716]]]}},{"type":"Feature","id":"functioneel_gebied_vlak/131049720","properties":{"id":"functioneel_gebied_vlak/131049720","name":"Gene Zijde","kind":"camping, kampeerterrein","source":"PDOK TOP10NL","sourceUrl":"https://api.pdok.nl/kadaster/brt-top10nl/ogc/v1/collections/functioneel_gebied_vlak/items/1fdaaa82-3c5c-5452-913b-38ab9c44ea8d","sourceDate":"2018-01-01"},"geometry":{"type":"Polygon","coordinates":[[[5.933183158310601,50.766540373764094],[5.932951175099791,50.76684321457698],[5.93258230968426,50.76672246766385],[5.932489430837428,50.766836433826214],[5.932224830761253,50.766768969579914],[5.932187671875288,50.76681395820852],[5.93207552433796,50.766775171624445],[5.93210558972079,50.76672969459199],[5.932243685424406,50.76654722352931],[5.93226396100601,50.76652365769629],[5.932323248014883,50.76646428451576],[5.932579109213518,50.76624776416599],[5.932635218417823,50.76620028021975],[5.932636279943544,50.766198944842195],[5.932706083396708,50.766223409898075],[5.932772198958187,50.76624658220193],[5.9328822721452745,50.76628515487358],[5.932888377814506,50.766287292348366],[5.932979163442794,50.76617652402163],[5.933074503263476,50.76605652043079],[5.933119301539739,50.766000631139214],[5.933133961179808,50.76598386430897],[5.933198977971116,50.76590950205964],[5.933265599782246,50.765841248590995],[5.933516205239946,50.76595099544983],[5.933716882972042,50.76604310811946],[5.933914179146334,50.766103145953565],[5.934089159553145,50.766133715562894],[5.934186109856936,50.766148617239786],[5.9343264182960604,50.766170183162956],[5.934068123661649,50.766643233959535],[5.93402178542403,50.76672809776326],[5.933204991314207,50.76650547490204],[5.933183158310601,50.766540373764094]]]}},{"type":"Feature","id":"functioneel_gebied_vlak/131598080","properties":{"id":"functioneel_gebied_vlak/131598080","name":"Marina Resort Well","kind":"bungalowpark","source":"PDOK TOP10NL","sourceUrl":"https://api.pdok.nl/kadaster/brt-top10nl/ogc/v1/collections/functioneel_gebied_vlak/items/45959846-0542-53cb-aa44-d731c8550d5d","sourceDate":"2025-01-01"},"geometry":{"type":"Polygon","coordinates":[[[6.0620246337541435,51.57042217317817],[6.062040318377838,51.570387262524186],[6.062049302162353,51.57037296833766],[6.062111359778672,51.57027422729722],[6.062115211849447,51.57026809879628],[6.0623210448580584,51.56970534861119],[6.062393165942029,51.56950816495268],[6.062441314131296,51.56939289210005],[6.062534036419741,51.56925560854216],[6.062599671978352,51.569182401338935],[6.06271589200789,51.56913145474364],[6.062722374282926,51.569128945328195],[6.062835741269721,51.569072704368914],[6.062944623928599,51.56905495092701],[6.063052130115163,51.56904719422828],[6.0631538906082785,51.569063729386585],[6.063226806604874,51.5690908960759],[6.063282352710829,51.569130530227426],[6.063336084299343,51.56920204433524],[6.063348035509172,51.56927552661998],[6.063305219414065,51.56941057542318],[6.063306555244472,51.56968406309253],[6.063304942246974,51.569929064108344],[6.06333711196096,51.57050990958673],[6.063258751249421,51.57073975896328],[6.063211232739977,51.57083142372718],[6.063220283911071,51.57093448269379],[6.063236654466558,51.57102343173112],[6.063240706044726,51.57104267143941],[6.063252534331251,51.57109881041093],[6.063258698621562,51.571136887555795],[6.063287109754539,51.57122458937991],[6.063259409674302,51.57128717734923],[6.063197979323146,51.57132618488937],[6.062807435180227,51.571370062054235],[6.062703065633063,51.57140931758879],[6.062646527031092,51.5714572045261],[6.062595470890491,51.57155263783145],[6.062543396378676,51.57157968968264],[6.062467332659314,51.57159797217364],[6.062405281578254,51.57159535542579],[6.062328730934764,51.571580930146105],[6.0622659720974275,51.57153075730876],[6.062143961400441,51.57134713637499],[6.06209489194615,51.57125526591247],[6.061989327959273,51.57121425710902],[6.061898514318662,51.57120288923183],[6.061803250463912,51.5712123562072],[6.061732358999255,51.571257359234124],[6.061628298029215,51.57131741226588],[6.061533152143447,51.57133580428475],[6.0614234771230455,51.571339412471225],[6.061318266871458,51.57132217657893],[6.061255686222977,51.57128389444988],[6.061207001688599,51.57121877227432],[6.061124941545437,51.57115384257465],[6.061028868330964,51.57110980285612],[6.06088995958597,51.571071951673545],[6.0607325428658,51.571072859140536],[6.060556750129247,51.57112144137624],[6.060438865224008,51.57121427450259],[6.060316558742755,51.571330926508466],[6.060217269894731,51.57139095078334],[6.060131833620046,51.57142117800423],[6.060051053433449,51.571442452406856],[6.059884087050963,51.57144341371278],[6.059522623434506,51.5714262758201],[6.05950052312183,51.57143881660013],[6.059460791249374,51.571452025112485],[6.059424455220278,51.571459802774235],[6.059348275225387,51.57147322990261],[6.059258381399374,51.571498619134786],[6.059203108887325,51.57151732822936],[6.059163472991028,51.57153702604456],[6.059127425377845,51.571564280826635],[6.059098475620063,51.57160230839077],[6.059079811411968,51.571631620531015],[6.059066384621806,51.57166199020772],[6.059052991318888,51.571695595681774],[6.059044805045862,51.57172918020552],[6.05904515758497,51.57175298069425],[6.059054289126799,51.57178321168025],[6.059070374551072,51.571814490336074],[6.059095078979564,51.57184139578776],[6.059123228998752,51.571867193769116],[6.059168729137393,51.571891813309776],[6.05920370319059,51.57190891575296],[6.05923178925792,51.571930390432044],[6.05924591961797,51.57194653406945],[6.059255510679779,51.57195616890656],[6.059348163102198,51.57197864750153],[6.059511238425947,51.57203716172969],[6.059712964228838,51.57212816376554],[6.05981419482842,51.57219892574524],[6.059862547659608,51.57222356904293],[6.059927543346296,51.57225751099682],[6.0599809799168005,51.57228541658902],[6.0598778609988635,51.572345899693204],[6.059592770030363,51.57251311484399],[6.05949772003512,51.572589291803],[6.059471137520985,51.57262142318785],[6.0594324793039585,51.572668151161814],[6.059224059442378,51.57259255469857],[6.059063014590569,51.572558262364126],[6.058886358783048,51.57253056747968],[6.05869530178425,51.57250057303547],[6.058591106615774,51.572482834448714],[6.058501256680816,51.57246749428782],[6.058347574467798,51.57244132955333],[6.058193892431337,51.57241516461658],[6.058080037092629,51.57239673496945],[6.0579859693690645,51.57238098716314],[6.0578919017105965,51.572365239281204],[6.057700447789057,51.57233367244414],[6.057305374119729,51.57227108400808],[6.057196929956471,51.57225175055387],[6.057088500309041,51.57223241691621],[6.057081455629496,51.5722310820046],[6.057075016615347,51.572229734631655],[6.0570713545290005,51.57222888370489],[6.056952663794044,51.572165248724026],[6.056928809249378,51.572068827076805],[6.056953614280946,51.571992234628304],[6.056987757721471,51.57189257715805],[6.057006743681844,51.571838067731754],[6.057025744020439,51.571783558219465],[6.057043798997823,51.571738294674304],[6.057068748345409,51.5716714992314],[6.057209797081296,51.57126645238554],[6.057350843312213,51.57086140535785],[6.057391623620662,51.570742446552174],[6.057429832660473,51.570623250790035],[6.057465334150314,51.57048678495701],[6.057875624098164,51.57053957747614],[6.0586294732580495,51.57062916394773],[6.059739807697888,51.570761234167556],[6.059863997779469,51.570776037467084],[6.060388780981572,51.57083109909885],[6.060410776689264,51.57082333071514],[6.060778421047757,51.570868439522556],[6.0609780598608625,51.570892924788566],[6.061006840217192,51.57082342095109],[6.062395173441344,51.5709935399436],[6.0624099610266775,51.57093640832135],[6.062416559425585,51.570910915961804],[6.062427249864185,51.57086961606257],[6.062463780679095,51.570789542225135],[6.062567605359364,51.57068810223553],[6.062648300187517,51.57062209402375],[6.062677705985861,51.570598041173845],[6.0627227488709945,51.57054736052555],[6.062744824014986,51.57049205641022],[6.062672730221292,51.57048506074078],[6.062648555113244,51.570482715065744],[6.062590691775098,51.57047710058578],[6.062412109192277,51.570459772335006],[6.0620246337541435,51.57042217317817]]]}},{"type":"Feature","id":"functioneel_gebied_vlak/131049602","properties":{"id":"functioneel_gebied_vlak/131049602","name":"Schrouff","kind":"camping, kampeerterrein","source":"PDOK TOP10NL","sourceUrl":"https://api.pdok.nl/kadaster/brt-top10nl/ogc/v1/collections/functioneel_gebied_vlak/items/c2d6ee1c-d000-518a-ae04-143f3bdc1c33","sourceDate":"2018-01-01"},"geometry":{"type":"Polygon","coordinates":[[[5.977166209078843,50.77622307223032],[5.977164303433576,50.77610537879738],[5.977290239637256,50.77612696566904],[5.977548157834087,50.776171175537286],[5.977818482879619,50.776191198376],[5.978100786687083,50.776268239214474],[5.978590439365505,50.77628000287123],[5.978659361155801,50.77639024283513],[5.978756059768945,50.77691417049666],[5.978784973069948,50.77741704035943],[5.978735336835651,50.77749577949729],[5.9785629961354365,50.777599655380506],[5.978420335367535,50.777418538453496],[5.977917531535367,50.77690062498346],[5.977291787112726,50.77705518732619],[5.97707389798772,50.77709308323826],[5.97708397574389,50.77701144793475],[5.977090127787899,50.77693884861188],[5.97711018330567,50.77686703222458],[5.977128548936321,50.776820663231796],[5.977129924312576,50.776816215658556],[5.977157717489875,50.77672631888931],[5.977173527377531,50.776675189805125],[5.977166209078843,50.77622307223032]]]}},{"type":"Feature","id":"functioneel_gebied_vlak/132312651","properties":{"id":"functioneel_gebied_vlak/132312651","name":"Roerdalen","kind":"camping, kampeerterrein","source":"PDOK TOP10NL","sourceUrl":"https://api.pdok.nl/kadaster/brt-top10nl/ogc/v1/collections/functioneel_gebied_vlak/items/6a4afbf3-85bb-59aa-ad98-04c427de0126","sourceDate":"2025-01-01"},"geometry":{"type":"Polygon","coordinates":[[[5.996552431736573,51.13663575993386],[5.997171318768545,51.135688086580345],[5.9990359478889275,51.13629440634346],[5.9989660410243415,51.136439887814326],[5.998339365316561,51.13623146719129],[5.997661663356,51.137020070006],[5.996552431736573,51.13663575993386]]]}},{"type":"Feature","id":"functioneel_gebied_vlak/132197151","properties":{"id":"functioneel_gebied_vlak/132197151","name":"","kind":"camping, kampeerterrein","source":"PDOK TOP10NL","sourceUrl":"https://api.pdok.nl/kadaster/brt-top10nl/ogc/v1/collections/functioneel_gebied_vlak/items/8809b4a9-0749-59fa-a6e8-2a63baa36ced","sourceDate":"2025-01-01"},"geometry":{"type":"Polygon","coordinates":[[[6.117611428656117,51.532170837086255],[6.117599795071082,51.5321687002649],[6.117569928266736,51.53216321338116],[6.117593189130133,51.5321094128501],[6.117603462676978,51.53208562956104],[6.1176122390154175,51.53206531076359],[6.1176376805027415,51.53200764425579],[6.117649560824912,51.53198071601515],[6.1176551649341535,51.531972399888154],[6.117664120039834,51.53195910932509],[6.117830436808079,51.531712291784984],[6.117859763395773,51.53166876974288],[6.117888109011818,51.53162670386154],[6.11787759670381,51.531621861681636],[6.1180081183294215,51.53149899512326],[6.118103883300389,51.531408845535104],[6.118120583969914,51.53139344179944],[6.117479619106219,51.531101311051586],[6.117423958563808,51.53107668450332],[6.117249526564476,51.53099682475789],[6.117195448534948,51.530972344389916],[6.117040108015113,51.530901862355634],[6.117340482614655,51.53082845032928],[6.11743096679631,51.530806436828804],[6.1178147674416445,51.53063878300462],[6.117841142411291,51.53062721997343],[6.117868739175271,51.53061512231312],[6.1179802870428075,51.530566222083],[6.118261715312914,51.530406524468674],[6.119768677652755,51.529551326725134],[6.119789804223454,51.52955575156805],[6.119803830676056,51.529558683846815],[6.119921718365479,51.52960076745929],[6.120347445121412,51.52987286872647],[6.120612821517687,51.53004193935676],[6.120522919749811,51.530118295504025],[6.120212222822314,51.5303352475784],[6.119569058295588,51.530702136603296],[6.119444715168486,51.53078909241193],[6.119123095196648,51.5310860218231],[6.118975871755156,51.531225839622195],[6.118860124136687,51.531331211536504],[6.11880456756009,51.53138578549696],[6.118782334341746,51.531425880684374],[6.118766308557516,51.531472596100194],[6.118694358962312,51.53155105635147],[6.118597511800636,51.531640681172874],[6.118545459020722,51.53167811753709],[6.1184510323755665,51.531746028312156],[6.118364198291796,51.531800084439475],[6.118234033376337,51.53188651976224],[6.1180705665234925,51.53203618884287],[6.1178577762740955,51.532214816371436],[6.117817479139805,51.53220864255732],[6.1177883396714465,51.53220329668661],[6.1177394959781575,51.53227718581961],[6.117739939767109,51.532304771246146],[6.117776757742531,51.532317859693585],[6.117806011776886,51.53233480059298],[6.117812510028221,51.53235949470605],[6.11779518763147,51.53242048804562],[6.117748826232373,51.532477858502716],[6.1176783522427005,51.5325534543196],[6.117625668974634,51.532535734094225],[6.117257077076637,51.53241134121707],[6.117316407957024,51.53233753053833],[6.117331137738153,51.53229811178862],[6.1174137244670135,51.53230938995301],[6.117472807595236,51.53229217234373],[6.1175162571465735,51.53224338274321],[6.117557267975897,51.53223266140323],[6.117642768619858,51.53223783453754],[6.117668336539187,51.53224637251607],[6.117690648289943,51.532253237567566],[6.117699343240765,51.5322559130004],[6.117740673441714,51.53219393686664],[6.117710393833642,51.5321889964327],[6.117611428656117,51.532170837086255]]]}},{"type":"Feature","id":"functioneel_gebied_vlak/131763207","properties":{"id":"functioneel_gebied_vlak/131763207","name":"Treech '42","kind":"camping, kampeerterrein","source":"PDOK TOP10NL","sourceUrl":"https://api.pdok.nl/kadaster/brt-top10nl/ogc/v1/collections/functioneel_gebied_vlak/items/645a8f14-6d2e-58aa-b9aa-9650d77143c0","sourceDate":"2021-01-01"},"geometry":{"type":"Polygon","coordinates":[[[5.696024365799268,50.834988313808644],[5.696088512230304,50.83498252262088],[5.696101914215782,50.835040867661654],[5.696163081745442,50.83503523327352],[5.696235890938875,50.83535220068787],[5.695523395728775,50.835417787941054],[5.695453162190468,50.83503839014594],[5.696024365799268,50.834988313808644]]]}},{"type":"Feature","id":"functioneel_gebied_vlak/132317232","properties":{"id":"functioneel_gebied_vlak/132317232","name":"Leudal","kind":"camping, kampeerterrein","source":"PDOK TOP10NL","sourceUrl":"https://api.pdok.nl/kadaster/brt-top10nl/ogc/v1/collections/functioneel_gebied_vlak/items/ab26fe20-2718-5d86-a78f-04de2ed4e359","sourceDate":"2023-01-01"},"geometry":{"type":"Polygon","coordinates":[[[5.922725081944012,51.25227216554122],[5.923034900862981,51.25220791195845],[5.923193519486205,51.2521832482223],[5.924218332018233,51.25200465196103],[5.924351038127426,51.25246505227829],[5.923830232498029,51.252546037631504],[5.9238754083840925,51.252661082190905],[5.923493308296758,51.25271301094987],[5.923418853615435,51.252737466368366],[5.92302552435686,51.25279989888621],[5.922952577894808,51.25262997428854],[5.922844211086686,51.252643570738556],[5.922725081944012,51.25227216554122]]]}},{"type":"Feature","id":"functioneel_gebied_vlak/132002786","properties":{"id":"functioneel_gebied_vlak/132002786","name":"Marinapark Mookerplas","kind":"bungalowpark","source":"PDOK TOP10NL","sourceUrl":"https://api.pdok.nl/kadaster/brt-top10nl/ogc/v1/collections/functioneel_gebied_vlak/items/74ccd072-f6f0-58f6-888e-568d857185cf","sourceDate":"2023-01-01"},"geometry":{"type":"Polygon","coordinates":[[[5.920454749729,51.72815834951733],[5.920429080989968,51.72817352122554],[5.920012381088986,51.72841981075888],[5.919817462472887,51.72854101020155],[5.91978551765726,51.728561937191124],[5.919749898659049,51.72858552353669],[5.91971449821517,51.72860923471847],[5.919679301851727,51.72863307080236],[5.919644338516623,51.728657031656894],[5.919609593735991,51.72868111734826],[5.919575067403899,51.72870531888834],[5.919544362175437,51.72872704915322],[5.919542137681231,51.72872866822951],[5.919412241215143,51.728823206114484],[5.919108130826832,51.72865986104757],[5.919591281403553,51.72832090589021],[5.919311235745008,51.72817337356257],[5.919396795048399,51.72812335289876],[5.919675623934929,51.72826344463956],[5.9201481743270925,51.72793246575498],[5.920454749729,51.72815834951733]]]}},{"type":"Feature","id":"functioneel_gebied_vlak/132002782","properties":{"id":"functioneel_gebied_vlak/132002782","name":"De Toerist","kind":"camping, kampeerterrein","source":"PDOK TOP10NL","sourceUrl":"https://api.pdok.nl/kadaster/brt-top10nl/ogc/v1/collections/functioneel_gebied_vlak/items/9ed9cb0c-3a6e-5b22-8516-5b179ce3bf50","sourceDate":"2023-01-01"},"geometry":{"type":"Polygon","coordinates":[[[5.717822391139011,51.22357742518842],[5.717822554147283,51.22355634991933],[5.717846765730384,51.22336806563596],[5.717920809846108,51.22279224857768],[5.719538893505781,51.22292798209465],[5.7195910159244185,51.22293235434875],[5.7196479223193375,51.2229371263749],[5.719655097724585,51.222955425019585],[5.719676684038816,51.22300478367717],[5.71973378764285,51.22313743877677],[5.719799402469945,51.22336249177775],[5.7198204423700405,51.223434657124095],[5.719839897166372,51.22369337103957],[5.719799429943449,51.22393430587435],[5.719811182275462,51.223938227301744],[5.719790333595201,51.22398475010175],[5.719774788770199,51.224026367807326],[5.719748627998653,51.22409642050992],[5.719717824481864,51.2241618932639],[5.719677308870469,51.224228454508896],[5.71961417094373,51.22432600197898],[5.719581253867519,51.22431715228945],[5.719568553061944,51.22433446511975],[5.719567291491524,51.22433618559173],[5.71955553466629,51.22433363044741],[5.719545670380728,51.22433148337338],[5.719512378537584,51.22432425272248],[5.719501695960382,51.22432178438936],[5.71929682725742,51.22427740817181],[5.718066843471404,51.22401020179513],[5.718219628966902,51.223595967112615],[5.717822391139011,51.22357742518842]]]}},{"type":"Feature","id":"functioneel_gebied_vlak/131216937","properties":{"id":"functioneel_gebied_vlak/131216937","name":"Schuttersoord","kind":"bungalowpark","source":"PDOK TOP10NL","sourceUrl":"https://api.pdok.nl/kadaster/brt-top10nl/ogc/v1/collections/functioneel_gebied_vlak/items/f447876e-7f94-552f-9f82-bd790a157bdc","sourceDate":"2019-01-01"},"geometry":{"type":"Polygon","coordinates":[[[5.905381648204853,51.7632416768988],[5.905781293356204,51.76299911207473],[5.9056119483001766,51.762854194781276],[5.905361608916115,51.762748281954174],[5.905613733326264,51.76259258132613],[5.90629707067885,51.762857106326265],[5.906362779368191,51.76277914194429],[5.906395219925408,51.76274665386183],[5.9069447249589935,51.76293450056501],[5.907071061053303,51.76308852517641],[5.9073264028753805,51.7632122488834],[5.906960881159635,51.76350520536837],[5.906917970815047,51.76352323247146],[5.906787767442455,51.76344949013571],[5.90626479706658,51.76379962524425],[5.905381648204853,51.7632416768988]]]}},{"type":"Feature","id":"functioneel_gebied_vlak/131216966","properties":{"id":"functioneel_gebied_vlak/131216966","name":"De Niers","kind":"camping, kampeerterrein","source":"PDOK TOP10NL","sourceUrl":"https://api.pdok.nl/kadaster/brt-top10nl/ogc/v1/collections/functioneel_gebied_vlak/items/4e783160-86d0-5a9b-bbd5-0c78042f0a37","sourceDate":"2019-01-01"},"geometry":{"type":"Polygon","coordinates":[[[6.023544532220373,51.70961413356331],[6.02373271784448,51.710342653005505],[6.023681973852841,51.71034924500661],[6.023581972057011,51.710375498883884],[6.023581286162052,51.71041927202391],[6.02246088291134,51.71045851481216],[6.022373804008031,51.70968838924127],[6.023544532220373,51.70961413356331]]]}},{"type":"Feature","id":"functioneel_gebied_vlak/132652714","properties":{"id":"functioneel_gebied_vlak/132652714","name":"De Sleng","kind":"camping, kampeerterrein","source":"PDOK TOP10NL","sourceUrl":"https://api.pdok.nl/kadaster/brt-top10nl/ogc/v1/collections/functioneel_gebied_vlak/items/ae78b01c-0c3c-5306-ac9f-c613f22f12b1","sourceDate":"2025-01-01"},"geometry":{"type":"Polygon","coordinates":[[[5.959737535657785,51.43555625992141],[5.95966247225598,51.435997514177934],[5.959083684612458,51.43598967565248],[5.958285814295278,51.43598011192289],[5.95830965738641,51.43553603530465],[5.958457361113324,51.4346327671532],[5.958877727995091,51.43463706534754],[5.959160995461681,51.434639960459165],[5.9593033750482025,51.43464153612133],[5.959370802747754,51.43464221201026],[5.959890668748491,51.43464783054826],[5.959877905966282,51.43472624016025],[5.959737535657785,51.43555625992141]]]}},{"type":"Feature","id":"functioneel_gebied_vlak/132652715","properties":{"id":"functioneel_gebied_vlak/132652715","name":"Kasteel Bie de Buren","kind":"camping, kampeerterrein","source":"PDOK TOP10NL","sourceUrl":"https://api.pdok.nl/kadaster/brt-top10nl/ogc/v1/collections/functioneel_gebied_vlak/items/03224ec4-9c21-502a-888d-757d833d2e4c","sourceDate":"2025-01-01"},"geometry":{"type":"Polygon","coordinates":[[[5.88298418755936,51.217598181598746],[5.883002520272964,51.21758473695682],[5.883140085741891,51.217509596487766],[5.88350421093539,51.217310179521974],[5.883504538074374,51.217309989359045],[5.883521899901396,51.21729943421144],[5.8836813982491085,51.217202491311845],[5.883931178614483,51.21706300467083],[5.884113519685634,51.21696880407958],[5.884461817203834,51.21678884974417],[5.884634372253384,51.21669389016544],[5.8847546714821695,51.216626518926866],[5.884857269377095,51.21656906053814],[5.8849714294638735,51.2165046429161],[5.885138372838315,51.216624876472025],[5.8855838915423915,51.21694573751295],[5.885656836565565,51.21699827109366],[5.885684591877094,51.21701826026062],[5.886208153406239,51.217395327837075],[5.8861165006812515,51.21744073747813],[5.886082970455253,51.217456989428335],[5.8854311254739615,51.217772813294616],[5.885091400433881,51.2179436157081],[5.884735284215115,51.21812265590605],[5.884716863492514,51.21813192136494],[5.884544568582743,51.21821893600211],[5.884324448661829,51.21833010293322],[5.884045530026847,51.218147672787346],[5.884033825511419,51.21813876986329],[5.883712658126683,51.21827219122197],[5.883705665366916,51.2182750964004],[5.883622233409802,51.218191503689575],[5.88298418755936,51.217598181598746]]]}},{"type":"Feature","id":"functioneel_gebied_vlak/132652718","properties":{"id":"functioneel_gebied_vlak/132652718","name":"De Boskant","kind":"camping, kampeerterrein","source":"PDOK TOP10NL","sourceUrl":"https://api.pdok.nl/kadaster/brt-top10nl/ogc/v1/collections/functioneel_gebied_vlak/items/b07d1760-5ad5-5eec-bb08-25c405683437","sourceDate":"2025-01-01"},"geometry":{"type":"Polygon","coordinates":[[[5.737987853223232,50.912702544279114],[5.737468691102786,50.91092377635579],[5.737424315870532,50.91092554669488],[5.737305272136041,50.91093166892949],[5.737302929484695,50.910932107485145],[5.737134061948011,50.91093772415009],[5.737094403610524,50.91083009471196],[5.737046166709064,50.91069921906108],[5.737039304901263,50.910686790250026],[5.737317843325234,50.9106748282679],[5.737352211096655,50.91067334894064],[5.737374597095627,50.91067239127534],[5.737563055886456,50.910670517202526],[5.737608710113297,50.91066869799078],[5.737904799998646,50.91065575557135],[5.73983744561209,50.910579613741184],[5.74010552556931,50.91152214063764],[5.740326956248804,50.91229411064406],[5.74036372026528,50.91251680507615],[5.7403565446755564,50.91261234253033],[5.737987853223232,50.912702544279114]]]}},{"type":"Feature","id":"functioneel_gebied_vlak/129020740","properties":{"id":"functioneel_gebied_vlak/129020740","name":"Oosterberg","kind":"camping, kampeerterrein","source":"PDOK TOP10NL","sourceUrl":"https://api.pdok.nl/kadaster/brt-top10nl/ogc/v1/collections/functioneel_gebied_vlak/items/9811dfc8-2652-5e4f-8f8a-293a228ae86b","sourceDate":"2019-01-01"},"geometry":{"type":"Polygon","coordinates":[[[5.8952897015712455,50.76970485768792],[5.8974137378913625,50.77002316242441],[5.897425999555093,50.77004513109598],[5.897532464143772,50.770235765030954],[5.8975541290535345,50.770309800920366],[5.897570305788809,50.77039134884609],[5.897573276802337,50.77041533614234],[5.897575564589013,50.7704339061371],[5.897581320438029,50.770480416357614],[5.8975826584533895,50.770491242097435],[5.897585847104734,50.770671770575994],[5.897548526011992,50.77098414794809],[5.897547583291503,50.77113056374376],[5.897561691785728,50.77128058047878],[5.897578040789256,50.771887314651416],[5.897592326179727,50.772280427132486],[5.897599249362719,50.772389279388804],[5.897584892062516,50.77237274931027],[5.89743399404882,50.7723470968111],[5.897135397156051,50.77229662204881],[5.897098076261446,50.77229048566968],[5.897084286847339,50.77228821844691],[5.8968252425344545,50.772245667194014],[5.896522449088681,50.772200189240145],[5.896172762275042,50.772144256395656],[5.895901983281696,50.77209532773037],[5.895721395676346,50.772068958868545],[5.895627083290483,50.77205319423181],[5.895441565603437,50.77201670713804],[5.895061519105668,50.771964805789324],[5.894671013217572,50.77188966785406],[5.894553196275408,50.77186330884621],[5.894402048372366,50.77184821547468],[5.894453692453115,50.77173295726421],[5.894454762842069,50.77172972553632],[5.894468812573653,50.771687147301485],[5.894380880148904,50.77165448982529],[5.893364650408796,50.771461645069344],[5.894240331193107,50.76928989571493],[5.895199827504589,50.769695266541554],[5.895226080328933,50.76968369911531],[5.8952897015712455,50.76970485768792]]]}},{"type":"Feature","id":"functioneel_gebied_vlak/130587440","properties":{"id":"functioneel_gebied_vlak/130587440","name":"De Verloren Kost","kind":"camping, kampeerterrein","source":"PDOK TOP10NL","sourceUrl":"https://api.pdok.nl/kadaster/brt-top10nl/ogc/v1/collections/functioneel_gebied_vlak/items/145b2019-11c1-5135-8686-f5d4e11a395a","sourceDate":"2019-01-01"},"geometry":{"type":"Polygon","coordinates":[[[5.897699281828906,50.802773181351995],[5.898997357584428,50.80370540763951],[5.898940745948348,50.80373048548581],[5.8993283929790845,50.80399751757554],[5.899553709278116,50.80387359809182],[5.900147417409677,50.80423980611491],[5.9001331805923645,50.804254969648674],[5.900096909756963,50.804293594425346],[5.900092549360836,50.80429823410712],[5.900066558605989,50.80432876811234],[5.900044992891261,50.80435409584194],[5.900030363575515,50.80437129541457],[5.9000132713525035,50.80439981512774],[5.899915111482879,50.804636669026245],[5.899890875974368,50.80469514629066],[5.899888720324003,50.80470033348893],[5.899892677946401,50.804717017356786],[5.8998971204104205,50.8047737447765],[5.899899587057875,50.80482368533474],[5.899904212639649,50.80488928402],[5.899913044638082,50.804937578304816],[5.899933333961323,50.805040672192405],[5.899962137164045,50.80519278088592],[5.899986575474607,50.805304171104694],[5.900013948466864,50.80545262764217],[5.899223331929213,50.804884548196426],[5.898954622072904,50.804778701733525],[5.898801899962452,50.804659450541656],[5.898586269352231,50.80442678804438],[5.897085542372999,50.803105131505234],[5.897699281828906,50.802773181351995]]]}},{"type":"Feature","id":"functioneel_gebied_vlak/131049574","properties":{"id":"functioneel_gebied_vlak/131049574","name":"'t Heike","kind":"camping, kampeerterrein","source":"PDOK TOP10NL","sourceUrl":"https://api.pdok.nl/kadaster/brt-top10nl/ogc/v1/collections/functioneel_gebied_vlak/items/01309a5d-add3-5f1b-8625-b41ff0606fdc","sourceDate":"2019-01-01"},"geometry":{"type":"Polygon","coordinates":[[[6.14832679754807,51.46227534508275],[6.148252712708185,51.46224327036775],[6.148166507701895,51.462265208623805],[6.147552152419528,51.46247417304262],[6.147474268403628,51.46250066789269],[6.1474097488099035,51.46252260806021],[6.146971088863683,51.46267180695889],[6.146821807565172,51.462630683806125],[6.147311007989893,51.461770576456246],[6.14762678160695,51.4620486690909],[6.147901665538596,51.46195237542307],[6.148218737648527,51.46184129762042],[6.148470602475875,51.46207158800321],[6.148979561220497,51.46163425859688],[6.1490959978909965,51.46168710843185],[6.149387377165216,51.461453864102644],[6.149619782472956,51.46126781023242],[6.150123821142342,51.46150408003013],[6.14992918368949,51.46158826066846],[6.149607574393739,51.461764139617074],[6.149462168241731,51.461848760064456],[6.149322505221236,51.46196874145286],[6.1491173039591445,51.462174429922825],[6.149062067602988,51.46226006984891],[6.148892229940329,51.462505592538385],[6.14832679754807,51.46227534508275]]]}},{"type":"Feature","id":"functioneel_gebied_vlak/132312917","properties":{"id":"functioneel_gebied_vlak/132312917","name":"Onder en Eind","kind":"camping, kampeerterrein","source":"PDOK TOP10NL","sourceUrl":"https://api.pdok.nl/kadaster/brt-top10nl/ogc/v1/collections/functioneel_gebied_vlak/items/a69d5199-5ab9-5d18-bea6-eb9a44571fe8","sourceDate":"2023-01-01"},"geometry":{"type":"Polygon","coordinates":[[[6.011905457475935,51.326073903256415],[6.012027373757403,51.32609262829085],[6.011973327798456,51.326211776956086],[6.011803819624213,51.326181033261236],[6.011719947024192,51.326381087871376],[6.0116454982472485,51.32636533785547],[6.011647321286134,51.32634788669781],[6.011637875184912,51.3263356640506],[6.011269841470462,51.326263350362275],[6.01135513426096,51.32609171154572],[6.011498429335841,51.325788629743236],[6.011697831616142,51.32536638874931],[6.0118790792790495,51.32497395889639],[6.011949322884098,51.324983917709915],[6.01194726741095,51.32490899623528],[6.012200574466575,51.32488567426767],[6.01198255405294,51.325378426524786],[6.011820345950518,51.325730704122755],[6.012039117277063,51.325745033709374],[6.011905457475935,51.326073903256415]]]}},{"type":"Feature","id":"functioneel_gebied_vlak/129022617","properties":{"id":"functioneel_gebied_vlak/129022617","name":"'t Zwammetje","kind":"camping, kampeerterrein","source":"PDOK TOP10NL","sourceUrl":"https://api.pdok.nl/kadaster/brt-top10nl/ogc/v1/collections/functioneel_gebied_vlak/items/015b75df-36a0-5851-9e96-3568236ceb29","sourceDate":"2020-07-01"},"geometry":{"type":"Polygon","coordinates":[[[5.953548360668562,51.716621340186705],[5.953368644341166,51.71667769614638],[5.953327167389642,51.7166450790597],[5.953025571066065,51.71615203448092],[5.952988499482574,51.71593502003214],[5.953421267149981,51.71588393686504],[5.953448037090728,51.71588142880712],[5.953470766303966,51.71592317628869],[5.9535960897510805,51.715902592941866],[5.9536127715876965,51.71593375740625],[5.953710521719178,51.71592424930241],[5.9539045211926505,51.715906295156174],[5.954212965356056,51.71587886089918],[5.954395533216876,51.716160688183585],[5.954458193391125,51.71613895122797],[5.954531264950452,51.71630708184524],[5.954454864514522,51.716329099998006],[5.954142975421846,51.716418977806185],[5.954153509011725,51.71643157385726],[5.95394754604295,51.71649615655395],[5.953548360668562,51.716621340186705]]]}},{"type":"Feature","id":"functioneel_gebied_vlak/132307945","properties":{"id":"functioneel_gebied_vlak/132307945","name":"De Kalverliefde","kind":"camping, kampeerterrein","source":"PDOK TOP10NL","sourceUrl":"https://api.pdok.nl/kadaster/brt-top10nl/ogc/v1/collections/functioneel_gebied_vlak/items/dc4d0862-6dca-543f-9795-a88bdb856e3d","sourceDate":"2024-01-01"},"geometry":{"type":"Polygon","coordinates":[[[5.683341322580266,51.18605346908972],[5.684661596312776,51.18586458794598],[5.685804857104106,51.18569184326753],[5.686231989389257,51.18588105155931],[5.686259688731098,51.18578932423159],[5.686488893112854,51.185422001284216],[5.686814108212384,51.18544633795492],[5.68691685227453,51.18545402675923],[5.688335603858136,51.1855798104382],[5.68818958640921,51.18577798142035],[5.688183111042631,51.18581166519775],[5.688144805474352,51.185842528093616],[5.687898285314346,51.18602603155467],[5.687756662865832,51.186121937377486],[5.687694893767282,51.18616376764172],[5.687346578942519,51.18637157948153],[5.686673131042874,51.1861664073757],[5.686395849345912,51.18612573943379],[5.686118299255477,51.18604368989366],[5.685593996349918,51.186785448098206],[5.684249280578274,51.1863593769202],[5.683614493559879,51.18616122249276],[5.683341322580266,51.18605346908972]]]}},{"type":"Feature","id":"functioneel_gebied_vlak/131803663","properties":{"id":"functioneel_gebied_vlak/131803663","name":"De Okkernoot","kind":"camping, kampeerterrein","source":"PDOK TOP10NL","sourceUrl":"https://api.pdok.nl/kadaster/brt-top10nl/ogc/v1/collections/functioneel_gebied_vlak/items/8ac1538b-f968-51fa-8a45-ee9646c843d7","sourceDate":"2021-01-01"},"geometry":{"type":"Polygon","coordinates":[[[6.121080294860841,51.48983959674749],[6.120725526065589,51.4893568012999],[6.121864992572302,51.488685663849715],[6.121397587384138,51.48823418754588],[6.121846003573805,51.48797707910168],[6.122306020524288,51.48843801835847],[6.1227688270462215,51.48883772060446],[6.121080294860841,51.48983959674749]]]}},{"type":"Feature","id":"functioneel_gebied_vlak/131803664","properties":{"id":"functioneel_gebied_vlak/131803664","name":"De Reulsberg","kind":"camping, kampeerterrein","source":"PDOK TOP10NL","sourceUrl":"https://api.pdok.nl/kadaster/brt-top10nl/ogc/v1/collections/functioneel_gebied_vlak/items/16e43725-57a9-569c-8921-a41cc0be77d5","sourceDate":"2021-01-01"},"geometry":{"type":"Polygon","coordinates":[[[6.080312309759829,51.43810436485651],[6.082265587155626,51.436601600892566],[6.0823162151898496,51.43667444880215],[6.084044706811544,51.43814119749096],[6.0841187059193125,51.438270174597214],[6.083802647462171,51.438502767596596],[6.083286625777046,51.43831734771866],[6.082770798740634,51.438734005490055],[6.0823443748461825,51.43851991257917],[6.0818238638979425,51.43892533988712],[6.080312309759829,51.43810436485651]]]}},{"type":"Feature","id":"functioneel_gebied_vlak/131803670","properties":{"id":"functioneel_gebied_vlak/131803670","name":"De Torenvalk","kind":"camping, kampeerterrein","source":"PDOK TOP10NL","sourceUrl":"https://api.pdok.nl/kadaster/brt-top10nl/ogc/v1/collections/functioneel_gebied_vlak/items/225f6720-bbfd-57c7-8b82-ce14edf3f392","sourceDate":"2021-01-01"},"geometry":{"type":"Polygon","coordinates":[[[5.927573529192795,51.35751474358716],[5.929083338186366,51.357842339644506],[5.928977380841426,51.358836736492464],[5.928770673527593,51.358783819881666],[5.928878386813687,51.35850967611108],[5.928178881421252,51.358339950478516],[5.928180725275237,51.35830449642977],[5.927908319082416,51.358249047386586],[5.927487198090978,51.358448080751806],[5.927573529192795,51.35751474358716]]]}},{"type":"Feature","id":"functioneel_gebied_vlak/131803672","properties":{"id":"functioneel_gebied_vlak/131803672","name":"Ittervoort","kind":"camping, kampeerterrein","source":"PDOK TOP10NL","sourceUrl":"https://api.pdok.nl/kadaster/brt-top10nl/ogc/v1/collections/functioneel_gebied_vlak/items/ce8a9d66-1a13-5568-9191-9d9c99c4a63a","sourceDate":"2021-01-01"},"geometry":{"type":"Polygon","coordinates":[[[5.822199734634172,51.17583108239239],[5.821650775663174,51.177791673735555],[5.821457475780728,51.17775672125683],[5.821542808137816,51.17717847331382],[5.821494298462107,51.17685044815],[5.821476022818596,51.17668639944708],[5.821465216305926,51.176601345061584],[5.821470664695249,51.176433700336815],[5.8214881865384,51.17629368719733],[5.821600727449997,51.175965963895024],[5.82167563914556,51.17578833682896],[5.822199734634172,51.17583108239239]]]}},{"type":"Feature","id":"functioneel_gebied_vlak/129021847","properties":{"id":"functioneel_gebied_vlak/129021847","name":"De Gele Anemoon","kind":"camping, kampeerterrein","source":"PDOK TOP10NL","sourceUrl":"https://api.pdok.nl/kadaster/brt-top10nl/ogc/v1/collections/functioneel_gebied_vlak/items/67b42fc2-e206-52f8-96ab-d7a6c3e0cf82","sourceDate":"2021-01-01"},"geometry":{"type":"Polygon","coordinates":[[[5.877621229423368,50.84136705033149],[5.877765665727697,50.84126761202569],[5.878153042860008,50.841088442184116],[5.878533582920668,50.84090875181927],[5.878550939094486,50.84090145980896],[5.879235443714219,50.840613881790084],[5.87945117585723,50.840495026915136],[5.879576129152577,50.84043714451964],[5.879544308719097,50.8406384529487],[5.87953625131554,50.8406617686937],[5.87948545302815,50.84090083073502],[5.879483057182547,50.84094126426544],[5.87947236005275,50.84099542337274],[5.879462374127067,50.84102698122323],[5.879428996232936,50.8410669536108],[5.879393730303844,50.84110694302861],[5.879354874264614,50.84116180647944],[5.879340290359568,50.84120290322362],[5.879319885909409,50.841227961527245],[5.879207157936068,50.84131167978315],[5.879144839469439,50.84133358181045],[5.87911641009788,50.84134358183192],[5.879069682694829,50.84136577692924],[5.879026769362522,50.8413915333582],[5.878984936225742,50.84143213491561],[5.878979615726987,50.84146189303397],[5.87898089950173,50.841494589367606],[5.878977311653205,50.841504330698925],[5.878962641358596,50.841544016498055],[5.878950918164925,50.84158984717088],[5.87889985885112,50.84164536471784],[5.87883270409787,50.84168786288701],[5.878745759766543,50.84172509686892],[5.8786126970616825,50.841825989134435],[5.878539330504904,50.84189459951427],[5.878527926871142,50.84190096728934],[5.878519286738088,50.84190955255984],[5.878507466924315,50.84191683897741],[5.878505280786619,50.841918196625414],[5.878428817067977,50.841962505005895],[5.878389667531762,50.84198581816244],[5.87835341010975,50.842007411098606],[5.878292649379752,50.84203442973849],[5.87812863731894,50.84208723638808],[5.8781185150118365,50.842089931180865],[5.87737284748557,50.841590402156164],[5.877561382302006,50.84142269451254],[5.877621229423368,50.84136705033149]]]}},{"type":"Feature","id":"functioneel_gebied_vlak/131803613","properties":{"id":"functioneel_gebied_vlak/131803613","name":"De Puthof","kind":"camping, kampeerterrein","source":"PDOK TOP10NL","sourceUrl":"https://api.pdok.nl/kadaster/brt-top10nl/ogc/v1/collections/functioneel_gebied_vlak/items/55ccbb11-fb31-5fad-96e5-00888aa4834d","sourceDate":"2021-01-01"},"geometry":{"type":"Polygon","coordinates":[[[5.834532960591158,50.79690788134453],[5.834518105879071,50.7966897492536],[5.834483082262167,50.79638899032961],[5.834597785653086,50.7964383175746],[5.834766097197587,50.79649422463694],[5.834920000012941,50.796536612918246],[5.835224956206148,50.79660940755581],[5.8353866597974395,50.79664786373794],[5.835610410810206,50.79670794877062],[5.835837932780574,50.79679274728565],[5.835930016572071,50.79682722149913],[5.835993923513334,50.79685927031095],[5.836054522757186,50.79689246455558],[5.83611003052252,50.7969256785689],[5.836154633702625,50.79695471915476],[5.836478625095351,50.797235225889324],[5.835991878340172,50.797491443408695],[5.83661705771904,50.79792730277347],[5.8360360129078455,50.798255484493666],[5.83579932758633,50.79802017522029],[5.835515913940436,50.79777790074731],[5.835244650560608,50.797565682377204],[5.834929921202077,50.79736116470105],[5.834730076122405,50.79716372456085],[5.834532960591158,50.79690788134453]]]}},{"type":"Feature","id":"functioneel_gebied_vlak/129021308","properties":{"id":"functioneel_gebied_vlak/129021308","name":"Pepinushof","kind":"camping, kampeerterrein","source":"PDOK TOP10NL","sourceUrl":"https://api.pdok.nl/kadaster/brt-top10nl/ogc/v1/collections/functioneel_gebied_vlak/items/49dadb98-7d49-5185-b54d-61e51fecd5c1","sourceDate":"2021-01-01"},"geometry":{"type":"Polygon","coordinates":[[[5.924912705689644,51.092797451455134],[5.924864995704817,51.09277135299443],[5.9243590846166345,51.09233846124018],[5.925046840417298,51.09195913285325],[5.925405433551779,51.09225315693928],[5.925592435770095,51.09215393413051],[5.925541838130733,51.092108309620905],[5.92585088856648,51.091949624757824],[5.925904206895179,51.091988507703796],[5.926168726699686,51.09218140975739],[5.926376595357108,51.09234827292422],[5.926650730276278,51.092585609900404],[5.926817810142778,51.09273026265716],[5.925899474328305,51.093171936968865],[5.925593616838831,51.09305588171809],[5.924941053294985,51.092808266319025],[5.924912705689644,51.092797451455134]]]}},{"type":"Feature","id":"functioneel_gebied_vlak/129023037","properties":{"id":"functioneel_gebied_vlak/129023037","name":"Oergezellig","kind":"camping, kampeerterrein","source":"PDOK TOP10NL","sourceUrl":"https://api.pdok.nl/kadaster/brt-top10nl/ogc/v1/collections/functioneel_gebied_vlak/items/5ae27c46-dbf9-515a-9b75-f75f04a746c8","sourceDate":"2021-01-01"},"geometry":{"type":"Polygon","coordinates":[[[5.73371684891422,51.1946042485997],[5.733309838990993,51.19457229356489],[5.7331906006233995,51.194976165481044],[5.733124426986275,51.1949730547202],[5.732774642071837,51.19495309819097],[5.7325011968514294,51.19492601025651],[5.732498976726589,51.19427961363657],[5.732498963853109,51.19427410353502],[5.732560691875489,51.193679382183966],[5.7325611322675005,51.19367517411174],[5.733974581956615,51.193732194022026],[5.733800359600805,51.19432139123583],[5.73371684891422,51.1946042485997]]]}},{"type":"Feature","id":"functioneel_gebied_vlak/131803678","properties":{"id":"functioneel_gebied_vlak/131803678","name":"Maasvogels","kind":"camping, kampeerterrein","source":"PDOK TOP10NL","sourceUrl":"https://api.pdok.nl/kadaster/brt-top10nl/ogc/v1/collections/functioneel_gebied_vlak/items/4f391eac-0371-582d-a0eb-3bd77d44da2f","sourceDate":"2021-01-01"},"geometry":{"type":"Polygon","coordinates":[[[5.701074708606989,50.82991915035805],[5.7010352921051695,50.830080240166126],[5.701026646574525,50.830115599130686],[5.70100761283956,50.83016372361745],[5.701004425996789,50.83017177904925],[5.70030059482878,50.83012856694415],[5.700402644356979,50.829469387758394],[5.70043247988427,50.82927014815044],[5.700517641585157,50.82869966853589],[5.7009171167663615,50.82866002681127],[5.7009586569400295,50.82865590441577],[5.700999823025106,50.82865181953871],[5.70103404106781,50.82864842375219],[5.70108955163973,50.828587235910454],[5.701357378457801,50.82829201507371],[5.7015799104599925,50.82825713514244],[5.701987204394389,50.828193292716925],[5.701801853474489,50.82859970158267],[5.701625577400817,50.828969752205616],[5.701352586863863,50.82954283780307],[5.70140190181075,50.829548231931916],[5.701359919916595,50.82965310306212],[5.701304639357492,50.82964705994839],[5.701074708606989,50.82991915035805]]]}},{"type":"Feature","id":"functioneel_gebied_vlak/129019679","properties":{"id":"functioneel_gebied_vlak/129019679","name":"De Riet","kind":"camping, kampeerterrein","source":"PDOK TOP10NL","sourceUrl":"https://api.pdok.nl/kadaster/brt-top10nl/ogc/v1/collections/functioneel_gebied_vlak/items/b99849ec-5d2d-5ebc-9e8d-f2480556d0a5","sourceDate":"2021-01-01"},"geometry":{"type":"Polygon","coordinates":[[[5.797492809150819,51.28258447057144],[5.797595406736557,51.28236476397565],[5.797958373580874,51.28247751082687],[5.798066991124741,51.28229398812188],[5.798551174853722,51.28246431751707],[5.798454904058598,51.282635554714645],[5.798321176672911,51.28287346897973],[5.797492809150819,51.28258447057144]]]}},{"type":"Feature","id":"functioneel_gebied_vlak/131803615","properties":{"id":"functioneel_gebied_vlak/131803615","name":"Lemmenhof","kind":"camping, kampeerterrein","source":"PDOK TOP10NL","sourceUrl":"https://api.pdok.nl/kadaster/brt-top10nl/ogc/v1/collections/functioneel_gebied_vlak/items/a99239a9-3db5-5294-90c0-64225a2b47f5","sourceDate":"2021-01-01"},"geometry":{"type":"Polygon","coordinates":[[[5.799998928976896,51.226112447247374],[5.799552003622704,51.226008342084945],[5.798629281632416,51.22579338890941],[5.797843854047637,51.22560885624535],[5.798082097942417,51.225286959981176],[5.798030283812391,51.22527341712531],[5.798055992963153,51.22523016184734],[5.798269237469151,51.22487138241742],[5.798282000149456,51.22484990788724],[5.798430917068391,51.224702638361165],[5.798469029547492,51.22471920481535],[5.798953681117716,51.22425036607794],[5.7992662706639075,51.2243577808708],[5.799255268264289,51.224449200458],[5.799239191543981,51.22458286761827],[5.799530401698152,51.22482604410428],[5.799947962649458,51.22522351460558],[5.800109041300331,51.2255352421716],[5.800180065904319,51.22575036266455],[5.800204388634946,51.22582401514244],[5.800234283717565,51.22591454010878],[5.801445096497055,51.22616988489372],[5.801257445649808,51.226386815827354],[5.801227081923308,51.2264280063299],[5.800001080865408,51.22611295197251],[5.799998928976896,51.226112447247374]]]}},{"type":"Feature","id":"functioneel_gebied_vlak/129020255","properties":{"id":"functioneel_gebied_vlak/129020255","name":"De Kaaiewaaier","kind":"camping, kampeerterrein","source":"PDOK TOP10NL","sourceUrl":"https://api.pdok.nl/kadaster/brt-top10nl/ogc/v1/collections/functioneel_gebied_vlak/items/32fb9383-4f61-57dd-9f09-86d0df0d08c2","sourceDate":"2021-01-01"},"geometry":{"type":"Polygon","coordinates":[[[5.79078480373764,51.29581984914928],[5.7905569897604625,51.29567773390879],[5.790738429317659,51.29560785417992],[5.790740961724943,51.29557709776173],[5.790787942455434,51.29509770428056],[5.790962676610084,51.2950830145509],[5.792443156666301,51.29495902414391],[5.792540872171191,51.295399795652926],[5.79084899464113,51.295860696672534],[5.79078480373764,51.29581984914928]]]}},{"type":"Feature","id":"functioneel_gebied_vlak/129020805","properties":{"id":"functioneel_gebied_vlak/129020805","name":"Knienseerd","kind":"camping, kampeerterrein","source":"PDOK TOP10NL","sourceUrl":"https://api.pdok.nl/kadaster/brt-top10nl/ogc/v1/collections/functioneel_gebied_vlak/items/847fe20e-d1c8-51c6-ae43-26da33023d07","sourceDate":"2021-01-01"},"geometry":{"type":"Polygon","coordinates":[[[5.850078783622014,51.219249039753905],[5.850138292319719,51.21915482426178],[5.850220973666332,51.219139273010654],[5.850276991516155,51.219136195997635],[5.8504455083187645,51.21917262640284],[5.850492327358721,51.219179311322264],[5.850542973264132,51.21908783657668],[5.8507725609015315,51.2191344907081],[5.850888258599303,51.21915305888875],[5.850973475395027,51.21915390561031],[5.851305471923691,51.219215611099834],[5.851384561002218,51.21917248146099],[5.851471006965927,51.219106733369685],[5.851520122751338,51.2190663750104],[5.851527261298367,51.21906881844741],[5.851604084709065,51.21909313220036],[5.851983368270427,51.21923901643874],[5.8517431698788025,51.21979087699816],[5.851623236135791,51.220066397427544],[5.851561799895109,51.220207525297404],[5.851539642328112,51.22025840986689],[5.850996434148932,51.220093114869336],[5.8508784832954035,51.220057225234434],[5.850633723281807,51.21998274829167],[5.850110378501358,51.219823491434944],[5.8503975169757405,51.219338958254724],[5.8503547304618655,51.21933376174856],[5.850344309872216,51.21935187817813],[5.850209185715052,51.219321973747064],[5.850227684647999,51.21928739576192],[5.850078783622014,51.219249039753905]]]}},{"type":"Feature","id":"functioneel_gebied_vlak/129021354","properties":{"id":"functioneel_gebied_vlak/129021354","name":"Boschheide","kind":"camping, kampeerterrein","source":"PDOK TOP10NL","sourceUrl":"https://api.pdok.nl/kadaster/brt-top10nl/ogc/v1/collections/functioneel_gebied_vlak/items/be73808b-b03f-521f-8268-7d22fbf34708","sourceDate":"2021-01-01"},"geometry":{"type":"Polygon","coordinates":[[[6.061464731928446,51.24397736520027],[6.0618336066653695,51.244009055556255],[6.06174541742326,51.24433357678923],[6.0617353547049735,51.24437073745072],[6.061562852781587,51.24490544122774],[6.061497530134212,51.24489713658546],[6.061276726930622,51.24486787805322],[6.061264946611296,51.24486631819478],[6.060330582567004,51.24474251443155],[6.060291454271156,51.24473732669519],[6.060198655045263,51.244725019550835],[6.060251612176438,51.244651604599],[6.060288611262557,51.24460032368877],[6.0603300315971405,51.244542913612825],[6.060366876019343,51.24449184031978],[6.060409418957541,51.244432868610936],[6.060455316249846,51.24436923911843],[6.060557048068879,51.24422822323128],[6.0605692571545005,51.244135133887156],[6.060561818383424,51.24406163757364],[6.060536151240398,51.24400394168031],[6.060533351790968,51.2439849640349],[6.0605084741167445,51.243895217615126],[6.060476300356663,51.24383817063687],[6.0603183132149745,51.243482676846455],[6.060447839323272,51.243480130912005],[6.060449747878587,51.24349878954974],[6.060577003308516,51.24358939156491],[6.060639764875295,51.243605676962794],[6.061444589456228,51.24370803922807],[6.061531213112874,51.243705843080285],[6.061464731928446,51.24397736520027]]]}},{"type":"Feature","id":"functioneel_gebied_vlak/129022516","properties":{"id":"functioneel_gebied_vlak/129022516","name":"Heide 6","kind":"bungalowpark","source":"PDOK TOP10NL","sourceUrl":"https://api.pdok.nl/kadaster/brt-top10nl/ogc/v1/collections/functioneel_gebied_vlak/items/c98459f5-9f62-57dd-be27-7b6a053cd905","sourceDate":"2021-01-01"},"geometry":{"type":"Polygon","coordinates":[[[5.958939180178488,51.34754642113368],[5.959185315737724,51.346582310473266],[5.959201483048421,51.34651855355944],[5.9622603159301715,51.347551565805475],[5.962550607827225,51.347649567858745],[5.962367880575535,51.347885269876336],[5.962230648956911,51.34806246285368],[5.9621903540522805,51.34811464469518],[5.962189146807094,51.3481145248092],[5.961880459308825,51.34806053248106],[5.961841474219702,51.34805371344023],[5.958939180178488,51.34754642113368]]]}},{"type":"Feature","id":"functioneel_gebied_vlak/129019709","properties":{"id":"functioneel_gebied_vlak/129019709","name":"De Hazenakker","kind":"camping, kampeerterrein","source":"PDOK TOP10NL","sourceUrl":"https://api.pdok.nl/kadaster/brt-top10nl/ogc/v1/collections/functioneel_gebied_vlak/items/86672adc-b05f-5c54-b95a-190197d530d0","sourceDate":"2021-01-01"},"geometry":{"type":"Polygon","coordinates":[[[6.047564626232297,51.301413799640265],[6.046887677908152,51.3010913289936],[6.046960342045123,51.301051890954895],[6.047015600115176,51.30102147815173],[6.04711429919948,51.30096690387648],[6.0474730000419,51.300782294650034],[6.047623939245336,51.30071006590624],[6.0476824452124465,51.300690326768695],[6.047740837044255,51.30070240030344],[6.048128366861088,51.300882740492085],[6.048536802367769,51.30106278985772],[6.048671356768733,51.301118853883985],[6.048707269868498,51.30113447102957],[6.049067654557521,51.30129159376639],[6.049115654736706,51.301311760730016],[6.048833941341981,51.301350464119444],[6.048524651618177,51.301371248285704],[6.047564626232297,51.301413799640265]]]}},{"type":"Feature","id":"functioneel_gebied_vlak/129022524","properties":{"id":"functioneel_gebied_vlak/129022524","name":"Ut Tumpke","kind":"camping, kampeerterrein","source":"PDOK TOP10NL","sourceUrl":"https://api.pdok.nl/kadaster/brt-top10nl/ogc/v1/collections/functioneel_gebied_vlak/items/3d716cbb-c0c2-580b-a7d7-c580e9de5836","sourceDate":"2021-01-01"},"geometry":{"type":"Polygon","coordinates":[[[6.056249049419804,51.309576765521285],[6.054660618698995,51.30939526508294],[6.055030783344299,51.30881913721823],[6.05620200172603,51.308805932612046],[6.056496449556489,51.30880271231049],[6.056506564055166,51.30907238704965],[6.058273959296658,51.309054735331394],[6.058284099601319,51.30914467475373],[6.058333409930492,51.30958260427842],[6.058302497790197,51.30960669318825],[6.056822326971034,51.30962549837478],[6.056721138016288,51.309620219434464],[6.056675620873067,51.30961759568346],[6.056544718724425,51.30961059973753],[6.056526761062173,51.309608545607034],[6.056249049419804,51.309576765521285]]]}},{"type":"Feature","id":"functioneel_gebied_vlak/131803676","properties":{"id":"functioneel_gebied_vlak/131803676","name":"Hoeve De Ploeg","kind":"camping, kampeerterrein","source":"PDOK TOP10NL","sourceUrl":"https://api.pdok.nl/kadaster/brt-top10nl/ogc/v1/collections/functioneel_gebied_vlak/items/6c50510f-6723-5560-a965-708563b807e6","sourceDate":"2021-01-01"},"geometry":{"type":"Polygon","coordinates":[[[5.682371743467905,50.87205226782331],[5.682989589767719,50.871048218678965],[5.683152897502519,50.871063080744925],[5.6831825525398445,50.87105427608123],[5.683239908903653,50.8709312850987],[5.68346998719978,50.87097310920585],[5.683379540375907,50.871230430474334],[5.684366556870979,50.87139586342331],[5.684292293420259,50.87152009393245],[5.6841410699053645,50.871766228558634],[5.684099630770823,50.87175760621756],[5.6839587191687135,50.871957384925395],[5.683885764179956,50.872013067744945],[5.683786594759459,50.87208875676267],[5.6836902009620855,50.87211782061093],[5.683494558728052,50.87227220764202],[5.682371743467905,50.87205226782331]]]}},{"type":"Feature","id":"functioneel_gebied_vlak/131803677","properties":{"id":"functioneel_gebied_vlak/131803677","name":"Randwijck","kind":"camping, kampeerterrein","source":"PDOK TOP10NL","sourceUrl":"https://api.pdok.nl/kadaster/brt-top10nl/ogc/v1/collections/functioneel_gebied_vlak/items/8d4ab8f9-90d7-5e37-9d51-0b6dda8800b3","sourceDate":"2021-01-01"},"geometry":{"type":"Polygon","coordinates":[[[5.700808204750864,50.83055702724978],[5.700665627243716,50.830856367925094],[5.700598944487871,50.83095684726487],[5.700542567290226,50.83105332551801],[5.700414710274637,50.83124419249681],[5.700213037096929,50.83139183375589],[5.699840089933472,50.831602968501485],[5.699612136897806,50.83171424766143],[5.699345108116797,50.83184459855914],[5.699321962539035,50.831874765000364],[5.6993474216267686,50.83188251661082],[5.699311992088282,50.83195389452046],[5.69931469411096,50.832017888412935],[5.699314708171992,50.83210427200315],[5.699349221259754,50.83233932923155],[5.699351132382461,50.83246500730629],[5.698701614263394,50.83250267055098],[5.698633836343434,50.83197864572341],[5.698569243037329,50.83140658442946],[5.698587025732077,50.83096904526112],[5.698636867800778,50.83033251265197],[5.698744916893228,50.82935853150274],[5.69889443657783,50.82936852852919],[5.700309311249519,50.82946315065382],[5.700402644356979,50.829469387758394],[5.70030059482878,50.83012856694415],[5.701004425996789,50.83017177904925],[5.700872728549982,50.83050469836368],[5.700834332486297,50.83050215982371],[5.700808204750864,50.83055702724978]]]}},{"type":"Feature","id":"functioneel_gebied_vlak/131803679","properties":{"id":"functioneel_gebied_vlak/131803679","name":"Maastricht Marina","kind":"camping, kampeerterrein","source":"PDOK TOP10NL","sourceUrl":"https://api.pdok.nl/kadaster/brt-top10nl/ogc/v1/collections/functioneel_gebied_vlak/items/d36cde3a-8a49-5f2c-8c4b-213128efcf03","sourceDate":"2021-01-01"},"geometry":{"type":"Polygon","coordinates":[[[5.700936620697222,50.82274715829882],[5.699787396938594,50.82483907981747],[5.69998938227855,50.82489061852683],[5.700032350817933,50.824914761093126],[5.700051741140237,50.82495038341581],[5.700036510277393,50.82503033679091],[5.700017630356973,50.825070343688594],[5.699982869395455,50.825093983152854],[5.699902930142627,50.82509990745444],[5.6997035817212485,50.825105441163686],[5.699024241980315,50.825093719787375],[5.699014459343588,50.82464424242337],[5.699195849233686,50.82463413694139],[5.699231043390004,50.824348353527654],[5.699287600222565,50.824228510966385],[5.699693872086147,50.823428055756],[5.70013573657166,50.8225705071619],[5.700936620697222,50.82274715829882]]]}},{"type":"Feature","id":"functioneel_gebied_vlak/131803680","properties":{"id":"functioneel_gebied_vlak/131803680","name":"Aan de Beemden","kind":"camping, kampeerterrein","source":"PDOK TOP10NL","sourceUrl":"https://api.pdok.nl/kadaster/brt-top10nl/ogc/v1/collections/functioneel_gebied_vlak/items/0211c9cb-252a-5e98-a4a4-43699c63d327","sourceDate":"2021-01-01"},"geometry":{"type":"Polygon","coordinates":[[[5.87134097753979,50.89288407107522],[5.87155693536599,50.89292244820449],[5.871805967285982,50.892979171463416],[5.872018513719027,50.8930406693354],[5.872253272376516,50.893129801744244],[5.871584993569612,50.89420708906189],[5.870763582382889,50.89391938008667],[5.871188909948954,50.89336533760544],[5.87120130056769,50.89315269977313],[5.871298684908285,50.89303213439036],[5.87134097753979,50.89288407107522]]]}},{"type":"Feature","id":"functioneel_gebied_vlak/131803681","properties":{"id":"functioneel_gebied_vlak/131803681","name":"De Chever|Gulikers","kind":"camping, kampeerterrein","source":"PDOK TOP10NL","sourceUrl":"https://api.pdok.nl/kadaster/brt-top10nl/ogc/v1/collections/functioneel_gebied_vlak/items/8e9d2df4-75e9-5ea0-a790-d8153d339943","sourceDate":"2021-01-01"},"geometry":{"type":"Polygon","coordinates":[[[5.9163326972677455,50.76476020238187],[5.9161904420363856,50.76452043308501],[5.916546163357452,50.76445220743977],[5.917607377000851,50.764204608339206],[5.917621626601168,50.76422371625108],[5.917646948331785,50.76426293545238],[5.917687974980549,50.76434319783985],[5.917701314615442,50.76438562720526],[5.9177048808571735,50.764419903580325],[5.9177042086540315,50.76442681915573],[5.917699603214887,50.76444551032529],[5.917671506761081,50.76449967189009],[5.917660190799511,50.76450661839743],[5.917616333261261,50.76452351236121],[5.917575193467085,50.764535135298516],[5.917535327650291,50.764545377062305],[5.9171826069621565,50.76460456203945],[5.917053797422912,50.764627922287744],[5.916911489331721,50.76465577587487],[5.916732737053279,50.76469194043441],[5.916605534237962,50.7647207670695],[5.91655416630796,50.76473037808351],[5.916467579149223,50.764745094463706],[5.91637942570565,50.76475544933957],[5.9163326972677455,50.76476020238187]]]}},{"type":"Feature","id":"functioneel_gebied_vlak/131803682","properties":{"id":"functioneel_gebied_vlak/131803682","name":"Paradijsvogels","kind":"camping, kampeerterrein","source":"PDOK TOP10NL","sourceUrl":"https://api.pdok.nl/kadaster/brt-top10nl/ogc/v1/collections/functioneel_gebied_vlak/items/bebc02b7-7d8b-55b7-8d10-82f184ee54da","sourceDate":"2021-01-01"},"geometry":{"type":"Polygon","coordinates":[[[5.939745563839649,50.76551603717193],[5.9398260736235065,50.76548352932916],[5.939862456093886,50.76546192331232],[5.9399025936408805,50.76541530331793],[5.939964248609131,50.76536885895572],[5.940408037155931,50.765038124867615],[5.940456684419302,50.76500752713969],[5.9405652586712385,50.76492830867435],[5.94063919888188,50.764867440745554],[5.940688267653914,50.76480801337248],[5.940693932355706,50.764761234747006],[5.940693624780808,50.764668811953605],[5.940693500773513,50.76463223655659],[5.940752495755873,50.764652933915734],[5.940802006343231,50.76467104296119],[5.940913386504598,50.76470248252685],[5.941075313151873,50.76478776596672],[5.941237160336952,50.76488297335131],[5.9414353183688995,50.764962563220706],[5.941869174717824,50.765074846092304],[5.941965800611649,50.76510142059753],[5.942161484307565,50.765155231848006],[5.9423148456901815,50.765214909284474],[5.942254957371028,50.76524055499804],[5.942218829053759,50.76533551647792],[5.942195558116732,50.76537942469915],[5.942177129044673,50.76540626942235],[5.942366043882276,50.765524277603575],[5.942451375559666,50.76560413570366],[5.942265124460068,50.76570908325982],[5.941380806799965,50.76584711177736],[5.941424163728079,50.76594501008005],[5.940782379696679,50.76598079063999],[5.940753794784496,50.765942279741964],[5.940267226049381,50.7660219073226],[5.940172380423297,50.76593020137516],[5.939745563839649,50.76551603717193]]]}},{"type":"Feature","id":"functioneel_gebied_vlak/129022528","properties":{"id":"functioneel_gebied_vlak/129022528","name":"IndeVerte","kind":"camping, kampeerterrein","source":"PDOK TOP10NL","sourceUrl":"https://api.pdok.nl/kadaster/brt-top10nl/ogc/v1/collections/functioneel_gebied_vlak/items/3b72a0b3-c812-5a8d-979a-a4b8209adee8","sourceDate":"2021-01-01"},"geometry":{"type":"Polygon","coordinates":[[[6.130851931198136,51.45140787419392],[6.130853988155777,51.45140256656789],[6.13097937668315,51.45107976367266],[6.131023487435901,51.450966212188014],[6.131024343641132,51.45096402240461],[6.131275210865391,51.45031817278196],[6.132957833624815,51.45056573151947],[6.132701157664677,51.451213060221434],[6.132656185387899,51.451326474039675],[6.132515159996671,51.451682098610874],[6.131861333507717,51.451580924741315],[6.131079194460805,51.45144984146718],[6.130957243663939,51.45142731989609],[6.130851931198136,51.45140787419392]]]}},{"type":"Feature","id":"functioneel_gebied_vlak/129019728","properties":{"id":"functioneel_gebied_vlak/129019728","name":"De Pionier","kind":"camping, kampeerterrein","source":"PDOK TOP10NL","sourceUrl":"https://api.pdok.nl/kadaster/brt-top10nl/ogc/v1/collections/functioneel_gebied_vlak/items/c854634a-5d11-520d-9840-08b30cca8725","sourceDate":"2021-01-01"},"geometry":{"type":"Polygon","coordinates":[[[5.888107038551037,51.497665748982826],[5.8882844413587945,51.4973222439533],[5.888607811715146,51.496696085659494],[5.889193722512224,51.496823396507786],[5.889217065590025,51.49677581901936],[5.889833502738863,51.4969033874613],[5.889822312207108,51.4969606043205],[5.8896806477138695,51.49723001499377],[5.890179381839948,51.49733035634626],[5.890006632096669,51.49765496667817],[5.890599106413491,51.49778374728539],[5.89034992991716,51.49826182967971],[5.890323000165776,51.49831914141395],[5.889820150231014,51.49820745880745],[5.889495922648321,51.49815948011904],[5.889588327390748,51.49794430380859],[5.889167714212721,51.4978720312421],[5.888801610392469,51.49780912399902],[5.888613735158873,51.49777140554998],[5.888107038551037,51.497665748982826]]]}},{"type":"Feature","id":"functioneel_gebied_vlak/132317234","properties":{"id":"functioneel_gebied_vlak/132317234","name":"Hoeve Twente","kind":"camping, kampeerterrein","source":"PDOK TOP10NL","sourceUrl":"https://api.pdok.nl/kadaster/brt-top10nl/ogc/v1/collections/functioneel_gebied_vlak/items/89a7fc95-3252-556f-9275-f767e3966c81","sourceDate":"2024-01-01"},"geometry":{"type":"Polygon","coordinates":[[[5.875474443994585,51.27203854291794],[5.875483327056632,51.27194387063926],[5.875530719491143,51.27182790274663],[5.875717644065795,51.271601257125795],[5.875226929987824,51.271440669225484],[5.875284537655507,51.271367171525455],[5.875098116323294,51.271308017174775],[5.875066800331005,51.27135809523725],[5.874144958062773,51.27111523944583],[5.875262135434511,51.2702187975157],[5.876427040523268,51.270597479072975],[5.876511175513093,51.27062827851709],[5.878476267990857,51.27123527432496],[5.877399840338277,51.27274490462881],[5.876250453081714,51.27240261581015],[5.876044318416771,51.27242619190172],[5.875848199729865,51.272453654269626],[5.875694547287379,51.272480938025744],[5.875657851878462,51.27252437975002],[5.875562908228985,51.27258138524118],[5.875446056568059,51.27257521599434],[5.875397856469486,51.27253546039449],[5.875391908950144,51.272475548576374],[5.875422337357035,51.27234222863522],[5.875491781295923,51.27227273010147],[5.875474443994585,51.27203854291794]]]}},{"type":"Feature","id":"functioneel_gebied_vlak/129022441","properties":{"id":"functioneel_gebied_vlak/129022441","name":"De Kersengaard","kind":"camping, kampeerterrein","source":"PDOK TOP10NL","sourceUrl":"https://api.pdok.nl/kadaster/brt-top10nl/ogc/v1/collections/functioneel_gebied_vlak/items/85991789-c861-52ad-8090-d00e1d9467ad","sourceDate":"2022-01-01"},"geometry":{"type":"Polygon","coordinates":[[[5.761146113403565,50.783863892593],[5.761286125916067,50.78350486666486],[5.761851537603457,50.783565896543195],[5.761897518490986,50.783439950615005],[5.76210354954097,50.78347030064623],[5.762195385899869,50.78321594095474],[5.762241847243369,50.783077994788115],[5.763217018203295,50.783238691527735],[5.763156119347796,50.78337797836356],[5.763010531279098,50.78376149876139],[5.7630808417078185,50.78377271626497],[5.76271220522621,50.7845353461036],[5.762731705832673,50.78458315777668],[5.762606277459393,50.78455718297064],[5.762551680407685,50.784545872542665],[5.762352448275397,50.784504074042644],[5.7623412480120795,50.78451478028576],[5.762280989801044,50.78450301170233],[5.7622644304978206,50.78449977552311],[5.761992665374914,50.78444669707659],[5.761953922973244,50.78443912825125],[5.761734562945362,50.784396288348404],[5.761709823575388,50.78439146060513],[5.761689444116379,50.784387481659],[5.761632850280782,50.784376428960876],[5.7615712432504,50.784364394711666],[5.761516478266935,50.78435330007324],[5.761498838714533,50.78434972570544],[5.761013408624757,50.78424047313124],[5.761146113403565,50.783863892593]]]}},{"type":"Feature","id":"functioneel_gebied_vlak/132461289","properties":{"id":"functioneel_gebied_vlak/132461289","name":"Beesel aan de Maas","kind":"camping, kampeerterrein","source":"PDOK TOP10NL","sourceUrl":"https://api.pdok.nl/kadaster/brt-top10nl/ogc/v1/collections/functioneel_gebied_vlak/items/0490f1e3-aae1-577b-ad17-47c7ec876c16","sourceDate":"2024-01-01"},"geometry":{"type":"Polygon","coordinates":[[[6.021989167043983,51.25612076869585],[6.021981848811781,51.256116778189174],[6.021976750263272,51.25612378147494],[6.021974903438019,51.256125930934694],[6.021484271954537,51.25593839104274],[6.021205157512777,51.255831694093885],[6.021017795477218,51.255760075037124],[6.02101629428626,51.255761323698465],[6.020931017982257,51.25572312663433],[6.020499858932537,51.2554972711087],[6.020511807040515,51.25548905303797],[6.020702489338018,51.255379328754735],[6.020823611464832,51.25531228530191],[6.021195860597823,51.25511450360168],[6.021258863814916,51.25507428499792],[6.021437417242169,51.25496719645549],[6.021630017998221,51.25484426431503],[6.021993173172483,51.254598591285514],[6.022198569096668,51.25446060369538],[6.022420717754074,51.254301525946225],[6.022628279178911,51.25414841524633],[6.0227311774670405,51.25407850295245],[6.022995013823367,51.25420784210803],[6.022978435189607,51.25424154259765],[6.022891566539756,51.25441675455007],[6.022890150411461,51.25441980338046],[6.022888168343757,51.25442406994233],[6.0227697072991075,51.25467909024621],[6.022687955657016,51.254856701106156],[6.022499518896598,51.25526415906063],[6.022337919734258,51.25557212373072],[6.022237315648631,51.255742699919686],[6.022167792748598,51.25584583269056],[6.022109426161864,51.25594153354677],[6.021982848663632,51.25611540471973],[6.021989167043983,51.25612076869585]]]}},{"type":"Feature","id":"functioneel_gebied_vlak/129022456","properties":{"id":"functioneel_gebied_vlak/129022456","name":"'t Gasthoes","kind":"camping, kampeerterrein","source":"PDOK TOP10NL","sourceUrl":"https://api.pdok.nl/kadaster/brt-top10nl/ogc/v1/collections/functioneel_gebied_vlak/items/82038d99-101d-5790-9a9c-5edf31a18c93","sourceDate":"2023-01-01"},"geometry":{"type":"Polygon","coordinates":[[[5.779438250713178,50.84481405188203],[5.778772490138842,50.84488608971047],[5.778821007562106,50.84567552461766],[5.778616157195607,50.845661953410016],[5.778260029819464,50.84562012044259],[5.778174810176648,50.84470383472038],[5.778169186034273,50.84464334028233],[5.77931762371014,50.844501484262615],[5.779410842316674,50.844489969307794],[5.779506138543751,50.8444738853353],[5.779500875321588,50.844467137358734],[5.779705036865682,50.84444031447097],[5.779939846944392,50.84440946444479],[5.7802224818720065,50.84438462826226],[5.780224375656802,50.84439867151374],[5.780260506026453,50.84439543106677],[5.780283706762685,50.844649999479934],[5.780419697477954,50.84464953649228],[5.780537051221926,50.84545768487681],[5.780105109945902,50.845473170187404],[5.779495801047309,50.845494525749906],[5.779438250713178,50.84481405188203]]]}},{"type":"Feature","id":"functioneel_gebied_vlak/132538512","properties":{"id":"functioneel_gebied_vlak/132538512","name":"","kind":"camping, kampeerterrein","source":"PDOK TOP10NL","sourceUrl":"https://api.pdok.nl/kadaster/brt-top10nl/ogc/v1/collections/functioneel_gebied_vlak/items/927649a0-77de-5c1a-9837-8f79968d2211","sourceDate":"2024-01-01"},"geometry":{"type":"Polygon","coordinates":[[[5.786025189920367,51.28973375804408],[5.786113279883352,51.289629596038544],[5.786165207870529,51.28963096796716],[5.786481025475974,51.289276448270286],[5.7866223010083315,51.28931781778999],[5.786573413812124,51.28938154219408],[5.786637810195761,51.28939527240724],[5.7865889229388054,51.28945899681792],[5.787183123531198,51.289559265034605],[5.787049569892359,51.28983565237989],[5.786581525364975,51.2897442505373],[5.786542620964525,51.28981879193346],[5.786025189920367,51.28973375804408]]]}},{"type":"Feature","id":"functioneel_gebied_vlak/131216950","properties":{"id":"functioneel_gebied_vlak/131216950","name":"Geulhof","kind":"camping, kampeerterrein","source":"PDOK TOP10NL","sourceUrl":"https://api.pdok.nl/kadaster/brt-top10nl/ogc/v1/collections/functioneel_gebied_vlak/items/fe1adff3-fb9d-5bae-aab5-4ae7f6ef66dc","sourceDate":"2024-01-01"},"geometry":{"type":"Polygon","coordinates":[[[5.920251212726983,50.79287160188422],[5.919963747495665,50.792932354298415],[5.919916395023212,50.7929460381716],[5.919768641266622,50.7929937048339],[5.919720056847024,50.79301250901177],[5.919632663508021,50.79305667011388],[5.919565045124164,50.79308275313025],[5.919420374541485,50.79302706839208],[5.919295662981208,50.79298540419261],[5.919000556376136,50.79287447405312],[5.91892503854991,50.79284978767934],[5.918690015566143,50.792772953713964],[5.918616649521703,50.792750378622245],[5.918621083930822,50.79274502777388],[5.918533312804115,50.792721530148015],[5.918505622766939,50.79271719906113],[5.9184904115835195,50.79275737768328],[5.918106233536151,50.79276066399676],[5.918106038386553,50.7927391802172],[5.918105875038584,50.79272133006814],[5.918251499267481,50.79272066036079],[5.918251485993929,50.79271988737349],[5.918251057129864,50.79264147887081],[5.91825099084706,50.79262328557244],[5.918334037411259,50.79262308334847],[5.918355405744584,50.79262314684828],[5.918356743033561,50.79260887076276],[5.918591004417741,50.79261920877206],[5.918581159072999,50.79241471818404],[5.918593392601946,50.792303355837994],[5.9187765912527635,50.7923110744861],[5.918778732457806,50.792221098877675],[5.919156296534842,50.7922145727566],[5.91915940419873,50.7922022037098],[5.919266571594074,50.79219862107724],[5.919270819161527,50.7925692557252],[5.919862326197074,50.79258917967035],[5.919845437816491,50.792310622501],[5.920472752979986,50.7923577546912],[5.9204535126214495,50.792387144096516],[5.920334582706397,50.79269575301065],[5.920251212726983,50.79287160188422]]]}},{"type":"Feature","id":"functioneel_gebied_multivlak/129020228","properties":{"id":"functioneel_gebied_multivlak/129020228","name":"De Maashoeve","kind":"camping, kampeerterrein","source":"PDOK TOP10NL","sourceUrl":"https://api.pdok.nl/kadaster/brt-top10nl/ogc/v1/collections/functioneel_gebied_multivlak/items/633709b8-5c39-5c1c-9191-b38162bf4f7b","sourceDate":"2018-01-01"},"geometry":{"type":"MultiPolygon","coordinates":[[[[5.820336845665793,51.115559731275845],[5.820752108208396,51.11582543762922],[5.819595199489083,51.11662544153606],[5.819507674019311,51.11655626568022],[5.819227399328172,51.11632690671667],[5.818826162264235,51.11598787440145],[5.8198660396321475,51.11526880105963],[5.820336845665793,51.115559731275845]]],[[[5.818524783119565,51.11615818385679],[5.8187931244853335,51.116015455517115],[5.819416549225644,51.11652657670406],[5.819414824069185,51.11656635330009],[5.819619188363798,51.11670125085336],[5.819157564438603,51.11688903455327],[5.818652639622475,51.11709443046241],[5.8180189664680935,51.11735223103692],[5.817950651604361,51.11721610542901],[5.817950593215347,51.117215970812616],[5.817966001597643,51.11720971128164],[5.817956950868902,51.11714462945494],[5.817917088174015,51.11700421836483],[5.817868649468602,51.11684779394857],[5.8179690389479335,51.11680407690474],[5.8182345133345725,51.11668930974964],[5.818068762284785,51.116581240882034],[5.818634204396205,51.116268924501355],[5.818524783119565,51.11615818385679]]]]}},{"type":"Feature","id":"functioneel_gebied_multivlak/131597605","properties":{"id":"functioneel_gebied_multivlak/131597605","name":"Den Aenstoot","kind":"camping, kampeerterrein","source":"PDOK TOP10NL","sourceUrl":"https://api.pdok.nl/kadaster/brt-top10nl/ogc/v1/collections/functioneel_gebied_multivlak/items/58920162-c9b6-552e-a3dc-01c9ad4c807d","sourceDate":"2020-01-01"},"geometry":{"type":"MultiPolygon","coordinates":[[[[6.06240838213698,51.30969139887043],[6.062196945486442,51.30966676344693],[6.061612480519678,51.30966708500206],[6.06158992579128,51.30965481081866],[6.061525543184822,51.30965572304542],[6.061148971933413,51.309661229261756],[6.060768113984742,51.30966684894797],[6.0606631404396465,51.309657837935426],[6.06065909472146,51.309657753468],[6.060670754074753,51.30965283196882],[6.061650798786075,51.30900857145416],[6.061668269441596,51.3089970542197],[6.061890022609932,51.30864122521404],[6.062075119805757,51.30837900398166],[6.062486623383753,51.30802530984211],[6.063532073852295,51.30854828952442],[6.063644141930218,51.30859977471405],[6.063734431358305,51.30863520613667],[6.06384568327031,51.30867124377818],[6.063962024372407,51.30870131000172],[6.0642034061535135,51.3087600431672],[6.064324146892756,51.308795665620146],[6.064462162641891,51.308847268794324],[6.064586872226638,51.30890002789996],[6.064707461040144,51.308956325551904],[6.064842922421661,51.30902808750048],[6.06494832676535,51.30909426230371],[6.065316886638607,51.30935832574811],[6.064183339939231,51.309516449699416],[6.064065630059035,51.309577180585876],[6.063864802937629,51.30956977236762],[6.06240838213698,51.30969139887043]]],[[[6.06311832640049,51.307811769089845],[6.063637702839913,51.30801424143622],[6.0646380876054025,51.30838022838418],[6.064309903370055,51.30871707668763],[6.064297337068615,51.308729473690626],[6.063975635924419,51.30865197114181],[6.063894713698916,51.30863122743132],[6.063783039609232,51.308595731630305],[6.063687136136809,51.30855889462316],[6.063581994105666,51.308510245721585],[6.062499078110094,51.3079684360943],[6.062886309439663,51.3076749458086],[6.06311832640049,51.307811769089845]]]]}},{"type":"Feature","id":"functioneel_gebied_multivlak/129019099","properties":{"id":"functioneel_gebied_multivlak/129019099","name":"Landgoed Aerwinkel","kind":"bungalowpark","source":"PDOK TOP10NL","sourceUrl":"https://api.pdok.nl/kadaster/brt-top10nl/ogc/v1/collections/functioneel_gebied_multivlak/items/846f5cc8-9c02-5ba7-9b68-e6e5e4bf1eca","sourceDate":"2019-01-01"},"geometry":{"type":"MultiPolygon","coordinates":[[[[6.013996882005303,51.120639229120215],[6.013870761601861,51.12069895685128],[6.0136373603776,51.12078357608673],[6.013376389836839,51.12087008074155],[6.0132610916568465,51.12091411919893],[6.013184683831321,51.12097705110638],[6.013102780280418,51.12104174916962],[6.013053822433075,51.121094112419485],[6.01302116017037,51.12112728499083],[6.012961141945672,51.12117797184349],[6.012832447744883,51.12125160540075],[6.012708847017112,51.12129395150037],[6.01264547842756,51.121301239307094],[6.012604490133226,51.121330983502794],[6.012582983000557,51.12137277921963],[6.012578102521057,51.12141969502866],[6.012589682493226,51.12145957587126],[6.012601428739522,51.121511611773286],[6.012591099919453,51.121563767202154],[6.012569805279382,51.12162119198144],[6.012521554854544,51.12172565095619],[6.012444037899551,51.121910154089115],[6.012394066843911,51.12209103564187],[6.012376003231389,51.12218317540445],[6.012310676143044,51.12224952016245],[6.012253509328423,51.12230713754353],[6.012165682338215,51.12234234354551],[6.0120750251889294,51.12237235502443],[6.012020310305739,51.12240738261632],[6.011993330025058,51.12245268138039],[6.011991255257213,51.122503055186876],[6.012002858599103,51.12254467252603],[6.01200599635879,51.12257244236005],[6.012012104878072,51.12261582584741],[6.011993544657426,51.12267149866779],[6.011952767127588,51.122716871141556],[6.011892674861779,51.12276234757331],[6.011840695020958,51.12279562379086],[6.011766333570692,51.122806443972486],[6.011713905346847,51.122806726123756],[6.011611643022453,51.12279511987997],[6.0114568346381,51.1227751128282],[6.011371152338889,51.12276515374906],[6.011260753038108,51.12276401091313],[6.011111888514732,51.122775231294604],[6.010954863119389,51.122795178174314],[6.010805973970284,51.122804661730406],[6.010745268022025,51.12280498792518],[6.010629326610039,51.12280213770177],[6.0104280091295195,51.122811902411065],[6.010268129923863,51.12282491742683],[6.010155183947357,51.12283941685847],[6.010047661381554,51.122846940812515],[6.009733162215295,51.122853838024774],[6.009661371301411,51.12285074998621],[6.009570100223057,51.12283560929864],[6.009538983399549,51.12281202663994],[6.009540190427962,51.12275347472774],[6.009506903481961,51.122535687653404],[6.009503533387017,51.12251359275416],[6.009436866914062,51.12207743478609],[6.00941461306954,51.12193179726586],[6.009320991791043,51.12131909571972],[6.009310836292001,51.121252595512125],[6.009271250357854,51.12114487495817],[6.009238411748677,51.12108308073136],[6.0091686293301505,51.12101993502509],[6.009091692873953,51.120973869660006],[6.008992959416576,51.12095425828207],[6.008909184106008,51.12094851032864],[6.008817981269082,51.1209397031393],[6.008736772611391,51.12094168759447],[6.0086577902669855,51.120950600711566],[6.008641184802149,51.12084828006547],[6.008545246849975,51.12086294810529],[6.008496619026623,51.12056485359092],[6.0085192531517055,51.12056187839747],[6.008506662598983,51.12047283716587],[6.008489619048582,51.120348697455],[6.008455232263552,51.1200982364238],[6.0088265746233045,51.12007046566487],[6.009242614566313,51.120045709840376],[6.0092446072999195,51.12005575786405],[6.0092768974898245,51.120050227321805],[6.009624380361167,51.119990744508605],[6.009632032789358,51.11998945399096],[6.009912534456251,51.119942033253885],[6.0099000238152644,51.11991153774169],[6.010190677470169,51.11986078086467],[6.0105002532941985,51.11980672153684],[6.0108161077605535,51.11975018262907],[6.010852867628326,51.11974356692413],[6.011116142631862,51.119696226860256],[6.01119311043323,51.11968239242161],[6.0114903378756805,51.11963001486757],[6.011755002267122,51.11958306139332],[6.011982072728396,51.119540219945065],[6.012277310751949,51.11948767130152],[6.012278179856272,51.11948751380687],[6.012549622591772,51.119439191630455],[6.012844944637548,51.119386614119705],[6.013077047127597,51.11934529849383],[6.013389126284287,51.119289923522864],[6.013437737508687,51.11928207447382],[6.01366461782417,51.11924541519435],[6.013725257332757,51.119234597637885],[6.01419536747556,51.11915060011184],[6.014624844003418,51.11907303178958],[6.014877665242942,51.11902737569416],[6.015081545786764,51.11921328921947],[6.015089881386524,51.11923275927178],[6.015163935573876,51.11940624208653],[6.015244531010597,51.11959534831966],[6.0152990555906705,51.11972342535563],[6.01533495644337,51.11981229308388],[6.01527151825261,51.11981437301125],[6.015188908969602,51.11982697660581],[6.015103848014979,51.119862169882396],[6.015043714258876,51.11990417505918],[6.0149483992772375,51.11999673373029],[6.014806792423315,51.12013469507696],[6.01471442519549,51.12024113069638],[6.014684831944353,51.120296863620275],[6.014652811340437,51.12037692270093],[6.014631140610473,51.12040656316862],[6.014573457631072,51.1204259783733],[6.014485255993346,51.12043340143865],[6.014322650809413,51.12044817392702],[6.014242916761609,51.12046944469538],[6.014158067034004,51.12052026578248],[6.014059895175776,51.12060589232617],[6.013996882005303,51.120639229120215]]],[[[6.013125577803593,51.11808629597715],[6.013437214017116,51.11809759476795],[6.01377195637425,51.118109738778074],[6.01398478197952,51.11811745261126],[6.013997649813778,51.11815303354337],[6.014127679268931,51.11829572390763],[6.014160695866354,51.11832683629401],[6.01435056325275,51.11850570749729],[6.0143908286768495,51.11854363926212],[6.014471164210733,51.11862192185133],[6.014506309284584,51.11865616879072],[6.014708886884179,51.11885358695749],[6.014746608891071,51.11889034580374],[6.014787322282068,51.1189066384489],[6.014813992376792,51.11891639111646],[6.013822888697768,51.11909592729943],[6.013561696757671,51.11914370273785],[6.012947610967136,51.1185368143894],[6.012714089998144,51.11829407555601],[6.0124921174407735,51.118063319311375],[6.013125577803593,51.11808629597715]]]]}},{"type":"Feature","id":"functioneel_gebied_multivlak/130482566","properties":{"id":"functioneel_gebied_multivlak/130482566","name":"In den Hof","kind":"camping, kampeerterrein","source":"PDOK TOP10NL","sourceUrl":"https://api.pdok.nl/kadaster/brt-top10nl/ogc/v1/collections/functioneel_gebied_multivlak/items/d0dd3ef7-9ff6-53bc-aee5-859aab26382d","sourceDate":"2023-01-01"},"geometry":{"type":"MultiPolygon","coordinates":[[[[5.9736852510336025,50.90479295984391],[5.9737468389328985,50.90500625468157],[5.971277254847702,50.905032616463146],[5.971399133007105,50.90455187764215],[5.971429075162149,50.90428298959222],[5.971433186153219,50.90420662476636],[5.971442534459849,50.90420615508157],[5.971442932260139,50.90420613509496],[5.9714458503928345,50.90419630430992],[5.971446423344539,50.90419551936902],[5.971467116896829,50.90417259166662],[5.971467789241165,50.90417179723476],[5.9714905486332714,50.9041447241306],[5.97155008690437,50.90415606431278],[5.9715611167462646,50.90415816598643],[5.971645341708225,50.90417459510257],[5.9717065327502645,50.90419297427818],[5.971698903473035,50.90419335439966],[5.972046017766034,50.90432931290629],[5.97242278776388,50.904460661823336],[5.97272422615051,50.90454020024985],[5.972971523326586,50.90459675728384],[5.973163399405956,50.90463595791442],[5.973583701438926,50.90471383760842],[5.973604111588236,50.90471761969927],[5.973612065197183,50.904778581392385],[5.973679736496585,50.90477386300915],[5.9736852510336025,50.90479295984391]]],[[[5.97269512746369,50.90413793206305],[5.97236659230137,50.90403542141256],[5.9721875221174585,50.90397353825631],[5.972103664927081,50.90394542190046],[5.971965287389647,50.903889040756596],[5.971878992643397,50.90384666642686],[5.971842543612486,50.90381973678135],[5.971941244871771,50.90359377000639],[5.973066371576582,50.90351387367943],[5.973092349821887,50.903554532247156],[5.9731815685389,50.90352185245336],[5.973303430487541,50.90369961246579],[5.973421556509171,50.903938752838926],[5.973438022009324,50.903991468904366],[5.973411068614624,50.90400159454481],[5.9734258017162905,50.90409570276665],[5.973389532364028,50.904083043388795],[5.973337592900813,50.904080452466864],[5.97269512746369,50.90413793206305]]]]}},{"type":"Feature","id":"functioneel_gebied_multivlak/131216932","properties":{"id":"functioneel_gebied_multivlak/131216932","name":"Resort Maastricht","kind":"bungalowpark","source":"PDOK TOP10NL","sourceUrl":"https://api.pdok.nl/kadaster/brt-top10nl/ogc/v1/collections/functioneel_gebied_multivlak/items/8010c77a-40bd-50b6-9e76-dc6e221f8f78","sourceDate":"2023-01-01"},"geometry":{"type":"MultiPolygon","coordinates":[[[[5.646806054082126,50.85535850856283],[5.646566334875959,50.85549223183493],[5.646334074146941,50.85561642485382],[5.646172909774012,50.855688135083604],[5.646026626667279,50.85573365077789],[5.645816469539473,50.85577930857911],[5.645644005283466,50.85584628709788],[5.645531510507715,50.85588696984964],[5.64540804961509,50.855982377668994],[5.645389435148773,50.85601333759692],[5.645238770885327,50.85594708088191],[5.645182224503428,50.855913911108466],[5.645034787915434,50.85575251426497],[5.64491358693325,50.85557916761345],[5.644664983509615,50.855467940714796],[5.644616098146367,50.85543563901542],[5.6446024922108,50.855294463023064],[5.644569942324311,50.85525542036593],[5.644656251518407,50.855249155707234],[5.644659426388219,50.855144502936795],[5.644100969551189,50.85403982981189],[5.643817611582701,50.85375743964927],[5.643623295879274,50.85327031681214],[5.643722470751205,50.8528610271332],[5.643838136347128,50.85271569340498],[5.64409946830896,50.85241544591569],[5.644530113847175,50.85216000939883],[5.6451078218040545,50.85200175359148],[5.645675090615175,50.851993352130876],[5.645911995582977,50.85203087565776],[5.646280555507098,50.85209664294091],[5.646551687738558,50.85220781580631],[5.64684163252201,50.85232370260336],[5.646812270479405,50.85244744087259],[5.646779296457518,50.85259734824693],[5.647001204164163,50.85263966001465],[5.647546526651924,50.852735944395924],[5.647674495003139,50.85277608707857],[5.647953040932249,50.852868213890325],[5.648167946076118,50.853000914517715],[5.648395532011194,50.85338330894622],[5.648281132876595,50.85349162819901],[5.6482450322653035,50.85348600175743],[5.64814123903442,50.853469112192066],[5.648080627121252,50.85345565157836],[5.648071268037032,50.853453573226275],[5.647992142425237,50.85341379612831],[5.6479379514635575,50.85339822149488],[5.647908710229392,50.85340970329576],[5.647805077974757,50.85342135275443],[5.647640516050361,50.85342172348027],[5.647627191130247,50.853457428098466],[5.647555478860267,50.85353322030544],[5.647512856226276,50.853570417850555],[5.647470145260853,50.8535919187502],[5.647384651019568,50.85362207780526],[5.647337455438976,50.85364786969864],[5.647276862382054,50.853696523453834],[5.6472275406417145,50.85374515183402],[5.6472006975837505,50.853782313781785],[5.64718282356155,50.85381089365392],[5.647173942649278,50.853835172915296],[5.647133508730322,50.85386094952431],[5.647050276080737,50.853892530232024],[5.646989586292514,50.853924060240566],[5.646783689027574,50.8540504871111],[5.647029013664728,50.85424733643786],[5.647111939505369,50.85429471586496],[5.647229000064054,50.85439909842445],[5.647270783922861,50.854479867291],[5.647538321811903,50.854617207531476],[5.64737250697318,50.854735701852995],[5.647347675834231,50.85475712764811],[5.6476129689459444,50.854863825188794],[5.647334729646125,50.85509562287193],[5.647044244127363,50.855288443531194],[5.646993693544901,50.85525431902464],[5.646806054082126,50.85535850856283]]],[[[5.651343248663107,50.85583181203685],[5.650845261349725,50.85593193841666],[5.650872340456754,50.855738638798435],[5.650894807114578,50.85556021448978],[5.65088409314016,50.855328353349556],[5.650864341173451,50.855158943394464],[5.650765323701517,50.85509079294232],[5.650454791195083,50.8549933944904],[5.650403027895779,50.854975675003516],[5.649896354583534,50.855074932794984],[5.649550284491635,50.85437494818206],[5.649709864554395,50.85435674874618],[5.6498413498728,50.85435347769603],[5.650052573999237,50.85433218741514],[5.650207407139566,50.85430507942763],[5.650427854491734,50.8542540384512],[5.650652931340321,50.854191095343374],[5.650868614040287,50.85412817321534],[5.650999776704273,50.85406841602525],[5.651116849652032,50.85400869140316],[5.651158761778726,50.853946165169205],[5.651209998565379,50.85387172590682],[5.651251928287342,50.85381217210877],[5.651289211171438,50.853761548122876],[5.6513781043931095,50.85370188702168],[5.651495243824417,50.85365405302655],[5.651593647982742,50.85361518040186],[5.651706175203533,50.85358222153489],[5.651785997889921,50.85357906586096],[5.651856478137363,50.85358485072882],[5.652085693838876,50.853655318417196],[5.65219880921248,50.85372498151673],[5.652481453799314,50.853874167444445],[5.65278475005541,50.85408609202509],[5.652988645308021,50.85426114327242],[5.653335746707088,50.85464135049768],[5.653767029028274,50.85515407283732],[5.653853450877535,50.85528515676741],[5.653542609544,50.855363881388186],[5.653326924740015,50.8554268090689],[5.653354372805069,50.85547918759391],[5.652217219398853,50.85571011663705],[5.652192257149395,50.85566881094301],[5.651343248663107,50.85583181203685]]]]}},{"type":"Feature","id":"functioneel_gebied_multivlak/130482529","properties":{"id":"functioneel_gebied_multivlak/130482529","name":"Resort Mooi Bemelen","kind":"bungalowpark","source":"PDOK TOP10NL","sourceUrl":"https://api.pdok.nl/kadaster/brt-top10nl/ogc/v1/collections/functioneel_gebied_multivlak/items/d728a4a1-8e73-5b37-b9b9-72522d48580b","sourceDate":"2024-01-01"},"geometry":{"type":"MultiPolygon","coordinates":[[[[5.785292947050919,50.84597543366913],[5.7847349274097635,50.845993086593744],[5.784192968575535,50.84601939188641],[5.78401122705145,50.84602706384725],[5.783664278719241,50.84604171193223],[5.783551589194046,50.84604351002256],[5.783448865969398,50.84604189396808],[5.783324370239774,50.84603782661976],[5.783184511782285,50.84602707011975],[5.782972659780809,50.846001953197025],[5.78254468461644,50.845945269769175],[5.782368607594231,50.84592789457334],[5.782013225021141,50.845904111921534],[5.7815291713804156,50.84587935636196],[5.781528525303204,50.84421303568314],[5.781842379518229,50.844154946744354],[5.7821979179182375,50.844095303116106],[5.782462626004672,50.84404973137733],[5.782713227579953,50.844014886196284],[5.782974785422907,50.843991230095696],[5.78325303467332,50.843972019612295],[5.783553139754061,50.84396846407374],[5.783750500597793,50.843985198069014],[5.783870565019841,50.84397643499331],[5.784143611434059,50.84395651213432],[5.7841545074292275,50.84395571736291],[5.784228328470035,50.8444343449077],[5.785610978635957,50.844348107296106],[5.785637874452492,50.844964400642446],[5.785786001925883,50.84495798374001],[5.7858389475849314,50.84592889316131],[5.785854506359408,50.845958332134046],[5.785844513313897,50.84595696435766],[5.785770379252236,50.84595300443884],[5.785292947050919,50.84597543366913]]],[[[5.7825301156677265,50.84734966700067],[5.78269610030232,50.846489552395205],[5.782818195461169,50.84602636774685],[5.782965930257669,50.8460452309935],[5.783176469281704,50.84607119739037],[5.783322307502011,50.84608221204537],[5.783446138515401,50.84608656932266],[5.783547096651875,50.8460893060651],[5.7836648737447565,50.84608637588552],[5.784198677681122,50.84606431691317],[5.784742184588407,50.84603800626498],[5.785299980073055,50.84602064172444],[5.785384571395341,50.846017194964865],[5.785803724065005,50.84600011719124],[5.785321784792342,50.84712768824513],[5.78522191074039,50.847167143356344],[5.784881304065546,50.84722020989781],[5.784873420262355,50.847221441563605],[5.784869591791063,50.84722203902783],[5.784852136692348,50.847224750869174],[5.78420329713864,50.84728157305781],[5.783702798764634,50.84731805279022],[5.783638916803771,50.847322712642026],[5.783354980926059,50.847343408739874],[5.783225216066204,50.84735286971966],[5.7825301156677265,50.84734966700067]]]]}}]}